policy_id,premium,claim_amount,fraud_flag,region,insurance_type
AUTO-000000,28236.11,4708.87,0,Punjab,auto
AUTO-000001,20555.17,6346.13,1,Balochistan,auto
AUTO-000002,30450.09,5024.57,0,GB,auto
AUTO-000003,47170.07,8851.43,0,Sindh,auto
AUTO-000004,19592.92,21115.08,0,Sindh,auto
AUTO-000005,19593.08,4372.83,0,KPK,auto
AUTO-000006,48513.94,18045.59,0,GB,auto
AUTO-000007,32328.92,4335.8,0,KPK,auto
AUTO-000008,17418.06,4112.96,0,Punjab,auto
AUTO-000009,28890.84,15597.65,0,GB,auto
AUTO-000010,17470.89,16941.97,0,AJK,auto
AUTO-000011,17450.7,16012.55,0,AJK,auto
AUTO-000012,24859.15,2828.1,0,GB,auto
AUTO-000013,8462.16,5581.65,0,AJK,auto
AUTO-000014,9297.87,15652.58,0,Punjab,auto
AUTO-000015,16628.22,8376.9,0,Balochistan,auto
AUTO-000016,13274.29,3432.51,0,AJK,auto
AUTO-000017,25774.06,11691.93,0,AJK,auto
AUTO-000018,13988.46,4574.05,0,GB,auto
AUTO-000019,10870.94,34051.18,1,Sindh,auto
AUTO-000020,45835.97,27885.81,0,Sindh,auto
AUTO-000021,19675.15,13138.18,0,Balochistan,auto
AUTO-000022,22782.87,24072.02,0,GB,auto
AUTO-000023,10803.51,8534.17,0,KPK,auto
AUTO-000024,16777.75,14948.26,1,Punjab,auto
AUTO-000025,23282.59,26427.92,0,AJK,auto
AUTO-000026,12388.24,9861.55,0,GB,auto
AUTO-000027,26578.26,6606.77,0,GB,auto
AUTO-000028,16312.4,2072.07,0,Punjab,auto
AUTO-000029,19037.25,7581.7,0,Sindh,auto
AUTO-000030,16303.69,15658.02,0,Punjab,auto
AUTO-000031,55611.16,17266.21,0,Sindh,auto
AUTO-000032,21878.32,12130.67,0,Punjab,auto
AUTO-000033,12979.73,5255.13,0,Sindh,auto
AUTO-000034,33232.13,1666.6,0,Punjab,auto
AUTO-000035,11963.05,5452.49,0,AJK,auto
AUTO-000036,24451.13,6351.99,0,AJK,auto
AUTO-000037,8268.14,6308.52,0,Balochistan,auto
AUTO-000038,11337.91,13291.04,0,Punjab,auto
AUTO-000039,24304.84,39677.56,0,KPK,auto
AUTO-000040,31864.04,8944.76,0,Balochistan,auto
AUTO-000041,23997.0,6813.18,0,Punjab,auto
AUTO-000042,20788.93,6585.48,0,KPK,auto
AUTO-000043,18947.9,8950.89,0,AJK,auto
AUTO-000044,10516.9,4177.07,0,AJK,auto
AUTO-000045,15368.54,8920.96,0,GB,auto
AUTO-000046,17495.18,11621.94,0,AJK,auto
AUTO-000047,37367.67,9583.03,0,GB,auto
AUTO-000048,26155.35,11684.68,0,KPK,auto
AUTO-000049,9122.32,11464.36,0,Sindh,auto
AUTO-000050,25901.13,1963.5,0,Punjab,auto
AUTO-000051,18168.76,13487.2,0,Balochistan,auto
AUTO-000052,15701.93,4737.14,0,GB,auto
AUTO-000053,29906.71,3372.23,0,Balochistan,auto
AUTO-000054,36882.77,3349.07,0,AJK,auto
AUTO-000055,35088.9,11462.47,0,Sindh,auto
AUTO-000056,14478.08,6781.41,0,GB,auto
AUTO-000057,18871.23,2109.96,0,Punjab,auto
AUTO-000058,25994.28,11877.85,0,GB,auto
AUTO-000059,35874.16,2561.41,0,Punjab,auto
AUTO-000060,17333.79,9062.11,0,Balochistan,auto
AUTO-000061,20073.79,9806.48,0,Balochistan,auto
AUTO-000062,12667.98,16456.27,0,Balochistan,auto
AUTO-000063,12111.33,33703.19,0,Punjab,auto
AUTO-000064,33066.07,2719.65,0,GB,auto
AUTO-000065,43395.89,7769.96,0,Balochistan,auto
AUTO-000066,21247.51,6495.93,0,Punjab,auto
AUTO-000067,36379.71,11464.38,0,AJK,auto
AUTO-000068,26392.05,9629.0,0,GB,auto
AUTO-000069,15953.61,6111.72,0,GB,auto
AUTO-000070,26388.88,5694.63,1,GB,auto
AUTO-000071,47525.34,3317.08,0,Sindh,auto
AUTO-000072,21635.42,17859.47,0,Balochistan,auto
AUTO-000073,48161.82,11700.22,0,Punjab,auto
AUTO-000074,5943.94,16885.57,0,AJK,auto
AUTO-000075,33221.46,6321.32,1,KPK,auto
AUTO-000076,23006.3,4791.18,0,AJK,auto
AUTO-000077,18967.77,3419.84,0,Sindh,auto
AUTO-000078,23060.59,10798.19,0,AJK,auto
AUTO-000079,8153.61,3526.87,0,Balochistan,auto
AUTO-000080,19735.3,35558.36,0,Balochistan,auto
AUTO-000081,26332.42,2846.62,0,KPK,auto
AUTO-000082,46117.47,10086.25,0,GB,auto
AUTO-000083,16998.24,28381.24,0,Punjab,auto
AUTO-000084,14702.21,13085.65,0,AJK,auto
AUTO-000085,17139.17,9325.79,0,KPK,auto
AUTO-000086,34811.43,3733.92,0,Balochistan,auto
AUTO-000087,25961.65,2682.72,0,GB,auto
AUTO-000088,16900.86,15003.52,0,Punjab,auto
AUTO-000089,28470.78,27035.82,0,Punjab,auto
AUTO-000090,23121.98,5703.98,0,Sindh,auto
AUTO-000091,35750.61,3257.62,0,GB,auto
AUTO-000092,15505.86,1133.95,0,Balochistan,auto
AUTO-000093,18697.95,3697.41,0,Punjab,auto
AUTO-000094,18105.05,7398.81,0,Sindh,auto
AUTO-000095,10596.11,29123.44,0,Sindh,auto
AUTO-000096,25541.51,13884.2,0,Balochistan,auto
AUTO-000097,25097.6,10343.03,0,Punjab,auto
AUTO-000098,22082.85,5883.48,0,GB,auto
AUTO-000099,19588.67,5082.04,0,Punjab,auto
AUTO-000100,10854.28,24947.23,0,AJK,auto
AUTO-000101,17848.55,9514.68,0,Punjab,auto
AUTO-000102,18557.75,1507.07,0,Sindh,auto
AUTO-000103,14747.98,4727.58,0,KPK,auto
AUTO-000104,20319.92,4078.27,0,Balochistan,auto
AUTO-000105,26957.73,5234.3,0,KPK,auto
AUTO-000106,56562.02,12712.34,0,Punjab,auto
AUTO-000107,24035.54,7435.67,0,GB,auto
AUTO-000108,25053.66,7619.82,0,GB,auto
AUTO-000109,21221.65,23173.82,0,Sindh,auto
AUTO-000110,8438.96,4641.68,0,KPK,auto
AUTO-000111,21736.39,36003.07,0,Balochistan,auto
AUTO-000112,22699.88,4736.03,0,AJK,auto
AUTO-000113,75479.85,8702.44,0,KPK,auto
AUTO-000114,20006.64,6470.68,0,GB,auto
AUTO-000115,25610.91,8943.97,0,AJK,auto
AUTO-000116,21647.48,11564.25,0,GB,auto
AUTO-000117,12279.19,11465.16,0,Punjab,auto
AUTO-000118,39003.68,4435.99,0,Punjab,auto
AUTO-000119,32079.31,3299.97,0,Balochistan,auto
AUTO-000120,32712.61,60026.26,0,AJK,auto
AUTO-000121,13978.93,5501.7,0,AJK,auto
AUTO-000122,44417.87,14176.91,0,Balochistan,auto
AUTO-000123,10927.9,2239.23,0,GB,auto
AUTO-000124,29537.87,6478.92,0,KPK,auto
AUTO-000125,65856.13,7319.08,0,Balochistan,auto
AUTO-000126,13423.09,11828.32,0,Punjab,auto
AUTO-000127,16594.91,917.85,0,AJK,auto
AUTO-000128,23151.75,9254.94,1,Sindh,auto
AUTO-000129,17124.44,3229.9,0,GB,auto
AUTO-000130,10144.31,10503.63,0,Sindh,auto
AUTO-000131,22794.66,3536.65,0,Punjab,auto
AUTO-000132,12949.96,4087.19,0,AJK,auto
AUTO-000133,27911.56,6510.02,0,AJK,auto
AUTO-000134,13908.95,3491.67,0,Balochistan,auto
AUTO-000135,47808.91,5539.02,0,KPK,auto
AUTO-000136,14888.93,3119.1,0,Balochistan,auto
AUTO-000137,18750.38,1869.57,0,Sindh,auto
AUTO-000138,33082.46,18294.68,0,AJK,auto
AUTO-000139,11903.26,2873.14,0,KPK,auto
AUTO-000140,24679.54,7023.77,0,Balochistan,auto
AUTO-000141,42343.55,14798.97,0,KPK,auto
AUTO-000142,9860.17,4954.47,1,GB,auto
AUTO-000143,24156.7,4187.53,0,GB,auto
AUTO-000144,25082.89,9710.77,0,Sindh,auto
AUTO-000145,32562.33,19818.02,0,KPK,auto
AUTO-000146,11867.09,3179.72,0,GB,auto
AUTO-000147,11381.81,7185.94,0,AJK,auto
AUTO-000148,28594.53,2026.38,0,GB,auto
AUTO-000149,25552.55,5916.14,0,KPK,auto
AUTO-000150,24965.41,8327.88,0,KPK,auto
AUTO-000151,26192.39,4090.0,0,Balochistan,auto
AUTO-000152,15677.59,5621.8,0,KPK,auto
AUTO-000153,24738.77,2626.53,0,KPK,auto
AUTO-000154,25502.61,8618.47,0,Sindh,auto
AUTO-000155,15410.81,18855.41,0,KPK,auto
AUTO-000156,55987.7,3368.71,0,Balochistan,auto
AUTO-000157,27914.92,4923.93,0,Balochistan,auto
AUTO-000158,12141.06,12113.03,0,AJK,auto
AUTO-000159,30585.36,21368.49,0,GB,auto
AUTO-000160,13529.92,2453.94,0,Sindh,auto
AUTO-000161,32648.11,7079.6,0,Punjab,auto
AUTO-000162,39312.5,10162.96,0,AJK,auto
AUTO-000163,14612.88,7467.79,0,KPK,auto
AUTO-000164,35656.55,1117.18,0,GB,auto
AUTO-000165,27075.66,12098.93,0,Sindh,auto
AUTO-000166,33224.08,27322.59,0,AJK,auto
AUTO-000167,56862.79,8895.75,0,Balochistan,auto
AUTO-000168,19483.16,3551.46,0,Sindh,auto
AUTO-000169,15110.3,5374.92,0,Sindh,auto
AUTO-000170,14118.52,33387.29,0,KPK,auto
AUTO-000171,14648.52,16780.45,0,Sindh,auto
AUTO-000172,21193.49,13521.3,0,GB,auto
AUTO-000173,26123.12,10776.57,0,GB,auto
AUTO-000174,25294.58,4774.72,0,Sindh,auto
AUTO-000175,33309.29,6901.84,0,Punjab,auto
AUTO-000176,22170.13,7613.37,0,KPK,auto
AUTO-000177,45559.16,12577.43,0,Sindh,auto
AUTO-000178,19296.36,27095.83,0,Sindh,auto
AUTO-000179,85826.63,19824.43,0,Punjab,auto
AUTO-000180,30116.66,2603.19,0,Punjab,auto
AUTO-000181,14348.79,9693.36,0,Balochistan,auto
AUTO-000182,12894.47,14609.26,0,KPK,auto
AUTO-000183,28035.76,13294.27,0,Punjab,auto
AUTO-000184,19697.93,4898.15,0,Sindh,auto
AUTO-000185,31476.62,83390.31,0,Punjab,auto
AUTO-000186,27906.61,2917.06,0,AJK,auto
AUTO-000187,21238.81,3406.53,0,Balochistan,auto
AUTO-000188,14423.34,9768.09,0,Balochistan,auto
AUTO-000189,10327.61,44065.94,0,GB,auto
AUTO-000190,17619.17,4150.75,0,KPK,auto
AUTO-000191,33799.44,6550.77,0,Balochistan,auto
AUTO-000192,24515.16,19184.06,0,KPK,auto
AUTO-000193,11815.06,7988.12,0,AJK,auto
AUTO-000194,24018.76,6200.08,0,GB,auto
AUTO-000195,26706.4,12740.06,0,Sindh,auto
AUTO-000196,14158.51,10077.04,0,AJK,auto
AUTO-000197,23786.24,18478.28,0,KPK,auto
AUTO-000198,22676.95,22769.45,0,KPK,auto
AUTO-000199,12438.04,10358.91,0,KPK,auto
AUTO-000200,26341.31,10233.13,0,Sindh,auto
AUTO-000201,29155.31,9617.01,0,GB,auto
AUTO-000202,37855.28,11983.72,0,GB,auto
AUTO-000203,37305.69,8468.74,0,KPK,auto
AUTO-000204,11060.83,8099.14,0,AJK,auto
AUTO-000205,13781.57,21105.77,1,GB,auto
AUTO-000206,28495.96,27252.29,0,Sindh,auto
AUTO-000207,28478.17,2425.9,0,AJK,auto
AUTO-000208,28496.14,8168.31,0,Sindh,auto
AUTO-000209,151201.06,4670.61,0,KPK,auto
AUTO-000210,29303.0,6318.41,0,GB,auto
AUTO-000211,38862.41,11181.47,0,Sindh,auto
AUTO-000212,35489.81,13843.22,0,Punjab,auto
AUTO-000213,30506.52,7407.87,0,AJK,auto
AUTO-000214,18814.17,1753.43,0,Punjab,auto
AUTO-000215,32192.37,3744.2,0,Punjab,auto
AUTO-000216,14966.77,16600.69,0,KPK,auto
AUTO-000217,19566.82,904.75,0,KPK,auto
AUTO-000218,17280.23,20951.0,0,Punjab,auto
AUTO-000219,22946.88,12295.44,0,Sindh,auto
AUTO-000220,70075.55,23223.99,0,KPK,auto
AUTO-000221,8659.11,6912.9,0,AJK,auto
AUTO-000222,31043.05,1557.56,0,Punjab,auto
AUTO-000223,9834.4,11433.35,0,AJK,auto
AUTO-000224,17396.67,22465.19,0,GB,auto
AUTO-000225,37967.1,16979.76,0,AJK,auto
AUTO-000226,22745.9,4768.78,0,AJK,auto
AUTO-000227,12850.37,8685.49,0,Punjab,auto
AUTO-000228,15403.47,5290.83,0,Balochistan,auto
AUTO-000229,30939.81,4207.34,0,GB,auto
AUTO-000230,15287.9,17401.49,0,KPK,auto
AUTO-000231,24544.16,3108.74,0,AJK,auto
AUTO-000232,22534.12,3963.75,0,Punjab,auto
AUTO-000233,15901.99,3350.21,0,Balochistan,auto
AUTO-000234,64342.27,2459.72,0,Punjab,auto
AUTO-000235,30241.17,9110.03,0,KPK,auto
AUTO-000236,8001.86,20520.97,0,Punjab,auto
AUTO-000237,24178.7,6989.04,0,Sindh,auto
AUTO-000238,15821.21,2429.41,0,GB,auto
AUTO-000239,33732.49,15866.35,0,Sindh,auto
AUTO-000240,14820.1,31212.11,0,AJK,auto
AUTO-000241,20798.41,4831.95,0,Punjab,auto
AUTO-000242,28353.16,5525.65,0,Punjab,auto
AUTO-000243,33957.93,12240.78,0,AJK,auto
AUTO-000244,12086.59,29658.35,0,AJK,auto
AUTO-000245,18634.12,5346.15,0,GB,auto
AUTO-000246,17370.48,2790.68,0,Balochistan,auto
AUTO-000247,15888.25,13428.5,0,Punjab,auto
AUTO-000248,53248.62,15355.89,0,KPK,auto
AUTO-000249,26970.28,8142.93,0,KPK,auto
AUTO-000250,11725.93,5184.84,0,KPK,auto
AUTO-000251,34854.27,17952.83,0,AJK,auto
AUTO-000252,63645.13,12362.57,0,AJK,auto
AUTO-000253,36909.81,4381.96,0,AJK,auto
AUTO-000254,10304.28,8427.67,0,KPK,auto
AUTO-000255,17289.99,2748.01,0,Balochistan,auto
AUTO-000256,41500.29,14026.62,0,GB,auto
AUTO-000257,15462.38,6569.63,0,Sindh,auto
AUTO-000258,27499.13,5718.33,0,Punjab,auto
AUTO-000259,32445.5,7892.75,0,Sindh,auto
AUTO-000260,13856.85,8368.64,0,Punjab,auto
AUTO-000261,21380.56,16579.86,1,AJK,auto
AUTO-000262,4356.25,13002.18,0,KPK,auto
AUTO-000263,13197.81,7150.04,0,Sindh,auto
AUTO-000264,19413.34,14927.11,0,AJK,auto
AUTO-000265,11802.99,11165.57,0,Punjab,auto
AUTO-000266,49821.69,5760.16,0,GB,auto
AUTO-000267,10774.41,7333.63,0,GB,auto
AUTO-000268,17676.26,7197.02,0,Sindh,auto
AUTO-000269,23514.45,12139.37,0,Sindh,auto
AUTO-000270,45280.72,6041.34,0,Sindh,auto
AUTO-000271,10743.64,5929.37,0,Sindh,auto
AUTO-000272,39402.39,39144.13,0,Sindh,auto
AUTO-000273,22139.45,17184.93,0,AJK,auto
AUTO-000274,13483.82,4409.51,0,Punjab,auto
AUTO-000275,27751.68,12794.27,0,Punjab,auto
AUTO-000276,24331.57,8907.78,0,Balochistan,auto
AUTO-000277,16315.84,11083.81,0,KPK,auto
AUTO-000278,22808.78,9044.15,0,GB,auto
AUTO-000279,18166.66,20988.17,0,Sindh,auto
AUTO-000280,23312.82,10683.93,0,GB,auto
AUTO-000281,30670.77,7710.43,0,Punjab,auto
AUTO-000282,48679.26,18652.82,1,KPK,auto
AUTO-000283,11861.96,9765.67,0,KPK,auto
AUTO-000284,63992.21,8930.1,0,AJK,auto
AUTO-000285,8299.55,10417.25,0,Sindh,auto
AUTO-000286,20416.68,7518.43,0,Balochistan,auto
AUTO-000287,29559.45,8163.12,0,KPK,auto
AUTO-000288,25349.03,5067.71,0,AJK,auto
AUTO-000289,16133.45,4442.92,0,Sindh,auto
AUTO-000290,19849.59,3645.12,1,Punjab,auto
AUTO-000291,17214.37,2660.88,0,Balochistan,auto
AUTO-000292,16404.61,4008.72,0,Sindh,auto
AUTO-000293,33684.77,7048.61,0,AJK,auto
AUTO-000294,26331.15,8799.89,0,GB,auto
AUTO-000295,15576.91,6522.17,0,AJK,auto
AUTO-000296,34537.46,1230.82,0,AJK,auto
AUTO-000297,25684.67,28557.33,0,AJK,auto
AUTO-000298,33071.63,19325.56,0,AJK,auto
AUTO-000299,30176.37,11575.06,0,Balochistan,auto
AUTO-000300,14552.27,37271.81,0,KPK,auto
AUTO-000301,16645.74,3707.48,0,KPK,auto
AUTO-000302,32004.98,36684.15,0,Punjab,auto
AUTO-000303,29887.19,3743.7,0,KPK,auto
AUTO-000304,21797.47,9808.36,0,AJK,auto
AUTO-000305,23357.27,2924.65,1,KPK,auto
AUTO-000306,41724.03,8198.9,0,GB,auto
AUTO-000307,16386.52,11036.17,0,GB,auto
AUTO-000308,28956.46,7159.87,0,KPK,auto
AUTO-000309,19908.53,14344.21,0,AJK,auto
AUTO-000310,19754.95,8771.05,0,Balochistan,auto
AUTO-000311,38154.1,5335.13,0,AJK,auto
AUTO-000312,33279.88,5148.96,0,KPK,auto
AUTO-000313,33082.34,15502.1,0,KPK,auto
AUTO-000314,42308.34,4803.05,0,Punjab,auto
AUTO-000315,22259.0,16853.65,0,AJK,auto
AUTO-000316,30976.26,21550.83,0,Punjab,auto
AUTO-000317,18861.28,2132.45,0,Punjab,auto
AUTO-000318,25902.2,20057.15,1,Sindh,auto
AUTO-000319,20638.81,42122.54,0,GB,auto
AUTO-000320,23121.03,9913.01,0,Punjab,auto
AUTO-000321,29660.71,13085.6,0,GB,auto
AUTO-000322,14630.88,18575.6,0,KPK,auto
AUTO-000323,62704.82,6500.37,0,KPK,auto
AUTO-000324,13319.59,9375.21,0,Sindh,auto
AUTO-000325,12002.93,2831.72,0,Sindh,auto
AUTO-000326,39302.97,9053.51,0,AJK,auto
AUTO-000327,32722.93,12070.14,0,Sindh,auto
AUTO-000328,30093.36,12245.7,0,Balochistan,auto
AUTO-000329,30157.01,19002.77,0,KPK,auto
AUTO-000330,21892.0,4359.7,0,KPK,auto
AUTO-000331,14063.99,5291.8,0,GB,auto
AUTO-000332,22877.34,36916.2,0,Sindh,auto
AUTO-000333,15700.05,7184.9,0,GB,auto
AUTO-000334,35866.53,9509.31,0,Sindh,auto
AUTO-000335,20465.0,7680.13,0,KPK,auto
AUTO-000336,14577.75,4199.23,0,Sindh,auto
AUTO-000337,18756.71,29697.66,0,AJK,auto
AUTO-000338,27077.7,5312.61,0,Sindh,auto
AUTO-000339,16616.27,3288.45,0,Sindh,auto
AUTO-000340,14601.65,5649.98,0,AJK,auto
AUTO-000341,24880.6,1633.75,0,AJK,auto
AUTO-000342,24896.52,4812.49,0,AJK,auto
AUTO-000343,17094.78,3734.98,0,GB,auto
AUTO-000344,17404.44,13279.05,0,KPK,auto
AUTO-000345,24736.25,4728.05,0,Sindh,auto
AUTO-000346,10678.18,16485.61,0,AJK,auto
AUTO-000347,10897.28,24804.67,0,AJK,auto
AUTO-000348,15379.3,15137.65,0,KPK,auto
AUTO-000349,19796.82,6820.51,1,Balochistan,auto
AUTO-000350,25731.05,9071.49,0,Sindh,auto
AUTO-000351,46058.98,2392.3,0,Balochistan,auto
AUTO-000352,33820.75,7280.66,0,Balochistan,auto
AUTO-000353,20333.62,4071.02,0,AJK,auto
AUTO-000354,21818.03,14121.6,0,GB,auto
AUTO-000355,13342.84,63462.34,0,KPK,auto
AUTO-000356,21823.52,12086.66,0,Sindh,auto
AUTO-000357,19066.17,1647.62,0,Sindh,auto
AUTO-000358,25883.46,6069.4,0,Sindh,auto
AUTO-000359,14565.11,8937.34,0,GB,auto
AUTO-000360,28557.45,8689.63,0,Balochistan,auto
AUTO-000361,47399.62,4515.85,0,Punjab,auto
AUTO-000362,20860.65,9859.92,0,KPK,auto
AUTO-000363,26926.22,2998.9,0,Punjab,auto
AUTO-000364,31103.39,3805.01,0,Balochistan,auto
AUTO-000365,18022.74,13583.87,0,AJK,auto
AUTO-000366,24638.02,3595.61,0,Punjab,auto
AUTO-000367,22165.59,12463.62,0,Punjab,auto
AUTO-000368,23128.9,2709.26,0,KPK,auto
AUTO-000369,14965.38,33251.68,0,Balochistan,auto
AUTO-000370,22298.06,4361.56,0,KPK,auto
AUTO-000371,28254.25,6775.49,0,AJK,auto
AUTO-000372,45504.74,10556.43,0,GB,auto
AUTO-000373,35583.43,5154.99,0,GB,auto
AUTO-000374,64640.16,9088.13,1,GB,auto
AUTO-000375,15007.81,12839.55,0,Sindh,auto
AUTO-000376,34069.58,17474.37,0,GB,auto
AUTO-000377,24141.1,15263.17,0,GB,auto
AUTO-000378,65834.64,7062.48,0,Balochistan,auto
AUTO-000379,14703.65,7206.18,0,GB,auto
AUTO-000380,14474.43,53065.74,0,GB,auto
AUTO-000381,16322.56,17325.09,0,AJK,auto
AUTO-000382,7616.35,3875.93,0,AJK,auto
AUTO-000383,16934.74,8777.88,0,Punjab,auto
AUTO-000384,15069.58,6197.4,0,KPK,auto
AUTO-000385,23746.65,7271.61,0,Punjab,auto
AUTO-000386,26131.01,3030.26,0,Punjab,auto
AUTO-000387,56279.49,5828.19,0,Sindh,auto
AUTO-000388,35426.38,34518.29,0,KPK,auto
AUTO-000389,16507.14,12877.81,0,Sindh,auto
AUTO-000390,14055.83,1104.41,0,GB,auto
AUTO-000391,28168.5,21447.83,0,AJK,auto
AUTO-000392,11383.08,19374.32,0,GB,auto
AUTO-000393,55035.26,6078.86,0,Sindh,auto
AUTO-000394,39724.37,14383.12,0,AJK,auto
AUTO-000395,17420.66,4074.41,0,Punjab,auto
AUTO-000396,9352.82,5562.46,0,GB,auto
AUTO-000397,43344.55,26871.92,0,Sindh,auto
AUTO-000398,20800.45,6519.91,0,GB,auto
AUTO-000399,40900.93,1815.68,0,KPK,auto
AUTO-000400,9924.74,7702.94,0,Sindh,auto
AUTO-000401,16322.71,7609.32,0,AJK,auto
AUTO-000402,22084.29,21135.19,0,Balochistan,auto
AUTO-000403,22550.0,8196.55,0,GB,auto
AUTO-000404,17587.91,5783.33,0,GB,auto
AUTO-000405,30074.26,18695.63,0,KPK,auto
AUTO-000406,12915.58,8925.18,0,AJK,auto
AUTO-000407,20512.92,4446.99,0,GB,auto
AUTO-000408,23391.96,20414.45,0,Balochistan,auto
AUTO-000409,28487.46,9460.96,0,GB,auto
AUTO-000410,31439.09,8122.07,0,KPK,auto
AUTO-000411,12552.55,9342.48,0,Balochistan,auto
AUTO-000412,10228.6,3440.82,0,Punjab,auto
AUTO-000413,41724.28,5312.81,0,Punjab,auto
AUTO-000414,26007.94,8126.34,0,GB,auto
AUTO-000415,15150.01,6934.53,0,Sindh,auto
AUTO-000416,47838.02,22425.25,0,Sindh,auto
AUTO-000417,23337.98,9642.39,0,Sindh,auto
AUTO-000418,39721.53,16057.37,0,Sindh,auto
AUTO-000419,22782.76,8164.22,0,GB,auto
AUTO-000420,61720.66,18864.38,0,Balochistan,auto
AUTO-000421,52980.03,11136.93,0,KPK,auto
AUTO-000422,19448.36,8190.55,0,KPK,auto
AUTO-000423,35802.95,8017.43,0,Sindh,auto
AUTO-000424,30414.9,3776.11,0,Punjab,auto
AUTO-000425,43665.6,12155.45,0,AJK,auto
AUTO-000426,13596.1,7846.6,0,Sindh,auto
AUTO-000427,31039.81,5423.01,0,Sindh,auto
AUTO-000428,37392.01,19636.97,0,GB,auto
AUTO-000429,9141.96,2980.44,0,Punjab,auto
AUTO-000430,12189.99,5779.1,0,AJK,auto
AUTO-000431,7945.68,18438.11,0,Balochistan,auto
AUTO-000432,19250.58,10429.76,1,Balochistan,auto
AUTO-000433,31532.41,7798.7,0,AJK,auto
AUTO-000434,46685.02,9905.08,0,AJK,auto
AUTO-000435,22857.79,9353.74,0,Balochistan,auto
AUTO-000436,49727.22,2408.28,0,Sindh,auto
AUTO-000437,11047.39,6127.8,0,Sindh,auto
AUTO-000438,9398.53,29531.63,0,GB,auto
AUTO-000439,21423.12,4781.65,0,Punjab,auto
AUTO-000440,26689.69,6281.47,0,AJK,auto
AUTO-000441,21669.32,5253.78,0,Sindh,auto
AUTO-000442,7834.4,7558.2,0,Sindh,auto
AUTO-000443,21066.51,5082.21,0,Punjab,auto
AUTO-000444,11473.16,11960.84,0,AJK,auto
AUTO-000445,30786.65,9488.64,0,Punjab,auto
AUTO-000446,26457.61,15045.56,0,Punjab,auto
AUTO-000447,13767.42,3495.55,0,Balochistan,auto
AUTO-000448,17035.7,6171.69,0,Punjab,auto
AUTO-000449,12969.99,6764.35,0,AJK,auto
AUTO-000450,21346.87,11666.98,0,Sindh,auto
AUTO-000451,35510.05,4295.93,0,Sindh,auto
AUTO-000452,13455.42,16857.03,0,Balochistan,auto
AUTO-000453,28339.82,20934.05,0,AJK,auto
AUTO-000454,16896.66,3673.51,0,Sindh,auto
AUTO-000455,14817.49,5471.47,0,Punjab,auto
AUTO-000456,20878.7,5294.66,0,KPK,auto
AUTO-000457,13126.37,66563.32,0,KPK,auto
AUTO-000458,16700.19,5744.97,0,KPK,auto
AUTO-000459,12101.21,31011.1,0,KPK,auto
AUTO-000460,58827.37,2941.56,0,Punjab,auto
AUTO-000461,22418.28,3671.22,0,Sindh,auto
AUTO-000462,15523.92,4678.42,0,Balochistan,auto
AUTO-000463,24513.76,4119.34,0,Punjab,auto
AUTO-000464,20823.47,6539.93,0,Sindh,auto
AUTO-000465,19722.5,4596.16,0,AJK,auto
AUTO-000466,29943.97,4207.09,0,Sindh,auto
AUTO-000467,32168.85,20471.27,0,Sindh,auto
AUTO-000468,16894.6,21569.49,0,Sindh,auto
AUTO-000469,16516.1,17316.88,0,Punjab,auto
AUTO-000470,19196.33,12322.71,0,Sindh,auto
AUTO-000471,6967.69,8727.15,0,Sindh,auto
AUTO-000472,10325.84,5444.58,0,AJK,auto
AUTO-000473,43627.25,3779.98,0,AJK,auto
AUTO-000474,50135.46,10833.48,1,KPK,auto
AUTO-000475,19447.66,3168.76,0,GB,auto
AUTO-000476,29386.14,3658.7,0,Punjab,auto
AUTO-000477,25735.46,20380.43,0,Sindh,auto
AUTO-000478,102686.96,37068.37,0,KPK,auto
AUTO-000479,38552.93,11099.29,0,KPK,auto
AUTO-000480,20661.79,19636.9,0,Punjab,auto
AUTO-000481,13660.04,6656.32,0,GB,auto
AUTO-000482,9865.28,2779.04,0,KPK,auto
AUTO-000483,24385.2,13223.32,0,KPK,auto
AUTO-000484,15090.56,12777.38,0,Punjab,auto
AUTO-000485,10816.99,8581.25,0,Balochistan,auto
AUTO-000486,15942.02,6674.83,0,KPK,auto
AUTO-000487,12825.95,17496.72,0,AJK,auto
AUTO-000488,51203.89,3682.74,0,KPK,auto
AUTO-000489,34228.7,4363.26,0,Punjab,auto
AUTO-000490,21938.84,3617.41,0,Punjab,auto
AUTO-000491,46164.76,8673.07,0,GB,auto
AUTO-000492,22895.24,3393.73,0,Balochistan,auto
AUTO-000493,14319.22,4687.27,0,Balochistan,auto
AUTO-000494,47172.3,4607.29,0,GB,auto
AUTO-000495,28838.17,6578.18,1,GB,auto
AUTO-000496,13113.23,2465.38,0,AJK,auto
AUTO-000497,20026.88,8688.57,0,AJK,auto
AUTO-000498,14216.96,21979.0,1,KPK,auto
AUTO-000499,11032.49,9030.77,0,Balochistan,auto
AUTO-000500,34999.49,27807.39,0,AJK,auto
AUTO-000501,57222.84,23557.48,0,KPK,auto
AUTO-000502,10945.86,15096.04,0,Sindh,auto
AUTO-000503,29187.17,8601.99,0,KPK,auto
AUTO-000504,15909.61,8250.26,0,AJK,auto
AUTO-000505,17265.01,14928.69,0,KPK,auto
AUTO-000506,16379.78,5923.39,0,Sindh,auto
AUTO-000507,14299.85,1797.2,0,AJK,auto
AUTO-000508,22567.38,12011.3,0,KPK,auto
AUTO-000509,14538.05,3278.51,0,AJK,auto
AUTO-000510,25215.86,3752.91,0,GB,auto
AUTO-000511,21480.07,8104.54,0,GB,auto
AUTO-000512,19546.0,7509.32,0,KPK,auto
AUTO-000513,13991.68,2618.45,0,Punjab,auto
AUTO-000514,16508.23,9250.13,0,AJK,auto
AUTO-000515,32134.83,17551.8,0,AJK,auto
AUTO-000516,28295.52,3285.67,1,GB,auto
AUTO-000517,13510.5,22426.23,0,GB,auto
AUTO-000518,23148.06,2325.9,0,AJK,auto
AUTO-000519,32070.55,44084.31,0,AJK,auto
AUTO-000520,9559.56,5831.28,0,GB,auto
AUTO-000521,28902.41,9104.22,0,KPK,auto
AUTO-000522,15814.59,1783.57,0,Balochistan,auto
AUTO-000523,29298.73,7710.14,0,KPK,auto
AUTO-000524,15038.52,9728.22,0,Sindh,auto
AUTO-000525,8933.46,7563.36,0,Punjab,auto
AUTO-000526,9761.77,5164.35,0,KPK,auto
AUTO-000527,22562.45,3799.97,0,KPK,auto
AUTO-000528,25080.88,20018.68,0,AJK,auto
AUTO-000529,14014.41,8305.27,0,Sindh,auto
AUTO-000530,30311.92,27794.74,0,AJK,auto
AUTO-000531,9597.33,5317.8,0,GB,auto
AUTO-000532,21310.6,5722.52,0,AJK,auto
AUTO-000533,12021.98,15560.26,0,Balochistan,auto
AUTO-000534,15900.12,2211.93,0,Punjab,auto
AUTO-000535,22554.71,3069.38,0,Balochistan,auto
AUTO-000536,14325.46,19496.46,0,AJK,auto
AUTO-000537,18173.54,3173.06,0,Punjab,auto
AUTO-000538,36429.95,1890.81,0,KPK,auto
AUTO-000539,16507.24,36127.94,0,Sindh,auto
AUTO-000540,33451.3,2656.98,1,Balochistan,auto
AUTO-000541,12520.8,9389.01,0,Sindh,auto
AUTO-000542,28707.17,8563.53,0,AJK,auto
AUTO-000543,45287.41,855.34,0,Punjab,auto
AUTO-000544,6400.8,6542.97,1,GB,auto
AUTO-000545,14787.72,11599.65,0,KPK,auto
AUTO-000546,29393.71,10758.46,0,Punjab,auto
AUTO-000547,19900.05,16694.2,0,GB,auto
AUTO-000548,26517.84,5943.22,0,Sindh,auto
AUTO-000549,16285.13,14328.47,0,Sindh,auto
AUTO-000550,23001.04,4668.24,0,KPK,auto
AUTO-000551,20376.99,2621.83,0,GB,auto
AUTO-000552,39493.49,2869.28,0,GB,auto
AUTO-000553,25014.49,2515.71,0,KPK,auto
AUTO-000554,26076.8,18172.57,0,Punjab,auto
AUTO-000555,17926.97,2412.31,1,Balochistan,auto
AUTO-000556,17260.86,10089.3,0,Punjab,auto
AUTO-000557,17742.55,6550.26,0,Sindh,auto
AUTO-000558,26828.66,7464.26,0,Punjab,auto
AUTO-000559,17845.52,24122.15,0,AJK,auto
AUTO-000560,25460.6,5705.91,0,Punjab,auto
AUTO-000561,62174.51,13217.29,0,Punjab,auto
AUTO-000562,34049.22,8350.28,0,GB,auto
AUTO-000563,18713.27,7175.19,0,AJK,auto
AUTO-000564,40159.21,51020.12,0,Sindh,auto
AUTO-000565,17961.08,2557.86,0,KPK,auto
AUTO-000566,7950.08,22726.92,0,Punjab,auto
AUTO-000567,13305.82,13699.65,0,Balochistan,auto
AUTO-000568,8643.86,5521.36,1,GB,auto
AUTO-000569,18476.28,29835.52,0,GB,auto
AUTO-000570,22230.25,1847.36,0,KPK,auto
AUTO-000571,50930.57,5337.9,0,Balochistan,auto
AUTO-000572,25937.98,3081.63,0,Punjab,auto
AUTO-000573,19740.94,11267.38,0,Balochistan,auto
AUTO-000574,33346.32,3326.08,0,GB,auto
AUTO-000575,7291.27,11458.09,0,KPK,auto
AUTO-000576,24780.37,6980.33,0,Balochistan,auto
AUTO-000577,32384.42,5522.12,0,Balochistan,auto
AUTO-000578,10516.56,11058.09,0,KPK,auto
AUTO-000579,39021.85,6536.14,0,KPK,auto
AUTO-000580,26088.46,3391.72,0,KPK,auto
AUTO-000581,17896.42,76198.6,0,GB,auto
AUTO-000582,30223.98,5487.71,0,KPK,auto
AUTO-000583,68551.9,1374.59,0,AJK,auto
AUTO-000584,24123.29,4131.19,0,Punjab,auto
AUTO-000585,24937.06,2940.04,0,GB,auto
AUTO-000586,17506.36,15692.16,0,KPK,auto
AUTO-000587,14401.36,10481.03,0,Sindh,auto
AUTO-000588,33361.84,11147.5,0,Balochistan,auto
AUTO-000589,14356.5,6026.86,0,KPK,auto
AUTO-000590,22828.91,6480.29,0,KPK,auto
AUTO-000591,17346.94,6022.48,0,Punjab,auto
AUTO-000592,27986.85,7593.48,0,KPK,auto
AUTO-000593,26025.47,15807.93,0,GB,auto
AUTO-000594,37003.58,10602.66,0,AJK,auto
AUTO-000595,17068.53,12089.47,0,Sindh,auto
AUTO-000596,19246.08,12084.12,0,Sindh,auto
AUTO-000597,13502.34,16441.34,0,KPK,auto
AUTO-000598,17638.75,10203.85,0,Punjab,auto
AUTO-000599,26599.57,10797.59,0,GB,auto
AUTO-000600,32160.5,20974.13,0,GB,auto
AUTO-000601,13889.9,4759.81,1,KPK,auto
AUTO-000602,34023.37,4086.34,0,Balochistan,auto
AUTO-000603,43382.83,3137.75,0,GB,auto
AUTO-000604,27084.52,9379.97,0,GB,auto
AUTO-000605,56297.08,1839.07,0,GB,auto
AUTO-000606,14959.55,11727.87,0,Sindh,auto
AUTO-000607,11821.47,7425.28,0,GB,auto
AUTO-000608,9051.08,20084.66,0,Balochistan,auto
AUTO-000609,46537.89,4733.72,1,AJK,auto
AUTO-000610,30551.92,6886.69,1,Sindh,auto
AUTO-000611,21422.73,19885.83,0,Sindh,auto
AUTO-000612,25336.07,24501.96,0,AJK,auto
AUTO-000613,12547.23,4702.63,0,Balochistan,auto
AUTO-000614,74822.65,9371.47,1,KPK,auto
AUTO-000615,23496.59,10255.15,0,Punjab,auto
AUTO-000616,23264.81,10926.24,0,Balochistan,auto
AUTO-000617,31662.34,6567.83,0,AJK,auto
AUTO-000618,28015.26,22586.48,0,GB,auto
AUTO-000619,24635.46,1786.9,0,GB,auto
AUTO-000620,14835.27,5785.42,0,AJK,auto
AUTO-000621,27881.93,11595.18,0,GB,auto
AUTO-000622,56444.45,11681.71,1,AJK,auto
AUTO-000623,43161.75,23913.71,0,Sindh,auto
AUTO-000624,48854.09,21132.77,0,KPK,auto
AUTO-000625,17058.3,6448.27,0,Sindh,auto
AUTO-000626,13429.35,22923.02,0,Sindh,auto
AUTO-000627,20683.81,4576.85,0,Sindh,auto
AUTO-000628,22648.81,17063.72,0,AJK,auto
AUTO-000629,38066.72,34489.77,0,Balochistan,auto
AUTO-000630,9449.98,21417.32,0,Punjab,auto
AUTO-000631,47324.11,8818.58,0,Punjab,auto
AUTO-000632,20353.25,6214.1,0,KPK,auto
AUTO-000633,17792.98,2385.41,0,KPK,auto
AUTO-000634,13279.12,10388.26,0,AJK,auto
AUTO-000635,9629.36,3320.35,0,Punjab,auto
AUTO-000636,33242.53,4296.23,0,Balochistan,auto
AUTO-000637,22848.92,3125.67,0,AJK,auto
AUTO-000638,11556.69,5606.52,0,KPK,auto
AUTO-000639,11527.15,7923.79,0,AJK,auto
AUTO-000640,18622.16,10085.88,0,KPK,auto
AUTO-000641,50742.08,5012.02,0,Punjab,auto
AUTO-000642,19345.29,19061.52,0,AJK,auto
AUTO-000643,10388.23,6859.82,0,Sindh,auto
AUTO-000644,19479.71,4314.87,0,GB,auto
AUTO-000645,19218.68,9711.19,0,KPK,auto
AUTO-000646,5719.04,38981.49,0,Sindh,auto
AUTO-000647,21436.55,10594.9,0,KPK,auto
AUTO-000648,19624.47,6061.52,0,Sindh,auto
AUTO-000649,31197.81,2387.57,0,Punjab,auto
AUTO-000650,55518.86,6798.59,0,Punjab,auto
AUTO-000651,38687.91,9778.51,0,Balochistan,auto
AUTO-000652,19255.57,5942.8,0,Balochistan,auto
AUTO-000653,12666.77,2138.14,0,Balochistan,auto
AUTO-000654,79752.22,4103.3,0,AJK,auto
AUTO-000655,22688.4,25942.32,0,KPK,auto
AUTO-000656,22180.41,25519.57,0,AJK,auto
AUTO-000657,21762.37,3986.58,0,Balochistan,auto
AUTO-000658,24319.71,13880.02,0,KPK,auto
AUTO-000659,20492.61,3156.26,0,AJK,auto
AUTO-000660,16533.91,24920.67,0,Punjab,auto
AUTO-000661,16756.99,9859.48,0,KPK,auto
AUTO-000662,21668.68,17321.66,0,Balochistan,auto
AUTO-000663,16785.78,2054.78,0,Punjab,auto
AUTO-000664,15422.41,13934.31,0,KPK,auto
AUTO-000665,23230.36,8053.49,0,AJK,auto
AUTO-000666,19389.97,16019.2,0,GB,auto
AUTO-000667,46723.22,16846.43,0,GB,auto
AUTO-000668,5851.86,8540.95,0,Balochistan,auto
AUTO-000669,38015.66,5010.73,0,AJK,auto
AUTO-000670,41070.39,15119.75,0,Punjab,auto
AUTO-000671,7811.13,7722.37,0,Punjab,auto
AUTO-000672,18558.0,4031.01,0,Punjab,auto
AUTO-000673,18293.11,3881.12,0,KPK,auto
AUTO-000674,10897.01,2485.6,0,Balochistan,auto
AUTO-000675,14929.46,5387.12,0,GB,auto
AUTO-000676,12641.14,19577.84,0,Punjab,auto
AUTO-000677,52898.76,9341.89,0,AJK,auto
AUTO-000678,35166.15,5303.84,0,Balochistan,auto
AUTO-000679,41596.76,15427.16,0,GB,auto
AUTO-000680,31597.59,4163.11,0,AJK,auto
AUTO-000681,12524.9,8745.37,0,AJK,auto
AUTO-000682,16945.2,7018.44,0,Punjab,auto
AUTO-000683,28132.68,15112.91,0,Balochistan,auto
AUTO-000684,11955.37,2294.38,1,Sindh,auto
AUTO-000685,31460.85,4104.51,0,KPK,auto
AUTO-000686,19532.54,2185.07,0,Sindh,auto
AUTO-000687,18262.22,6583.51,0,KPK,auto
AUTO-000688,31428.8,21357.15,0,Balochistan,auto
AUTO-000689,27505.24,5408.04,0,GB,auto
AUTO-000690,18389.17,5385.43,0,Punjab,auto
AUTO-000691,39326.93,16274.9,0,Balochistan,auto
AUTO-000692,12829.06,19050.33,1,Sindh,auto
AUTO-000693,29970.47,7548.79,0,AJK,auto
AUTO-000694,29630.24,14013.44,0,KPK,auto
AUTO-000695,18868.08,3423.56,0,KPK,auto
AUTO-000696,25927.68,24401.0,0,Sindh,auto
AUTO-000697,11783.35,45205.09,1,Punjab,auto
AUTO-000698,34961.88,12295.3,0,Balochistan,auto
AUTO-000699,20081.39,1529.25,0,Sindh,auto
AUTO-000700,16960.43,5184.43,1,Balochistan,auto
AUTO-000701,37216.39,13230.24,0,Punjab,auto
AUTO-000702,15488.11,5783.79,0,AJK,auto
AUTO-000703,10891.84,22421.12,0,Balochistan,auto
AUTO-000704,10114.1,12971.71,0,Punjab,auto
AUTO-000705,29822.1,4604.64,0,Sindh,auto
AUTO-000706,11611.9,8314.96,0,GB,auto
AUTO-000707,52965.56,3963.7,0,AJK,auto
AUTO-000708,7777.85,7001.87,0,AJK,auto
AUTO-000709,51442.92,5199.54,0,AJK,auto
AUTO-000710,24477.48,20739.79,0,KPK,auto
AUTO-000711,20986.68,44038.06,0,GB,auto
AUTO-000712,16773.25,2578.72,0,Punjab,auto
AUTO-000713,26891.57,1739.63,0,Balochistan,auto
AUTO-000714,21615.86,6659.92,0,Sindh,auto
AUTO-000715,38240.52,2404.91,0,AJK,auto
AUTO-000716,23321.1,8408.26,0,AJK,auto
AUTO-000717,23745.56,14752.22,0,AJK,auto
AUTO-000718,18364.85,26777.4,0,Punjab,auto
AUTO-000719,21408.15,9519.67,1,Sindh,auto
AUTO-000720,25691.13,6942.91,0,Punjab,auto
AUTO-000721,9366.7,1664.52,0,Sindh,auto
AUTO-000722,11225.1,8274.62,0,Balochistan,auto
AUTO-000723,31940.56,8578.63,0,KPK,auto
AUTO-000724,23990.97,13509.73,0,Sindh,auto
AUTO-000725,20090.62,4597.23,0,GB,auto
AUTO-000726,22230.42,5721.34,0,Punjab,auto
AUTO-000727,26207.24,2483.93,0,Punjab,auto
AUTO-000728,16816.57,1295.91,0,Punjab,auto
AUTO-000729,14925.82,3338.25,0,KPK,auto
AUTO-000730,24292.49,2307.08,0,Sindh,auto
AUTO-000731,13504.98,10608.06,0,Sindh,auto
AUTO-000732,27014.43,5353.43,0,Sindh,auto
AUTO-000733,9402.29,5268.02,0,Sindh,auto
AUTO-000734,36848.78,3686.64,0,AJK,auto
AUTO-000735,27897.68,610.3,0,AJK,auto
AUTO-000736,25034.62,27082.65,0,GB,auto
AUTO-000737,36002.57,3640.16,0,Punjab,auto
AUTO-000738,50652.16,5825.87,0,AJK,auto
AUTO-000739,36577.37,2530.28,0,Sindh,auto
AUTO-000740,8774.13,17633.3,0,Sindh,auto
AUTO-000741,11616.85,9088.3,0,AJK,auto
AUTO-000742,16116.37,4183.52,0,Balochistan,auto
AUTO-000743,22315.7,5920.74,0,GB,auto
AUTO-000744,28533.37,31024.86,0,Punjab,auto
AUTO-000745,15323.27,7643.6,0,KPK,auto
AUTO-000746,24182.47,7006.64,0,GB,auto
AUTO-000747,15097.86,3815.76,0,Punjab,auto
AUTO-000748,16223.91,1779.94,0,Punjab,auto
AUTO-000749,10901.65,7129.31,0,Punjab,auto
AUTO-000750,13882.49,10513.21,0,GB,auto
AUTO-000751,11205.47,19529.23,0,GB,auto
AUTO-000752,13521.87,1341.04,0,AJK,auto
AUTO-000753,37302.7,3294.21,0,Punjab,auto
AUTO-000754,13702.05,5091.9,0,Sindh,auto
AUTO-000755,82140.87,8080.55,0,Punjab,auto
AUTO-000756,28188.21,7215.4,0,Sindh,auto
AUTO-000757,24159.14,7351.42,0,AJK,auto
AUTO-000758,14340.19,11231.49,0,AJK,auto
AUTO-000759,31261.89,3933.82,0,Punjab,auto
AUTO-000760,16517.59,17108.2,0,GB,auto
AUTO-000761,23412.02,11461.65,0,Sindh,auto
AUTO-000762,79224.61,6273.78,0,Sindh,auto
AUTO-000763,20993.54,29165.05,0,Sindh,auto
AUTO-000764,39129.68,28145.22,0,Sindh,auto
AUTO-000765,15497.16,17091.15,0,KPK,auto
AUTO-000766,21644.48,724.26,0,AJK,auto
AUTO-000767,53391.15,28657.09,0,Sindh,auto
AUTO-000768,16099.06,15303.04,0,KPK,auto
AUTO-000769,54514.62,40341.13,0,KPK,auto
AUTO-000770,31378.43,21806.68,0,AJK,auto
AUTO-000771,16626.72,28643.28,0,Balochistan,auto
AUTO-000772,30218.33,16365.39,0,Punjab,auto
AUTO-000773,35820.56,23836.05,0,AJK,auto
AUTO-000774,30058.63,39946.61,0,Balochistan,auto
AUTO-000775,10045.58,9635.83,0,GB,auto
AUTO-000776,15312.6,2303.57,1,Punjab,auto
AUTO-000777,19462.42,6336.18,0,Punjab,auto
AUTO-000778,21221.78,11069.58,0,Punjab,auto
AUTO-000779,30041.53,8603.38,0,KPK,auto
AUTO-000780,24073.1,2989.17,0,Sindh,auto
AUTO-000781,11297.4,2197.65,0,Punjab,auto
AUTO-000782,26638.13,4478.62,0,Sindh,auto
AUTO-000783,29890.41,15462.79,0,Punjab,auto
AUTO-000784,29140.82,28689.08,1,KPK,auto
AUTO-000785,37812.32,16869.36,0,GB,auto
AUTO-000786,33421.71,18881.57,0,Punjab,auto
AUTO-000787,27711.15,7595.78,0,AJK,auto
AUTO-000788,21267.11,2010.89,0,Balochistan,auto
AUTO-000789,9600.01,5629.77,0,Punjab,auto
AUTO-000790,27304.56,6587.89,0,Balochistan,auto
AUTO-000791,24436.76,5444.48,0,Balochistan,auto
AUTO-000792,25230.01,8465.51,0,KPK,auto
AUTO-000793,11633.29,11534.94,0,GB,auto
AUTO-000794,12829.11,16033.12,0,Balochistan,auto
AUTO-000795,37293.58,6486.67,0,KPK,auto
AUTO-000796,21595.12,1766.92,0,GB,auto
AUTO-000797,30969.26,5506.57,0,Punjab,auto
AUTO-000798,22340.56,8391.45,0,Sindh,auto
AUTO-000799,22356.63,21552.48,0,KPK,auto
AUTO-000800,35211.99,5144.86,0,Balochistan,auto
AUTO-000801,17017.16,12210.3,0,Balochistan,auto
AUTO-000802,23110.92,10219.68,0,Punjab,auto
AUTO-000803,17480.87,8392.72,0,KPK,auto
AUTO-000804,17725.36,17058.89,0,Punjab,auto
AUTO-000805,18871.61,4775.85,0,KPK,auto
AUTO-000806,24613.91,5114.58,0,Sindh,auto
AUTO-000807,17337.48,8026.3,0,AJK,auto
AUTO-000808,41269.46,4855.57,0,Punjab,auto
AUTO-000809,14082.62,12166.11,0,Balochistan,auto
AUTO-000810,20061.63,4579.96,0,Punjab,auto
AUTO-000811,17679.03,9711.28,0,KPK,auto
AUTO-000812,45410.06,7479.06,0,Punjab,auto
AUTO-000813,24301.11,9623.28,0,Sindh,auto
AUTO-000814,36898.36,5609.44,0,KPK,auto
AUTO-000815,10479.96,6177.87,0,GB,auto
AUTO-000816,25172.95,8749.99,0,Balochistan,auto
AUTO-000817,34365.74,9524.85,0,Balochistan,auto
AUTO-000818,22951.58,8075.89,0,KPK,auto
AUTO-000819,37524.16,31706.91,0,GB,auto
AUTO-000820,17006.58,3668.03,0,Sindh,auto
AUTO-000821,44563.65,7697.39,0,Punjab,auto
AUTO-000822,69525.51,2300.99,0,AJK,auto
AUTO-000823,18371.96,10912.51,0,Balochistan,auto
AUTO-000824,17628.09,3320.27,0,Sindh,auto
AUTO-000825,45555.75,6485.68,0,Sindh,auto
AUTO-000826,48522.65,6017.03,0,Sindh,auto
AUTO-000827,16959.27,10144.76,0,Punjab,auto
AUTO-000828,17852.64,5207.04,0,Sindh,auto
AUTO-000829,19131.81,5032.92,0,Sindh,auto
AUTO-000830,11246.08,25557.48,0,KPK,auto
AUTO-000831,13914.32,10174.64,0,KPK,auto
AUTO-000832,13332.1,5172.75,0,Sindh,auto
AUTO-000833,15004.44,6629.82,0,Sindh,auto
AUTO-000834,21647.77,30220.75,0,KPK,auto
AUTO-000835,24763.04,6713.45,0,Punjab,auto
AUTO-000836,47822.44,4668.43,0,KPK,auto
AUTO-000837,13370.73,4684.45,0,KPK,auto
AUTO-000838,36031.95,5222.33,0,KPK,auto
AUTO-000839,19791.46,5036.17,0,KPK,auto
AUTO-000840,21488.39,2911.09,0,AJK,auto
AUTO-000841,30865.98,3296.58,0,Balochistan,auto
AUTO-000842,12564.6,4173.64,0,Punjab,auto
AUTO-000843,26667.61,13007.18,0,GB,auto
AUTO-000844,23938.09,5973.03,0,Punjab,auto
AUTO-000845,28175.99,6865.54,0,Sindh,auto
AUTO-000846,25452.88,22383.3,0,AJK,auto
AUTO-000847,75180.72,22834.0,0,Sindh,auto
AUTO-000848,16012.58,6465.92,0,Punjab,auto
AUTO-000849,16890.41,4891.77,0,Punjab,auto
AUTO-000850,16129.9,4058.04,0,GB,auto
AUTO-000851,16684.93,14104.1,0,GB,auto
AUTO-000852,16015.41,6879.04,0,Sindh,auto
AUTO-000853,39915.03,5947.96,0,Balochistan,auto
AUTO-000854,44812.94,4226.24,0,Sindh,auto
AUTO-000855,16558.04,4377.65,0,Balochistan,auto
AUTO-000856,14527.84,10467.67,0,Balochistan,auto
AUTO-000857,27881.2,2828.92,0,KPK,auto
AUTO-000858,16712.1,17959.87,0,Punjab,auto
AUTO-000859,30226.25,5286.57,1,KPK,auto
AUTO-000860,24378.61,7188.88,1,Punjab,auto
AUTO-000861,10322.98,2780.59,0,KPK,auto
AUTO-000862,47750.87,8023.32,0,Balochistan,auto
AUTO-000863,54064.81,6231.32,0,KPK,auto
AUTO-000864,16213.6,7784.86,0,AJK,auto
AUTO-000865,18144.98,26301.13,0,KPK,auto
AUTO-000866,25410.88,9340.91,0,GB,auto
AUTO-000867,26035.82,4290.99,0,GB,auto
AUTO-000868,30615.82,4586.83,0,KPK,auto
AUTO-000869,60180.42,13044.28,0,KPK,auto
AUTO-000870,20161.42,22901.43,0,AJK,auto
AUTO-000871,14777.36,10153.1,0,Punjab,auto
AUTO-000872,11051.71,14058.33,0,KPK,auto
AUTO-000873,15283.59,13197.6,0,Punjab,auto
AUTO-000874,21664.64,25216.44,0,GB,auto
AUTO-000875,54029.15,1703.31,0,Sindh,auto
AUTO-000876,17003.84,13818.66,0,Balochistan,auto
AUTO-000877,24634.27,17800.62,0,Sindh,auto
AUTO-000878,21846.34,2776.71,1,AJK,auto
AUTO-000879,39902.59,3989.68,0,AJK,auto
AUTO-000880,77922.2,4102.59,0,Punjab,auto
AUTO-000881,16891.5,4523.17,0,Punjab,auto
AUTO-000882,17245.05,5511.69,1,KPK,auto
AUTO-000883,37126.28,9838.73,0,Sindh,auto
AUTO-000884,30975.31,16196.33,0,Punjab,auto
AUTO-000885,55456.47,19245.9,0,GB,auto
AUTO-000886,29494.65,4145.35,0,Punjab,auto
AUTO-000887,18404.56,4122.59,0,GB,auto
AUTO-000888,29594.01,23217.4,0,Punjab,auto
AUTO-000889,38343.94,13594.15,0,Balochistan,auto
AUTO-000890,33197.87,8658.46,0,Punjab,auto
AUTO-000891,28385.59,11833.26,0,Balochistan,auto
AUTO-000892,37546.57,7912.17,0,AJK,auto
AUTO-000893,39523.38,12328.49,0,KPK,auto
AUTO-000894,43961.94,6192.82,0,Sindh,auto
AUTO-000895,30465.65,10047.15,0,Punjab,auto
AUTO-000896,20260.75,2420.1,0,Balochistan,auto
AUTO-000897,23703.0,4674.01,0,Punjab,auto
AUTO-000898,40265.67,4714.47,0,Punjab,auto
AUTO-000899,14640.28,6005.84,0,Balochistan,auto
AUTO-000900,26485.08,3861.42,0,Punjab,auto
AUTO-000901,18093.91,5287.84,0,Sindh,auto
AUTO-000902,22345.33,2412.62,0,GB,auto
AUTO-000903,41740.45,12568.64,1,GB,auto
AUTO-000904,24234.91,7585.46,0,GB,auto
AUTO-000905,22543.87,2071.1,0,GB,auto
AUTO-000906,11159.78,4155.28,0,AJK,auto
AUTO-000907,31988.34,10607.12,0,KPK,auto
AUTO-000908,30416.55,5247.9,0,Punjab,auto
AUTO-000909,64966.52,4639.89,0,Balochistan,auto
AUTO-000910,18884.77,7633.68,0,Sindh,auto
AUTO-000911,24577.22,10666.66,0,Punjab,auto
AUTO-000912,24951.57,2568.09,0,AJK,auto
AUTO-000913,48471.28,12583.01,0,AJK,auto
AUTO-000914,21001.56,4271.69,0,Balochistan,auto
AUTO-000915,25324.07,7987.7,0,Punjab,auto
AUTO-000916,29850.24,7876.7,0,GB,auto
AUTO-000917,24180.57,5315.31,0,Punjab,auto
AUTO-000918,17619.88,3572.68,0,Punjab,auto
AUTO-000919,24271.18,6447.52,0,AJK,auto
AUTO-000920,37677.41,29740.48,0,Punjab,auto
AUTO-000921,13183.78,2726.19,0,GB,auto
AUTO-000922,23540.67,31377.63,0,Punjab,auto
AUTO-000923,15520.85,6582.85,0,Punjab,auto
AUTO-000924,40035.56,8335.65,0,Punjab,auto
AUTO-000925,10284.64,3396.94,0,GB,auto
AUTO-000926,16656.22,4372.04,0,GB,auto
AUTO-000927,26598.39,5419.03,0,Balochistan,auto
AUTO-000928,48183.02,3510.26,0,AJK,auto
AUTO-000929,21314.12,6855.91,0,KPK,auto
AUTO-000930,16687.25,5851.11,0,Balochistan,auto
AUTO-000931,56419.97,35618.66,0,GB,auto
AUTO-000932,10678.56,3188.23,0,Punjab,auto
AUTO-000933,7336.35,8796.88,1,KPK,auto
AUTO-000934,27446.86,9880.09,0,Sindh,auto
AUTO-000935,17136.62,3441.78,0,KPK,auto
AUTO-000936,13218.64,14037.14,0,Balochistan,auto
AUTO-000937,31387.91,5891.93,0,AJK,auto
AUTO-000938,24882.01,1103.33,1,Balochistan,auto
AUTO-000939,16613.33,13737.43,0,AJK,auto
AUTO-000940,11612.62,3315.78,0,AJK,auto
AUTO-000941,34071.91,3504.42,1,GB,auto
AUTO-000942,30488.37,14049.21,0,AJK,auto
AUTO-000943,20960.86,6138.1,0,Sindh,auto
AUTO-000944,55454.52,16885.62,0,KPK,auto
AUTO-000945,12899.68,21335.61,0,Balochistan,auto
AUTO-000946,10272.62,4837.04,0,Balochistan,auto
AUTO-000947,15584.72,15284.74,0,AJK,auto
AUTO-000948,21530.09,4427.68,0,GB,auto
AUTO-000949,24876.27,48363.12,0,Sindh,auto
AUTO-000950,19523.65,4654.71,0,Sindh,auto
AUTO-000951,26265.92,18414.06,0,Punjab,auto
AUTO-000952,11780.85,15915.23,0,Sindh,auto
AUTO-000953,45337.16,10434.47,0,AJK,auto
AUTO-000954,21140.05,4738.92,0,AJK,auto
AUTO-000955,38509.03,7178.76,0,KPK,auto
AUTO-000956,26143.68,1446.83,0,AJK,auto
AUTO-000957,27677.54,9696.65,0,KPK,auto
AUTO-000958,29286.55,10718.13,0,Sindh,auto
AUTO-000959,27552.66,9016.39,0,Punjab,auto
AUTO-000960,30374.58,750.96,0,GB,auto
AUTO-000961,42812.11,2943.9,0,Balochistan,auto
AUTO-000962,24300.7,4453.86,0,AJK,auto
AUTO-000963,31398.08,10232.53,0,Sindh,auto
AUTO-000964,21060.03,10213.56,0,AJK,auto
AUTO-000965,45254.56,7071.45,0,KPK,auto
AUTO-000966,15706.09,13469.68,0,Sindh,auto
AUTO-000967,54201.84,3565.31,0,Balochistan,auto
AUTO-000968,21588.61,13202.85,0,KPK,auto
AUTO-000969,10771.0,11846.57,0,Sindh,auto
AUTO-000970,23483.47,10960.4,0,GB,auto
AUTO-000971,15669.54,7004.92,0,GB,auto
AUTO-000972,33534.22,35052.25,0,Balochistan,auto
AUTO-000973,15893.86,12022.76,0,GB,auto
AUTO-000974,17622.09,3734.36,0,KPK,auto
AUTO-000975,8563.2,9883.72,0,Balochistan,auto
AUTO-000976,17568.22,14794.14,0,Sindh,auto
AUTO-000977,6555.5,5061.98,0,KPK,auto
AUTO-000978,9977.11,19368.78,0,GB,auto
AUTO-000979,32215.64,10999.74,0,Punjab,auto
AUTO-000980,32627.15,1243.91,0,AJK,auto
AUTO-000981,27247.82,10298.34,0,GB,auto
AUTO-000982,13582.15,5855.73,0,Punjab,auto
AUTO-000983,21507.23,12453.34,0,Balochistan,auto
AUTO-000984,21986.83,17246.63,0,Sindh,auto
AUTO-000985,12342.67,9472.32,0,AJK,auto
AUTO-000986,46709.33,30705.64,0,Sindh,auto
AUTO-000987,34155.58,7023.62,0,Balochistan,auto
AUTO-000988,19722.55,13357.78,0,Sindh,auto
AUTO-000989,22324.56,15428.23,0,KPK,auto
AUTO-000990,24445.25,7495.99,0,KPK,auto
AUTO-000991,7935.75,15108.6,0,GB,auto
AUTO-000992,19465.74,5035.47,0,GB,auto
AUTO-000993,15662.24,5778.76,0,GB,auto
AUTO-000994,13348.91,2835.6,0,GB,auto
AUTO-000995,19138.36,9829.34,0,Balochistan,auto
AUTO-000996,54113.73,10511.25,0,Sindh,auto
AUTO-000997,30346.04,20814.61,0,GB,auto
AUTO-000998,16554.45,15258.81,0,Balochistan,auto
AUTO-000999,29327.81,6452.12,0,AJK,auto
AUTO-001000,44341.56,3157.25,0,GB,auto
AUTO-001001,34972.48,11456.13,0,Sindh,auto
AUTO-001002,22693.08,19704.5,0,KPK,auto
AUTO-001003,15939.12,14826.15,0,Punjab,auto
AUTO-001004,31229.29,19294.63,1,KPK,auto
AUTO-001005,26815.7,6839.63,0,Sindh,auto
AUTO-001006,34461.45,5578.67,0,Sindh,auto
AUTO-001007,30260.12,4493.91,0,Sindh,auto
AUTO-001008,37226.51,7748.72,0,Sindh,auto
AUTO-001009,16854.66,7609.31,0,GB,auto
AUTO-001010,42561.15,9559.99,0,AJK,auto
AUTO-001011,24313.81,7306.81,0,Punjab,auto
AUTO-001012,62170.16,7281.54,0,GB,auto
AUTO-001013,15605.93,4353.11,0,KPK,auto
AUTO-001014,52469.22,17210.85,1,AJK,auto
AUTO-001015,24317.59,8614.61,0,Balochistan,auto
AUTO-001016,15903.44,7047.62,1,Sindh,auto
AUTO-001017,17293.0,4456.22,0,KPK,auto
AUTO-001018,18766.46,2791.88,0,Balochistan,auto
AUTO-001019,27230.23,23071.91,0,Punjab,auto
AUTO-001020,28607.32,12628.49,0,KPK,auto
AUTO-001021,16533.6,2210.26,0,AJK,auto
AUTO-001022,21759.87,14920.84,0,GB,auto
AUTO-001023,64288.44,16949.35,0,Balochistan,auto
AUTO-001024,52248.77,8950.82,0,KPK,auto
AUTO-001025,27396.26,29099.86,0,GB,auto
AUTO-001026,22449.01,9637.1,0,GB,auto
AUTO-001027,23388.87,2608.53,0,GB,auto
AUTO-001028,29934.26,10852.33,0,AJK,auto
AUTO-001029,13208.34,9856.81,0,Sindh,auto
AUTO-001030,19366.73,5000.85,0,KPK,auto
AUTO-001031,9563.49,12821.09,0,GB,auto
AUTO-001032,26892.74,2134.24,0,Sindh,auto
AUTO-001033,30442.59,17898.16,0,GB,auto
AUTO-001034,17299.05,4013.84,0,Balochistan,auto
AUTO-001035,48387.33,3685.06,0,Balochistan,auto
AUTO-001036,11933.65,7397.82,0,Balochistan,auto
AUTO-001037,10591.56,11457.25,0,Sindh,auto
AUTO-001038,24642.45,9238.54,1,Sindh,auto
AUTO-001039,37180.85,4473.26,0,GB,auto
AUTO-001040,51121.67,5405.26,0,AJK,auto
AUTO-001041,17510.53,3273.34,0,KPK,auto
AUTO-001042,37772.64,6770.0,0,AJK,auto
AUTO-001043,21606.42,19149.21,0,Sindh,auto
AUTO-001044,20205.02,8075.5,0,KPK,auto
AUTO-001045,34263.3,16115.41,0,Balochistan,auto
AUTO-001046,30520.73,25960.23,0,AJK,auto
AUTO-001047,10014.65,5062.35,0,AJK,auto
AUTO-001048,46086.26,6979.56,0,AJK,auto
AUTO-001049,43916.51,46025.66,0,Sindh,auto
AUTO-001050,16110.37,25731.59,0,KPK,auto
AUTO-001051,26846.8,2126.17,0,Balochistan,auto
AUTO-001052,28198.25,11044.84,0,Sindh,auto
AUTO-001053,25092.82,8106.71,1,Balochistan,auto
AUTO-001054,16728.14,15696.02,0,Punjab,auto
AUTO-001055,15743.59,4464.97,0,Punjab,auto
AUTO-001056,21746.82,4139.43,0,Balochistan,auto
AUTO-001057,39591.29,4718.01,0,Punjab,auto
AUTO-001058,28905.87,5127.93,0,KPK,auto
AUTO-001059,18300.67,15556.9,0,KPK,auto
AUTO-001060,32397.92,3149.63,0,Sindh,auto
AUTO-001061,5301.41,4924.16,0,Balochistan,auto
AUTO-001062,39119.75,1936.8,0,Sindh,auto
AUTO-001063,9229.34,18136.73,0,KPK,auto
AUTO-001064,18375.61,22400.18,0,KPK,auto
AUTO-001065,12583.79,6237.54,0,KPK,auto
AUTO-001066,11529.44,6384.58,0,AJK,auto
AUTO-001067,39356.38,11644.36,0,Punjab,auto
AUTO-001068,17433.51,26359.54,0,Sindh,auto
AUTO-001069,26193.12,11236.12,0,Sindh,auto
AUTO-001070,21515.73,4637.67,1,KPK,auto
AUTO-001071,27959.73,2219.29,1,AJK,auto
AUTO-001072,22888.98,3320.59,0,Sindh,auto
AUTO-001073,11597.03,8591.9,0,GB,auto
AUTO-001074,36247.78,4796.96,0,Sindh,auto
AUTO-001075,17207.86,9470.85,0,AJK,auto
AUTO-001076,10114.34,5206.49,0,KPK,auto
AUTO-001077,17782.01,3475.46,0,AJK,auto
AUTO-001078,46647.75,3160.15,0,Punjab,auto
AUTO-001079,33695.21,28279.25,0,Sindh,auto
AUTO-001080,18502.74,16501.23,0,Punjab,auto
AUTO-001081,18497.14,32351.46,0,Sindh,auto
AUTO-001082,18754.38,12480.97,0,Punjab,auto
AUTO-001083,62216.41,5744.55,0,Sindh,auto
AUTO-001084,26661.28,23357.48,0,GB,auto
AUTO-001085,27310.34,7891.53,0,KPK,auto
AUTO-001086,36869.57,9668.93,0,GB,auto
AUTO-001087,24819.74,7830.18,0,Balochistan,auto
AUTO-001088,19350.6,766.99,1,AJK,auto
AUTO-001089,19966.78,29254.48,0,Sindh,auto
AUTO-001090,21251.85,12001.69,0,AJK,auto
AUTO-001091,21620.32,10549.76,0,Sindh,auto
AUTO-001092,31691.85,7712.36,0,Balochistan,auto
AUTO-001093,22606.05,9234.87,1,KPK,auto
AUTO-001094,31771.34,5024.98,0,KPK,auto
AUTO-001095,21155.21,13270.03,0,AJK,auto
AUTO-001096,22909.74,2847.85,0,GB,auto
AUTO-001097,8110.38,9403.66,0,Balochistan,auto
AUTO-001098,34827.54,12698.75,0,AJK,auto
AUTO-001099,26192.92,6912.35,0,KPK,auto
AUTO-001100,36279.39,10901.92,0,Punjab,auto
AUTO-001101,5176.44,3666.28,0,AJK,auto
AUTO-001102,62579.14,3741.86,0,Sindh,auto
AUTO-001103,20541.55,9792.52,0,KPK,auto
AUTO-001104,38333.96,13944.49,0,Sindh,auto
AUTO-001105,13095.8,1808.24,0,Balochistan,auto
AUTO-001106,29923.13,12303.22,1,GB,auto
AUTO-001107,13007.64,5247.14,0,GB,auto
AUTO-001108,16124.83,6944.85,0,KPK,auto
AUTO-001109,57355.02,2774.94,0,KPK,auto
AUTO-001110,20023.44,4099.85,0,GB,auto
AUTO-001111,24556.12,17551.6,0,AJK,auto
AUTO-001112,34031.23,8318.94,1,GB,auto
AUTO-001113,28221.54,5965.67,0,GB,auto
AUTO-001114,23746.95,7382.07,0,AJK,auto
AUTO-001115,26435.96,11984.5,0,Sindh,auto
AUTO-001116,73255.44,11526.4,0,AJK,auto
AUTO-001117,21400.95,7631.03,0,Punjab,auto
AUTO-001118,24356.39,19425.99,0,KPK,auto
AUTO-001119,37247.02,17612.6,0,GB,auto
AUTO-001120,38283.07,11279.0,0,Balochistan,auto
AUTO-001121,39875.41,8464.95,0,KPK,auto
AUTO-001122,30314.01,13709.67,0,GB,auto
AUTO-001123,12437.83,10419.29,0,Sindh,auto
AUTO-001124,49847.11,18932.59,0,GB,auto
AUTO-001125,12417.07,16641.4,0,AJK,auto
AUTO-001126,25624.85,3588.17,0,KPK,auto
AUTO-001127,15106.22,3398.98,0,AJK,auto
AUTO-001128,21331.3,4623.93,0,GB,auto
AUTO-001129,25961.79,17692.76,0,Sindh,auto
AUTO-001130,25865.84,2296.07,0,AJK,auto
AUTO-001131,27199.68,11112.28,0,Balochistan,auto
AUTO-001132,49358.02,10829.56,0,GB,auto
AUTO-001133,27633.03,20539.77,0,Sindh,auto
AUTO-001134,19495.16,9360.66,0,KPK,auto
AUTO-001135,35669.23,2766.76,0,KPK,auto
AUTO-001136,39924.09,3761.29,0,Balochistan,auto
AUTO-001137,11922.66,3147.63,0,Punjab,auto
AUTO-001138,29693.99,5269.26,0,AJK,auto
AUTO-001139,31275.38,7000.09,0,GB,auto
AUTO-001140,18981.46,3189.59,0,KPK,auto
AUTO-001141,43820.34,26279.11,0,GB,auto
AUTO-001142,20434.34,2806.73,0,Balochistan,auto
AUTO-001143,23453.81,23786.72,1,AJK,auto
AUTO-001144,20200.53,20913.09,0,Sindh,auto
AUTO-001145,22198.71,16624.65,0,GB,auto
AUTO-001146,12731.86,4651.69,0,Balochistan,auto
AUTO-001147,10721.16,10656.88,0,Sindh,auto
AUTO-001148,48886.3,2916.39,0,Sindh,auto
AUTO-001149,14422.13,16793.14,0,Sindh,auto
AUTO-001150,13417.35,7637.4,0,AJK,auto
AUTO-001151,7504.85,5840.34,0,Punjab,auto
AUTO-001152,16002.8,3044.23,0,GB,auto
AUTO-001153,11366.83,1116.55,0,Sindh,auto
AUTO-001154,50061.5,3530.4,0,KPK,auto
AUTO-001155,36494.2,19736.77,0,AJK,auto
AUTO-001156,15614.02,5870.72,0,AJK,auto
AUTO-001157,67928.97,7076.52,0,Sindh,auto
AUTO-001158,35985.91,13690.31,0,KPK,auto
AUTO-001159,18724.43,34356.11,0,Balochistan,auto
AUTO-001160,6312.56,23388.59,0,AJK,auto
AUTO-001161,69249.51,3722.43,0,Sindh,auto
AUTO-001162,10995.2,1712.9,0,GB,auto
AUTO-001163,9675.0,53513.62,0,Sindh,auto
AUTO-001164,36727.65,49771.27,0,GB,auto
AUTO-001165,74598.54,9421.63,0,GB,auto
AUTO-001166,44008.43,2932.5,0,Punjab,auto
AUTO-001167,29200.89,17510.94,0,Punjab,auto
AUTO-001168,29654.74,7432.47,0,Balochistan,auto
AUTO-001169,33749.06,7402.81,0,Balochistan,auto
AUTO-001170,32191.71,16573.61,0,GB,auto
AUTO-001171,25351.56,10588.25,0,Balochistan,auto
AUTO-001172,23204.48,3138.02,0,Balochistan,auto
AUTO-001173,21347.79,6249.19,0,Sindh,auto
AUTO-001174,15108.57,13751.76,0,Sindh,auto
AUTO-001175,19142.43,12187.93,0,Sindh,auto
AUTO-001176,9447.65,9992.73,0,KPK,auto
AUTO-001177,20969.62,17098.37,0,GB,auto
AUTO-001178,13436.15,6067.04,0,Balochistan,auto
AUTO-001179,12685.38,9348.17,0,KPK,auto
AUTO-001180,24099.52,544.32,0,AJK,auto
AUTO-001181,44178.84,5654.91,0,GB,auto
AUTO-001182,34862.2,14929.92,0,AJK,auto
AUTO-001183,10044.19,5929.44,0,Sindh,auto
AUTO-001184,13429.19,5580.41,0,AJK,auto
AUTO-001185,35255.81,3522.19,0,Sindh,auto
AUTO-001186,13477.22,18082.37,0,GB,auto
AUTO-001187,19686.4,12566.26,0,GB,auto
AUTO-001188,28999.27,15682.99,0,Balochistan,auto
AUTO-001189,13572.86,2036.58,0,KPK,auto
AUTO-001190,23218.11,7126.96,0,Sindh,auto
AUTO-001191,11304.85,6476.34,0,Punjab,auto
AUTO-001192,16306.45,6473.96,0,Punjab,auto
AUTO-001193,25845.48,4950.17,0,Balochistan,auto
AUTO-001194,9931.86,6143.3,0,KPK,auto
AUTO-001195,27453.18,15989.95,0,Sindh,auto
AUTO-001196,21811.25,1754.11,0,Balochistan,auto
AUTO-001197,29034.64,33585.03,0,KPK,auto
AUTO-001198,24635.83,11933.12,0,Punjab,auto
AUTO-001199,43567.65,7833.26,0,Sindh,auto
AUTO-001200,23449.68,16738.51,1,KPK,auto
AUTO-001201,17770.54,2536.48,0,AJK,auto
AUTO-001202,23415.39,4761.13,0,Sindh,auto
AUTO-001203,28901.51,7355.03,0,AJK,auto
AUTO-001204,22571.2,24159.87,0,GB,auto
AUTO-001205,22478.08,7807.21,0,GB,auto
AUTO-001206,15506.34,11614.9,0,GB,auto
AUTO-001207,15812.4,5056.03,0,Balochistan,auto
AUTO-001208,10923.78,11961.8,0,KPK,auto
AUTO-001209,52827.56,31001.52,0,GB,auto
AUTO-001210,11826.15,17969.32,0,KPK,auto
AUTO-001211,15576.95,7591.89,0,KPK,auto
AUTO-001212,15379.59,13910.41,0,KPK,auto
AUTO-001213,34456.82,12861.76,0,Sindh,auto
AUTO-001214,19006.29,12152.26,0,AJK,auto
AUTO-001215,41104.42,19723.43,0,AJK,auto
AUTO-001216,15728.89,19605.83,0,Balochistan,auto
AUTO-001217,25323.73,7319.32,0,GB,auto
AUTO-001218,14506.13,13541.35,0,Balochistan,auto
AUTO-001219,64381.05,5964.16,0,KPK,auto
AUTO-001220,12163.57,3872.06,0,Punjab,auto
AUTO-001221,25717.07,6531.59,0,Punjab,auto
AUTO-001222,30239.02,7623.4,0,KPK,auto
AUTO-001223,27089.45,2144.66,0,GB,auto
AUTO-001224,20077.52,16127.26,0,AJK,auto
AUTO-001225,20642.13,885.49,0,Balochistan,auto
AUTO-001226,22514.3,71100.78,0,Sindh,auto
AUTO-001227,20465.57,26943.66,0,Punjab,auto
AUTO-001228,35665.52,6576.07,1,Balochistan,auto
AUTO-001229,66520.24,8164.42,0,Punjab,auto
AUTO-001230,16668.14,10325.56,0,AJK,auto
AUTO-001231,11104.42,5057.72,0,AJK,auto
AUTO-001232,21075.34,9453.07,0,KPK,auto
AUTO-001233,80005.82,7221.37,0,KPK,auto
AUTO-001234,14737.68,7514.44,0,Punjab,auto
AUTO-001235,49989.01,9369.07,0,Punjab,auto
AUTO-001236,50962.76,2833.24,0,Balochistan,auto
AUTO-001237,16700.7,8363.7,0,KPK,auto
AUTO-001238,29275.07,9235.02,0,AJK,auto
AUTO-001239,49721.78,8982.91,0,GB,auto
AUTO-001240,18222.93,6818.1,0,Balochistan,auto
AUTO-001241,19894.72,20136.44,0,Balochistan,auto
AUTO-001242,16467.76,6106.31,0,Sindh,auto
AUTO-001243,13261.52,9719.22,0,GB,auto
AUTO-001244,15920.47,22875.87,0,AJK,auto
AUTO-001245,11944.54,7604.53,0,Balochistan,auto
AUTO-001246,22405.05,9619.72,0,GB,auto
AUTO-001247,14988.12,7501.76,0,Sindh,auto
AUTO-001248,24757.73,21805.03,0,GB,auto
AUTO-001249,10117.81,6593.37,0,KPK,auto
AUTO-001250,25989.3,22622.12,0,AJK,auto
AUTO-001251,33415.14,7458.65,0,KPK,auto
AUTO-001252,8128.5,4074.21,0,Sindh,auto
AUTO-001253,26556.46,13953.68,0,AJK,auto
AUTO-001254,40693.94,6350.35,0,Punjab,auto
AUTO-001255,12030.25,13311.73,0,Punjab,auto
AUTO-001256,50832.25,912.76,0,Punjab,auto
AUTO-001257,27160.24,8136.9,0,GB,auto
AUTO-001258,15482.94,5610.05,0,Balochistan,auto
AUTO-001259,21420.75,3461.28,0,GB,auto
AUTO-001260,29119.5,5205.17,0,GB,auto
AUTO-001261,22879.64,5120.65,1,GB,auto
AUTO-001262,28835.95,7797.91,0,GB,auto
AUTO-001263,13900.27,2713.89,0,Punjab,auto
AUTO-001264,23972.93,10436.02,0,Balochistan,auto
AUTO-001265,10863.27,24172.52,0,Balochistan,auto
AUTO-001266,20834.95,10145.07,0,Sindh,auto
AUTO-001267,14017.28,15478.25,0,Punjab,auto
AUTO-001268,15248.48,19450.93,1,AJK,auto
AUTO-001269,40865.71,21789.68,0,GB,auto
AUTO-001270,38011.92,36174.54,0,Balochistan,auto
AUTO-001271,29868.78,5435.13,0,Sindh,auto
AUTO-001272,12757.1,4560.62,0,Balochistan,auto
AUTO-001273,18803.45,15165.41,0,AJK,auto
AUTO-001274,40398.54,14279.97,0,AJK,auto
AUTO-001275,23643.85,15071.19,0,Punjab,auto
AUTO-001276,70239.41,36732.82,0,Balochistan,auto
AUTO-001277,26813.45,8177.13,0,AJK,auto
AUTO-001278,24246.43,11394.95,0,KPK,auto
AUTO-001279,18872.13,3698.53,0,AJK,auto
AUTO-001280,23547.39,44723.61,0,AJK,auto
AUTO-001281,20409.69,6190.46,0,Balochistan,auto
AUTO-001282,31384.03,6332.35,0,GB,auto
AUTO-001283,35537.76,6140.12,0,AJK,auto
AUTO-001284,14868.58,4837.16,0,Sindh,auto
AUTO-001285,11320.65,4520.83,0,GB,auto
AUTO-001286,8794.64,5329.63,1,AJK,auto
AUTO-001287,28395.78,2717.22,0,KPK,auto
AUTO-001288,12686.79,4323.18,0,AJK,auto
AUTO-001289,7506.73,38529.15,0,Punjab,auto
AUTO-001290,26749.99,14596.31,0,Balochistan,auto
AUTO-001291,76611.29,16995.83,0,KPK,auto
AUTO-001292,21959.71,20780.43,0,Sindh,auto
AUTO-001293,33498.15,35147.46,0,AJK,auto
AUTO-001294,22946.36,1964.24,0,AJK,auto
AUTO-001295,20963.86,3029.32,0,Sindh,auto
AUTO-001296,34875.44,4259.99,0,AJK,auto
AUTO-001297,19050.77,5564.8,0,Punjab,auto
AUTO-001298,25177.25,6371.21,1,GB,auto
AUTO-001299,25870.25,5667.02,0,GB,auto
AUTO-001300,15771.42,9657.09,1,KPK,auto
AUTO-001301,36171.3,8335.15,0,AJK,auto
AUTO-001302,20181.47,4544.77,0,Sindh,auto
AUTO-001303,15095.13,1421.63,0,Sindh,auto
AUTO-001304,28803.58,3661.78,0,KPK,auto
AUTO-001305,14055.46,5221.86,0,Punjab,auto
AUTO-001306,22339.03,6649.76,0,KPK,auto
AUTO-001307,21926.26,3282.19,0,AJK,auto
AUTO-001308,37909.15,5471.76,0,GB,auto
AUTO-001309,27927.0,3278.73,0,Punjab,auto
AUTO-001310,21752.56,7327.17,0,Punjab,auto
AUTO-001311,33152.82,3434.16,0,Sindh,auto
AUTO-001312,44139.21,4108.76,1,Punjab,auto
AUTO-001313,29111.98,2844.24,0,AJK,auto
AUTO-001314,22140.78,7166.69,0,AJK,auto
AUTO-001315,11430.97,4051.5,0,AJK,auto
AUTO-001316,12931.78,16737.84,0,GB,auto
AUTO-001317,18908.89,11211.33,0,Balochistan,auto
AUTO-001318,16240.18,7662.69,0,Punjab,auto
AUTO-001319,20060.63,4281.3,0,Punjab,auto
AUTO-001320,22659.28,10986.43,0,AJK,auto
AUTO-001321,28705.57,14080.71,0,Sindh,auto
AUTO-001322,21263.57,9082.92,0,GB,auto
AUTO-001323,28092.3,29230.31,0,Punjab,auto
AUTO-001324,22748.11,11704.28,0,Balochistan,auto
AUTO-001325,8203.09,16829.45,0,Punjab,auto
AUTO-001326,13771.17,9016.87,0,KPK,auto
AUTO-001327,20495.41,13912.34,0,Balochistan,auto
AUTO-001328,12029.93,4283.71,0,Sindh,auto
AUTO-001329,29731.56,5615.47,0,Balochistan,auto
AUTO-001330,47352.52,10715.97,0,Balochistan,auto
AUTO-001331,40513.11,10653.88,0,Punjab,auto
AUTO-001332,19796.86,12162.22,0,Balochistan,auto
AUTO-001333,46414.31,19541.86,0,AJK,auto
AUTO-001334,23726.17,2591.58,0,GB,auto
AUTO-001335,18610.05,3716.13,0,Balochistan,auto
AUTO-001336,16208.62,9736.71,0,Punjab,auto
AUTO-001337,18934.96,4539.21,0,AJK,auto
AUTO-001338,18140.67,120839.03,0,Sindh,auto
AUTO-001339,23985.58,12241.36,0,KPK,auto
AUTO-001340,23867.83,7610.89,0,Balochistan,auto
AUTO-001341,22060.04,5364.85,0,AJK,auto
AUTO-001342,27404.68,5518.55,0,AJK,auto
AUTO-001343,39947.57,8300.84,0,Sindh,auto
AUTO-001344,35410.97,8862.51,0,Sindh,auto
AUTO-001345,10483.43,5623.11,0,KPK,auto
AUTO-001346,6142.82,6512.5,0,KPK,auto
AUTO-001347,35142.27,23752.13,0,Punjab,auto
AUTO-001348,11120.67,24528.82,0,KPK,auto
AUTO-001349,19685.1,9913.25,0,KPK,auto
AUTO-001350,12270.38,2771.08,0,AJK,auto
AUTO-001351,8946.43,12466.53,0,Balochistan,auto
AUTO-001352,28875.0,28097.22,0,Balochistan,auto
AUTO-001353,32195.36,24241.59,0,GB,auto
AUTO-001354,16510.38,14581.96,0,KPK,auto
AUTO-001355,6029.86,25284.29,1,GB,auto
AUTO-001356,16762.14,8456.64,0,GB,auto
AUTO-001357,26793.16,13392.93,0,Punjab,auto
AUTO-001358,10514.85,4700.29,0,Punjab,auto
AUTO-001359,24141.31,10237.5,0,Balochistan,auto
AUTO-001360,21858.5,23473.5,0,Sindh,auto
AUTO-001361,29426.35,5056.66,0,AJK,auto
AUTO-001362,23383.6,4067.75,1,KPK,auto
AUTO-001363,13540.84,8760.35,0,AJK,auto
AUTO-001364,40066.1,6759.27,0,KPK,auto
AUTO-001365,20347.95,13620.32,0,KPK,auto
AUTO-001366,21727.8,5638.61,0,GB,auto
AUTO-001367,13813.01,32040.36,0,Balochistan,auto
AUTO-001368,17647.67,2887.83,0,AJK,auto
AUTO-001369,14151.82,22092.38,0,AJK,auto
AUTO-001370,20201.8,4394.55,0,Sindh,auto
AUTO-001371,51836.73,1926.03,0,Sindh,auto
AUTO-001372,11092.78,9801.59,0,AJK,auto
AUTO-001373,9830.25,6609.83,1,Sindh,auto
AUTO-001374,45962.69,3335.28,0,Sindh,auto
AUTO-001375,19837.67,2110.96,0,KPK,auto
AUTO-001376,15763.68,8049.07,0,Balochistan,auto
AUTO-001377,37047.36,17688.49,0,KPK,auto
AUTO-001378,16271.86,12938.5,0,GB,auto
AUTO-001379,54885.52,8479.15,0,Sindh,auto
AUTO-001380,30913.95,11885.54,0,KPK,auto
AUTO-001381,17258.23,7928.58,0,KPK,auto
AUTO-001382,64773.65,2581.74,0,Punjab,auto
AUTO-001383,16271.05,2600.05,0,KPK,auto
AUTO-001384,31921.9,6887.51,0,KPK,auto
AUTO-001385,25582.05,7125.8,0,Balochistan,auto
AUTO-001386,42229.35,16007.08,0,AJK,auto
AUTO-001387,48086.44,14851.31,0,Punjab,auto
AUTO-001388,22381.77,13149.07,0,Punjab,auto
AUTO-001389,15112.71,6475.45,0,Punjab,auto
AUTO-001390,27722.12,2685.11,0,GB,auto
AUTO-001391,15695.7,11267.27,0,Punjab,auto
AUTO-001392,60276.26,12334.25,0,Balochistan,auto
AUTO-001393,23582.68,1198.92,0,AJK,auto
AUTO-001394,18349.16,4156.92,0,GB,auto
AUTO-001395,24157.26,4661.8,0,Balochistan,auto
AUTO-001396,11231.04,8907.78,0,Punjab,auto
AUTO-001397,13550.69,4261.22,0,AJK,auto
AUTO-001398,40143.14,7859.61,0,Balochistan,auto
AUTO-001399,15859.96,6847.04,0,AJK,auto
AUTO-001400,13050.01,7134.38,0,GB,auto
AUTO-001401,28805.64,4568.25,0,Balochistan,auto
AUTO-001402,39848.98,4860.09,0,AJK,auto
AUTO-001403,31554.66,3414.5,0,Balochistan,auto
AUTO-001404,36243.81,10982.45,0,Punjab,auto
AUTO-001405,15087.21,12795.93,0,Punjab,auto
AUTO-001406,10819.38,4374.32,0,Punjab,auto
AUTO-001407,46661.13,27351.1,0,GB,auto
AUTO-001408,18744.58,6300.09,0,Balochistan,auto
AUTO-001409,19430.19,27560.77,0,AJK,auto
AUTO-001410,42791.6,4847.89,0,AJK,auto
AUTO-001411,29088.99,1601.57,0,Sindh,auto
AUTO-001412,27665.57,11178.62,0,KPK,auto
AUTO-001413,65023.31,9885.62,0,Punjab,auto
AUTO-001414,15966.39,8329.14,0,Punjab,auto
AUTO-001415,35028.6,4847.48,0,Punjab,auto
AUTO-001416,22663.4,7882.04,0,Sindh,auto
AUTO-001417,25192.36,5382.95,0,Sindh,auto
AUTO-001418,47298.52,6362.14,0,Sindh,auto
AUTO-001419,28393.57,15887.78,0,Punjab,auto
AUTO-001420,28829.32,9389.75,0,AJK,auto
AUTO-001421,37656.23,13199.85,0,Punjab,auto
AUTO-001422,18352.55,6731.18,0,Sindh,auto
AUTO-001423,14478.14,6163.41,0,Sindh,auto
AUTO-001424,13063.74,3220.25,1,KPK,auto
AUTO-001425,8240.54,6026.8,0,Balochistan,auto
AUTO-001426,61580.69,568.56,0,KPK,auto
AUTO-001427,12687.8,5053.43,0,KPK,auto
AUTO-001428,19719.7,7589.35,1,Punjab,auto
AUTO-001429,19179.42,12720.1,0,Balochistan,auto
AUTO-001430,25686.05,6535.85,0,Balochistan,auto
AUTO-001431,33119.21,10701.5,1,Punjab,auto
AUTO-001432,33868.37,1416.82,0,AJK,auto
AUTO-001433,16456.26,7742.89,0,GB,auto
AUTO-001434,20260.72,2114.13,0,Punjab,auto
AUTO-001435,25369.17,3082.07,0,AJK,auto
AUTO-001436,19451.01,6976.26,0,AJK,auto
AUTO-001437,49201.18,22494.16,0,Balochistan,auto
AUTO-001438,28155.2,10904.88,0,Punjab,auto
AUTO-001439,31806.91,8222.13,0,Punjab,auto
AUTO-001440,30682.28,7977.46,0,Balochistan,auto
AUTO-001441,39606.04,4578.36,0,KPK,auto
AUTO-001442,24113.11,5243.86,0,Punjab,auto
AUTO-001443,11517.05,11406.07,0,GB,auto
AUTO-001444,26898.99,2675.02,0,GB,auto
AUTO-001445,15903.93,13022.62,0,Sindh,auto
AUTO-001446,16910.53,5938.4,0,Sindh,auto
AUTO-001447,29530.59,15684.77,0,Punjab,auto
AUTO-001448,40910.48,17481.09,0,AJK,auto
AUTO-001449,22261.98,2125.01,0,GB,auto
AUTO-001450,25704.38,5088.48,0,GB,auto
AUTO-001451,51591.26,4087.05,0,Balochistan,auto
AUTO-001452,24844.13,1900.4,0,GB,auto
AUTO-001453,80889.68,3547.41,0,AJK,auto
AUTO-001454,29224.27,57125.43,1,Sindh,auto
AUTO-001455,9132.72,13195.19,0,Sindh,auto
AUTO-001456,32101.91,37565.09,0,Balochistan,auto
AUTO-001457,26650.93,15729.27,1,Sindh,auto
AUTO-001458,41976.97,4476.18,0,KPK,auto
AUTO-001459,30840.7,5970.48,0,Sindh,auto
AUTO-001460,20553.2,12974.6,0,GB,auto
AUTO-001461,11942.41,11498.88,0,AJK,auto
AUTO-001462,19840.65,5105.77,0,AJK,auto
AUTO-001463,14396.49,2421.17,0,KPK,auto
AUTO-001464,16477.29,112443.81,0,AJK,auto
AUTO-001465,29563.31,7237.86,0,AJK,auto
AUTO-001466,50764.48,6244.2,0,AJK,auto
AUTO-001467,26831.61,8872.11,0,Punjab,auto
AUTO-001468,12113.29,6672.95,0,KPK,auto
AUTO-001469,27509.9,8939.04,0,KPK,auto
AUTO-001470,40067.3,22687.24,0,Sindh,auto
AUTO-001471,16237.99,7334.62,0,GB,auto
AUTO-001472,20598.87,3196.56,0,KPK,auto
AUTO-001473,22188.83,7120.16,0,Balochistan,auto
AUTO-001474,14876.69,5588.57,0,KPK,auto
AUTO-001475,30459.1,25314.16,0,Balochistan,auto
AUTO-001476,20733.91,20679.44,0,AJK,auto
AUTO-001477,27167.22,8830.97,0,GB,auto
AUTO-001478,14132.8,2913.21,0,Balochistan,auto
AUTO-001479,17699.13,3039.01,0,GB,auto
AUTO-001480,31608.79,8201.72,0,GB,auto
AUTO-001481,18280.38,10604.76,0,Punjab,auto
AUTO-001482,52233.64,6004.72,0,GB,auto
AUTO-001483,18037.03,5518.52,0,AJK,auto
AUTO-001484,24645.32,5043.02,0,Balochistan,auto
AUTO-001485,35111.9,7952.84,0,GB,auto
AUTO-001486,10838.04,1204.46,0,AJK,auto
AUTO-001487,9132.51,3357.46,0,Punjab,auto
AUTO-001488,10271.95,4906.71,0,AJK,auto
AUTO-001489,41410.6,21290.21,0,AJK,auto
AUTO-001490,16715.15,4225.74,0,KPK,auto
AUTO-001491,79149.97,9361.63,0,Sindh,auto
AUTO-001492,16611.93,9713.13,0,Balochistan,auto
AUTO-001493,24155.7,22887.2,0,Sindh,auto
AUTO-001494,47622.23,22249.21,0,Punjab,auto
AUTO-001495,60056.82,7738.77,0,Punjab,auto
AUTO-001496,61743.98,5539.24,0,AJK,auto
AUTO-001497,40303.08,4764.43,0,Sindh,auto
AUTO-001498,36755.06,6681.84,0,Balochistan,auto
AUTO-001499,29621.73,5726.0,0,Balochistan,auto
AUTO-001500,32506.02,12618.28,0,AJK,auto
AUTO-001501,16720.77,11341.77,0,Balochistan,auto
AUTO-001502,14631.04,13009.58,0,KPK,auto
AUTO-001503,21989.33,22190.66,0,Sindh,auto
AUTO-001504,20229.71,35964.78,0,Punjab,auto
AUTO-001505,17560.12,8952.88,0,Balochistan,auto
AUTO-001506,31200.63,19527.34,0,Balochistan,auto
AUTO-001507,35512.95,6116.05,0,Balochistan,auto
AUTO-001508,23021.95,20910.48,0,AJK,auto
AUTO-001509,46109.07,18943.33,0,Punjab,auto
AUTO-001510,12446.01,18155.57,0,Sindh,auto
AUTO-001511,19993.66,8736.42,0,Balochistan,auto
AUTO-001512,15391.78,4747.22,0,KPK,auto
AUTO-001513,8662.27,2655.47,0,GB,auto
AUTO-001514,21134.45,7847.66,0,AJK,auto
AUTO-001515,20725.63,27623.17,0,Sindh,auto
AUTO-001516,46944.67,6324.11,0,Balochistan,auto
AUTO-001517,30194.22,15185.58,0,Sindh,auto
AUTO-001518,13199.14,15917.29,0,AJK,auto
AUTO-001519,55661.63,6457.85,0,GB,auto
AUTO-001520,40559.16,23227.12,0,KPK,auto
AUTO-001521,29467.67,790.82,0,Balochistan,auto
AUTO-001522,19668.19,3046.66,0,KPK,auto
AUTO-001523,13633.43,3895.18,0,AJK,auto
AUTO-001524,18286.1,4205.83,0,KPK,auto
AUTO-001525,37963.27,10604.25,0,AJK,auto
AUTO-001526,56516.8,10219.27,0,GB,auto
AUTO-001527,47649.23,11105.46,0,KPK,auto
AUTO-001528,17250.14,13054.2,0,Sindh,auto
AUTO-001529,12584.12,3789.22,0,Sindh,auto
AUTO-001530,23634.04,3057.82,0,AJK,auto
AUTO-001531,9097.73,11126.18,0,Sindh,auto
AUTO-001532,25889.27,4894.24,0,GB,auto
AUTO-001533,20459.42,2306.81,0,KPK,auto
AUTO-001534,17448.03,17625.03,0,KPK,auto
AUTO-001535,9923.38,24737.65,0,Balochistan,auto
AUTO-001536,28475.52,28162.0,0,AJK,auto
AUTO-001537,16876.03,9410.73,0,Sindh,auto
AUTO-001538,12271.58,13369.69,0,GB,auto
AUTO-001539,5238.91,24243.28,0,AJK,auto
AUTO-001540,21725.51,4850.65,0,Sindh,auto
AUTO-001541,53429.9,19703.31,0,Balochistan,auto
AUTO-001542,50545.52,10100.27,0,KPK,auto
AUTO-001543,17526.19,16830.86,0,KPK,auto
AUTO-001544,16299.57,9403.85,0,GB,auto
AUTO-001545,27844.4,22856.83,0,Punjab,auto
AUTO-001546,13370.52,9689.7,0,AJK,auto
AUTO-001547,25614.04,2472.08,0,Sindh,auto
AUTO-001548,32307.03,25888.17,0,Punjab,auto
AUTO-001549,40678.97,3797.03,0,AJK,auto
AUTO-001550,20950.61,22080.42,0,Sindh,auto
AUTO-001551,19893.79,7538.7,0,Balochistan,auto
AUTO-001552,14200.16,20760.53,0,AJK,auto
AUTO-001553,14567.67,20086.73,0,Sindh,auto
AUTO-001554,19668.24,11431.34,0,KPK,auto
AUTO-001555,26467.76,12171.21,0,AJK,auto
AUTO-001556,34779.81,11362.83,0,Sindh,auto
AUTO-001557,14741.33,1617.99,0,GB,auto
AUTO-001558,46459.87,8907.64,0,KPK,auto
AUTO-001559,19234.06,3318.1,0,KPK,auto
AUTO-001560,21792.4,9292.38,0,Punjab,auto
AUTO-001561,15159.67,3247.52,0,Sindh,auto
AUTO-001562,6554.32,3140.19,0,Punjab,auto
AUTO-001563,34269.9,29259.15,0,GB,auto
AUTO-001564,31838.19,19064.02,0,Punjab,auto
AUTO-001565,19136.18,8076.27,0,Balochistan,auto
AUTO-001566,22776.75,9393.89,0,Punjab,auto
AUTO-001567,28508.84,6645.31,0,Punjab,auto
AUTO-001568,10084.22,12783.38,0,Balochistan,auto
AUTO-001569,16906.84,4718.08,0,Balochistan,auto
AUTO-001570,32765.53,17943.66,0,AJK,auto
AUTO-001571,11764.66,6617.88,0,Punjab,auto
AUTO-001572,25508.81,5791.36,0,KPK,auto
AUTO-001573,11178.07,8245.07,0,Balochistan,auto
AUTO-001574,27811.78,5049.69,0,Sindh,auto
AUTO-001575,21637.41,10540.14,0,AJK,auto
AUTO-001576,9822.53,5271.71,0,AJK,auto
AUTO-001577,39433.45,11787.78,0,Punjab,auto
AUTO-001578,15255.63,21435.53,0,GB,auto
AUTO-001579,14689.29,4557.56,0,KPK,auto
AUTO-001580,24349.94,7299.34,0,GB,auto
AUTO-001581,39117.24,11720.15,0,GB,auto
AUTO-001582,13254.46,5717.66,0,Balochistan,auto
AUTO-001583,22716.34,11748.21,0,Sindh,auto
AUTO-001584,27293.62,12636.18,0,Punjab,auto
AUTO-001585,31149.48,19275.87,0,KPK,auto
AUTO-001586,24057.95,4990.08,1,Punjab,auto
AUTO-001587,18333.51,3811.51,0,Punjab,auto
AUTO-001588,14562.5,6335.59,0,AJK,auto
AUTO-001589,22995.92,3736.1,0,GB,auto
AUTO-001590,12886.44,12728.5,0,Sindh,auto
AUTO-001591,5111.89,3199.02,0,Sindh,auto
AUTO-001592,27399.5,52386.97,0,Sindh,auto
AUTO-001593,34612.4,22850.82,0,Sindh,auto
AUTO-001594,6758.35,8185.02,0,Balochistan,auto
AUTO-001595,13294.88,16218.63,0,Balochistan,auto
AUTO-001596,30018.74,2187.6,0,Sindh,auto
AUTO-001597,61620.37,61004.24,0,KPK,auto
AUTO-001598,22256.67,5053.46,0,Balochistan,auto
AUTO-001599,15305.97,7358.43,0,Balochistan,auto
AUTO-001600,20101.54,1835.83,0,KPK,auto
AUTO-001601,43802.15,11956.49,0,Sindh,auto
AUTO-001602,15946.87,3344.01,0,Punjab,auto
AUTO-001603,14770.75,8789.6,1,Balochistan,auto
AUTO-001604,17302.88,5242.64,0,Punjab,auto
AUTO-001605,13675.15,3421.4,0,Punjab,auto
AUTO-001606,23419.75,4257.81,0,KPK,auto
AUTO-001607,49629.43,9707.27,0,Sindh,auto
AUTO-001608,25888.12,2906.8,0,GB,auto
AUTO-001609,19415.43,4451.3,0,Punjab,auto
AUTO-001610,19036.14,13775.11,0,Sindh,auto
AUTO-001611,10080.97,64989.69,0,AJK,auto
AUTO-001612,34253.87,11873.58,0,GB,auto
AUTO-001613,21185.69,3890.1,0,GB,auto
AUTO-001614,20125.84,6040.9,0,GB,auto
AUTO-001615,108722.47,8310.47,0,Sindh,auto
AUTO-001616,25575.15,6127.0,0,KPK,auto
AUTO-001617,15125.0,16688.02,0,KPK,auto
AUTO-001618,17797.64,9642.92,0,AJK,auto
AUTO-001619,39113.5,16752.15,0,KPK,auto
AUTO-001620,23309.94,6300.88,0,Sindh,auto
AUTO-001621,10730.67,23397.87,0,GB,auto
AUTO-001622,34878.1,7092.63,0,Sindh,auto
AUTO-001623,15771.0,3725.84,0,GB,auto
AUTO-001624,56198.7,46251.83,0,Sindh,auto
AUTO-001625,37798.47,1881.86,0,KPK,auto
AUTO-001626,17612.06,4487.31,0,Sindh,auto
AUTO-001627,41794.0,4906.8,0,Balochistan,auto
AUTO-001628,22786.6,60273.33,0,GB,auto
AUTO-001629,33738.23,34388.83,0,GB,auto
AUTO-001630,28067.47,26772.82,0,AJK,auto
AUTO-001631,14426.49,6219.68,0,Balochistan,auto
AUTO-001632,15966.13,56440.51,0,Sindh,auto
AUTO-001633,36863.62,10880.0,0,KPK,auto
AUTO-001634,18631.56,17708.69,0,AJK,auto
AUTO-001635,18000.88,9355.84,0,Balochistan,auto
AUTO-001636,13662.89,7788.68,0,Sindh,auto
AUTO-001637,27222.51,6624.81,0,KPK,auto
AUTO-001638,61775.52,6851.95,0,Sindh,auto
AUTO-001639,12916.15,13184.45,0,GB,auto
AUTO-001640,22294.82,10869.98,0,Balochistan,auto
AUTO-001641,44627.71,7901.62,0,Balochistan,auto
AUTO-001642,21166.59,27108.95,0,AJK,auto
AUTO-001643,27616.97,754.91,1,KPK,auto
AUTO-001644,12949.38,12184.38,0,Punjab,auto
AUTO-001645,27286.67,14388.59,0,Sindh,auto
AUTO-001646,20058.89,20283.65,0,KPK,auto
AUTO-001647,36057.31,7693.28,0,Punjab,auto
AUTO-001648,39882.5,9569.5,0,KPK,auto
AUTO-001649,80400.99,17832.16,0,Sindh,auto
AUTO-001650,29431.38,26713.73,0,Sindh,auto
AUTO-001651,25923.32,6371.38,1,AJK,auto
AUTO-001652,24274.75,10032.46,0,Balochistan,auto
AUTO-001653,18461.02,31034.64,0,Balochistan,auto
AUTO-001654,26088.29,1481.45,1,Balochistan,auto
AUTO-001655,19002.0,4665.68,0,AJK,auto
AUTO-001656,23962.14,26177.85,0,Balochistan,auto
AUTO-001657,42565.48,19419.45,0,KPK,auto
AUTO-001658,13316.09,12307.4,0,Balochistan,auto
AUTO-001659,38946.31,5659.68,0,Balochistan,auto
AUTO-001660,42555.21,4001.98,0,GB,auto
AUTO-001661,20763.79,5049.41,0,Sindh,auto
AUTO-001662,7624.12,27956.54,0,AJK,auto
AUTO-001663,16253.91,4901.25,0,AJK,auto
AUTO-001664,42129.24,8787.96,0,Balochistan,auto
AUTO-001665,21776.05,4433.9,1,GB,auto
AUTO-001666,13364.39,15902.3,0,Punjab,auto
AUTO-001667,17113.32,5265.96,0,Sindh,auto
AUTO-001668,33533.83,7494.5,0,Balochistan,auto
AUTO-001669,28951.2,2107.58,0,Punjab,auto
AUTO-001670,19546.16,2228.99,0,KPK,auto
AUTO-001671,18335.38,8152.98,0,GB,auto
AUTO-001672,18108.21,2807.01,0,GB,auto
AUTO-001673,13888.2,43654.83,0,Sindh,auto
AUTO-001674,49399.12,1557.41,0,GB,auto
AUTO-001675,18747.95,4272.1,0,AJK,auto
AUTO-001676,40480.65,8212.07,0,Punjab,auto
AUTO-001677,47129.67,6050.48,0,Balochistan,auto
AUTO-001678,36284.85,3349.89,0,Punjab,auto
AUTO-001679,17750.87,3765.58,0,AJK,auto
AUTO-001680,26953.41,3668.27,0,KPK,auto
AUTO-001681,21761.6,6442.18,0,Punjab,auto
AUTO-001682,14018.72,38620.68,0,Balochistan,auto
AUTO-001683,25904.7,8624.39,0,Punjab,auto
AUTO-001684,12215.73,20875.27,0,GB,auto
AUTO-001685,39888.35,12156.04,0,KPK,auto
AUTO-001686,17460.41,19753.58,0,Punjab,auto
AUTO-001687,24357.13,862.67,0,KPK,auto
AUTO-001688,25378.15,6351.42,0,KPK,auto
AUTO-001689,19351.93,23056.62,0,Sindh,auto
AUTO-001690,29535.46,5128.72,0,Sindh,auto
AUTO-001691,17370.84,33189.16,0,Balochistan,auto
AUTO-001692,34052.16,26558.69,0,Balochistan,auto
AUTO-001693,11237.48,5567.47,0,Balochistan,auto
AUTO-001694,23463.23,5417.93,0,KPK,auto
AUTO-001695,58073.49,3601.53,0,KPK,auto
AUTO-001696,13357.51,4896.74,0,Sindh,auto
AUTO-001697,15695.47,3022.77,0,GB,auto
AUTO-001698,28479.9,11419.17,0,KPK,auto
AUTO-001699,24095.75,2527.95,0,Sindh,auto
AUTO-001700,26247.21,13134.35,0,Punjab,auto
AUTO-001701,28130.05,13392.67,0,Balochistan,auto
AUTO-001702,30253.31,2145.3,0,Balochistan,auto
AUTO-001703,38363.05,27997.06,0,AJK,auto
AUTO-001704,27035.59,12220.71,0,GB,auto
AUTO-001705,19523.44,14761.22,0,Sindh,auto
AUTO-001706,30831.34,4416.35,1,AJK,auto
AUTO-001707,56950.68,13331.74,0,Balochistan,auto
AUTO-001708,20613.12,19952.6,0,AJK,auto
AUTO-001709,13530.96,7488.42,0,Punjab,auto
AUTO-001710,38312.84,40196.61,0,AJK,auto
AUTO-001711,20739.79,8393.83,0,Punjab,auto
AUTO-001712,7432.85,20183.66,0,Balochistan,auto
AUTO-001713,33648.07,10243.59,0,KPK,auto
AUTO-001714,16853.88,12944.38,0,Sindh,auto
AUTO-001715,21051.63,2127.99,0,AJK,auto
AUTO-001716,26003.6,10903.54,0,GB,auto
AUTO-001717,24227.65,4500.84,0,Punjab,auto
AUTO-001718,31405.11,4117.01,0,GB,auto
AUTO-001719,17716.59,32704.98,0,Balochistan,auto
AUTO-001720,28468.48,6829.34,0,GB,auto
AUTO-001721,19345.72,3631.35,0,GB,auto
AUTO-001722,31869.52,6079.6,0,Balochistan,auto
AUTO-001723,29961.96,2863.04,0,KPK,auto
AUTO-001724,13798.02,25517.19,0,GB,auto
AUTO-001725,37910.79,4644.58,0,GB,auto
AUTO-001726,16848.52,12375.08,0,GB,auto
AUTO-001727,32992.28,23977.84,0,Balochistan,auto
AUTO-001728,26466.73,5431.0,0,GB,auto
AUTO-001729,55220.63,12402.06,0,Balochistan,auto
AUTO-001730,19697.89,3554.36,0,KPK,auto
AUTO-001731,18496.59,57332.08,0,Balochistan,auto
AUTO-001732,21813.63,17138.87,0,GB,auto
AUTO-001733,18928.24,6945.96,0,Punjab,auto
AUTO-001734,32858.67,4366.57,0,GB,auto
AUTO-001735,9816.74,7396.8,0,AJK,auto
AUTO-001736,13005.91,6173.45,0,AJK,auto
AUTO-001737,12914.4,38652.07,1,Punjab,auto
AUTO-001738,35424.32,3039.88,1,AJK,auto
AUTO-001739,51808.35,9025.79,0,GB,auto
AUTO-001740,20905.66,7985.08,0,Balochistan,auto
AUTO-001741,20243.5,7376.63,0,GB,auto
AUTO-001742,22811.64,7428.7,0,AJK,auto
AUTO-001743,39377.08,7384.54,0,AJK,auto
AUTO-001744,13853.92,16292.38,0,Balochistan,auto
AUTO-001745,24814.53,13189.65,0,AJK,auto
AUTO-001746,35867.93,11329.09,0,Balochistan,auto
AUTO-001747,28298.02,715.38,0,KPK,auto
AUTO-001748,24216.53,10299.35,0,GB,auto
AUTO-001749,36334.5,2154.88,0,KPK,auto
AUTO-001750,5700.93,13589.55,0,AJK,auto
AUTO-001751,30913.17,26359.87,0,KPK,auto
AUTO-001752,15882.33,3862.26,0,AJK,auto
AUTO-001753,8819.17,6572.01,0,KPK,auto
AUTO-001754,28441.41,5016.64,0,AJK,auto
AUTO-001755,43775.49,21771.25,0,Sindh,auto
AUTO-001756,20563.56,8743.12,0,GB,auto
AUTO-001757,35469.81,32294.86,0,Punjab,auto
AUTO-001758,49322.67,11282.45,0,GB,auto
AUTO-001759,42508.41,9837.53,0,KPK,auto
AUTO-001760,50010.2,8557.52,0,Balochistan,auto
AUTO-001761,31922.42,15590.14,0,Punjab,auto
AUTO-001762,22873.1,2017.98,0,AJK,auto
AUTO-001763,9887.41,8675.65,0,Punjab,auto
AUTO-001764,19476.59,7661.5,0,Balochistan,auto
AUTO-001765,14448.95,14477.27,0,Balochistan,auto
AUTO-001766,65216.73,6973.26,0,GB,auto
AUTO-001767,20172.13,3529.86,0,AJK,auto
AUTO-001768,23426.01,8150.87,0,GB,auto
AUTO-001769,29020.06,3407.48,0,KPK,auto
AUTO-001770,22511.94,1736.78,0,KPK,auto
AUTO-001771,51406.79,14497.01,0,Sindh,auto
AUTO-001772,16133.86,12877.66,1,GB,auto
AUTO-001773,24277.46,11774.28,0,Balochistan,auto
AUTO-001774,15195.65,22979.15,0,Sindh,auto
AUTO-001775,11384.28,4759.86,0,Balochistan,auto
AUTO-001776,16221.87,2578.88,0,Sindh,auto
AUTO-001777,21622.32,7661.6,0,GB,auto
AUTO-001778,17771.46,6136.44,0,KPK,auto
AUTO-001779,15580.72,4130.54,0,Balochistan,auto
AUTO-001780,10903.52,7601.65,0,GB,auto
AUTO-001781,21129.96,4967.72,0,GB,auto
AUTO-001782,10380.04,1865.33,0,KPK,auto
AUTO-001783,32209.86,5693.38,0,Punjab,auto
AUTO-001784,22953.37,3264.62,1,KPK,auto
AUTO-001785,10627.75,9752.89,0,Balochistan,auto
AUTO-001786,18871.26,4794.25,0,Punjab,auto
AUTO-001787,15122.24,19718.35,0,Sindh,auto
AUTO-001788,25837.63,29234.15,0,AJK,auto
AUTO-001789,43054.64,13953.77,0,Balochistan,auto
AUTO-001790,8624.94,2342.98,0,AJK,auto
AUTO-001791,23330.41,27015.25,1,AJK,auto
AUTO-001792,20331.64,28583.26,0,Punjab,auto
AUTO-001793,30812.32,8225.81,0,Sindh,auto
AUTO-001794,24504.16,23349.74,0,KPK,auto
AUTO-001795,15123.65,5211.69,0,Punjab,auto
AUTO-001796,18778.6,1820.75,0,Sindh,auto
AUTO-001797,14794.15,4410.63,0,KPK,auto
AUTO-001798,37722.18,32319.97,0,KPK,auto
AUTO-001799,22262.43,2458.08,0,Sindh,auto
AUTO-001800,56987.96,8099.98,0,KPK,auto
AUTO-001801,21368.42,8327.47,0,Balochistan,auto
AUTO-001802,15456.68,5375.57,0,Balochistan,auto
AUTO-001803,10333.46,5682.71,0,Punjab,auto
AUTO-001804,8941.25,8585.24,0,KPK,auto
AUTO-001805,9975.95,5168.15,0,KPK,auto
AUTO-001806,25173.91,2597.63,1,Sindh,auto
AUTO-001807,28406.19,9624.1,0,Balochistan,auto
AUTO-001808,9990.65,19123.88,0,AJK,auto
AUTO-001809,34458.78,16246.91,0,Punjab,auto
AUTO-001810,17300.13,4239.55,0,GB,auto
AUTO-001811,23703.94,2978.03,0,Balochistan,auto
AUTO-001812,49321.25,6455.25,0,Sindh,auto
AUTO-001813,34489.83,28402.52,0,Punjab,auto
AUTO-001814,19259.02,13581.7,0,AJK,auto
AUTO-001815,14106.68,14230.91,0,GB,auto
AUTO-001816,7510.76,16512.71,0,Punjab,auto
AUTO-001817,15373.85,11345.92,0,Balochistan,auto
AUTO-001818,19819.76,8923.89,0,AJK,auto
AUTO-001819,13445.64,13764.46,0,GB,auto
AUTO-001820,20627.32,5234.71,0,Sindh,auto
AUTO-001821,22889.33,2613.46,0,Punjab,auto
AUTO-001822,19684.21,14449.25,0,Balochistan,auto
AUTO-001823,15914.7,21811.45,0,Sindh,auto
AUTO-001824,23964.46,3312.35,0,AJK,auto
AUTO-001825,27473.31,15639.22,0,Punjab,auto
AUTO-001826,12769.32,31089.1,0,KPK,auto
AUTO-001827,44598.98,8088.54,0,Balochistan,auto
AUTO-001828,20967.02,4211.6,0,Balochistan,auto
AUTO-001829,22235.04,8941.11,0,KPK,auto
AUTO-001830,31385.69,5216.45,0,Sindh,auto
AUTO-001831,24750.68,4947.39,0,Balochistan,auto
AUTO-001832,35474.46,11459.19,0,Sindh,auto
AUTO-001833,25426.88,2246.25,0,AJK,auto
AUTO-001834,16216.45,2552.57,0,KPK,auto
AUTO-001835,26390.3,8229.11,0,Sindh,auto
AUTO-001836,12433.34,7959.75,0,AJK,auto
AUTO-001837,23255.1,10666.29,0,Punjab,auto
AUTO-001838,21663.52,36322.05,0,Balochistan,auto
AUTO-001839,19849.65,8809.72,0,KPK,auto
AUTO-001840,20655.38,13076.05,0,Punjab,auto
AUTO-001841,8596.2,3712.92,0,Punjab,auto
AUTO-001842,16741.36,14978.19,0,Punjab,auto
AUTO-001843,23073.09,5318.18,0,Sindh,auto
AUTO-001844,23859.27,8579.55,0,Balochistan,auto
AUTO-001845,13176.13,7427.33,1,KPK,auto
AUTO-001846,41475.32,18515.79,0,GB,auto
AUTO-001847,14284.25,2841.31,0,GB,auto
AUTO-001848,35765.13,1304.28,0,Balochistan,auto
AUTO-001849,27271.49,6831.19,0,Balochistan,auto
AUTO-001850,15944.77,11787.85,0,Balochistan,auto
AUTO-001851,53511.69,9152.8,0,AJK,auto
AUTO-001852,12126.9,21715.11,0,AJK,auto
AUTO-001853,34876.8,11497.65,0,AJK,auto
AUTO-001854,36326.08,5161.18,0,AJK,auto
AUTO-001855,15751.48,1261.0,1,Balochistan,auto
AUTO-001856,44189.07,6701.93,0,Balochistan,auto
AUTO-001857,19437.84,18441.65,0,GB,auto
AUTO-001858,25446.84,5921.6,0,KPK,auto
AUTO-001859,25088.4,8288.76,0,GB,auto
AUTO-001860,20595.87,11351.31,0,GB,auto
AUTO-001861,33037.68,3596.68,0,KPK,auto
AUTO-001862,32752.82,13340.89,0,KPK,auto
AUTO-001863,9188.74,30022.35,0,GB,auto
AUTO-001864,42284.26,7056.82,0,GB,auto
AUTO-001865,9592.66,3283.77,0,GB,auto
AUTO-001866,36911.3,7682.65,0,KPK,auto
AUTO-001867,38690.62,1367.16,0,KPK,auto
AUTO-001868,12765.7,10609.69,0,AJK,auto
AUTO-001869,17936.5,11635.54,1,Balochistan,auto
AUTO-001870,12671.97,30961.79,0,KPK,auto
AUTO-001871,19782.23,6938.25,0,Sindh,auto
AUTO-001872,18882.35,11234.99,1,KPK,auto
AUTO-001873,32527.15,4068.26,0,KPK,auto
AUTO-001874,42410.63,6092.77,0,Balochistan,auto
AUTO-001875,44260.23,2391.92,0,GB,auto
AUTO-001876,16629.21,6933.83,0,AJK,auto
AUTO-001877,19838.68,6347.1,0,Punjab,auto
AUTO-001878,9492.72,10294.45,0,GB,auto
AUTO-001879,14721.51,4920.29,0,GB,auto
AUTO-001880,35682.86,8661.79,0,Balochistan,auto
AUTO-001881,49404.23,6206.15,0,AJK,auto
AUTO-001882,11882.54,6215.49,0,Sindh,auto
AUTO-001883,16379.21,8641.14,0,Punjab,auto
AUTO-001884,21737.56,8370.08,0,AJK,auto
AUTO-001885,25338.51,14897.36,0,GB,auto
AUTO-001886,14694.05,7357.57,0,AJK,auto
AUTO-001887,27228.8,6124.74,0,Balochistan,auto
AUTO-001888,17380.09,7011.83,0,AJK,auto
AUTO-001889,21867.87,4574.57,0,KPK,auto
AUTO-001890,28944.69,6075.81,0,AJK,auto
AUTO-001891,22097.31,41147.85,0,Punjab,auto
AUTO-001892,17708.62,3904.39,0,AJK,auto
AUTO-001893,20851.79,6483.88,0,Sindh,auto
AUTO-001894,21074.49,5943.24,0,KPK,auto
AUTO-001895,18306.19,6649.27,0,Punjab,auto
AUTO-001896,19352.99,6216.79,0,Punjab,auto
AUTO-001897,48987.65,10131.37,0,GB,auto
AUTO-001898,29157.27,2062.88,1,Balochistan,auto
AUTO-001899,19001.25,18578.07,0,Balochistan,auto
AUTO-001900,31209.48,13441.02,0,KPK,auto
AUTO-001901,18640.47,2998.01,0,Punjab,auto
AUTO-001902,39599.13,1319.14,0,GB,auto
AUTO-001903,26497.91,3708.35,0,Sindh,auto
AUTO-001904,20875.86,6673.28,0,AJK,auto
AUTO-001905,27552.77,63846.27,0,AJK,auto
AUTO-001906,10042.3,12514.03,0,AJK,auto
AUTO-001907,12539.22,1908.22,0,Balochistan,auto
AUTO-001908,12125.15,4667.02,0,Punjab,auto
AUTO-001909,23658.35,7765.38,0,Punjab,auto
AUTO-001910,52378.82,9926.34,0,Sindh,auto
AUTO-001911,67214.89,2830.48,0,Balochistan,auto
AUTO-001912,30303.71,7273.61,0,Sindh,auto
AUTO-001913,28294.49,4563.7,0,Punjab,auto
AUTO-001914,8950.56,3350.93,0,AJK,auto
AUTO-001915,16792.09,9973.4,0,Balochistan,auto
AUTO-001916,14855.24,15049.53,0,Balochistan,auto
AUTO-001917,16148.4,15880.27,0,Balochistan,auto
AUTO-001918,20250.36,12829.58,1,GB,auto
AUTO-001919,17395.29,5443.1,0,GB,auto
AUTO-001920,8187.39,14351.93,0,AJK,auto
AUTO-001921,32014.85,10375.93,0,GB,auto
AUTO-001922,12882.54,9019.58,0,Balochistan,auto
AUTO-001923,24825.42,4967.37,0,GB,auto
AUTO-001924,62133.55,5445.25,0,GB,auto
AUTO-001925,13909.23,8596.49,0,KPK,auto
AUTO-001926,6215.84,57062.34,0,Balochistan,auto
AUTO-001927,19091.49,10311.28,0,GB,auto
AUTO-001928,38195.76,4969.37,1,AJK,auto
AUTO-001929,58640.08,4163.4,0,GB,auto
AUTO-001930,11911.09,5467.55,1,GB,auto
AUTO-001931,28235.9,46250.83,0,Balochistan,auto
AUTO-001932,17454.36,5887.55,0,GB,auto
AUTO-001933,20890.0,16739.0,0,KPK,auto
AUTO-001934,82633.6,5998.46,0,KPK,auto
AUTO-001935,10389.12,9986.08,0,GB,auto
AUTO-001936,25005.97,15266.2,0,Balochistan,auto
AUTO-001937,27829.35,5128.03,0,Punjab,auto
AUTO-001938,37907.08,4851.83,0,Punjab,auto
AUTO-001939,23132.45,30549.26,0,Sindh,auto
AUTO-001940,25694.32,17812.83,0,KPK,auto
AUTO-001941,18109.21,15253.1,0,Punjab,auto
AUTO-001942,25199.1,15211.71,0,Sindh,auto
AUTO-001943,18553.32,11703.7,0,Punjab,auto
AUTO-001944,30055.05,40709.66,0,Balochistan,auto
AUTO-001945,18309.86,8392.78,0,GB,auto
AUTO-001946,26596.91,12859.14,0,KPK,auto
AUTO-001947,21706.53,2538.35,0,Punjab,auto
AUTO-001948,38677.96,4188.22,0,Balochistan,auto
AUTO-001949,21467.67,3100.58,0,Sindh,auto
AUTO-001950,9076.86,22454.6,0,Balochistan,auto
AUTO-001951,41396.88,1051.49,0,Sindh,auto
AUTO-001952,14004.5,5873.18,0,Punjab,auto
AUTO-001953,15884.78,738.81,0,GB,auto
AUTO-001954,16353.04,4167.08,0,AJK,auto
AUTO-001955,43792.55,5471.13,1,GB,auto
AUTO-001956,7571.62,24536.0,0,Balochistan,auto
AUTO-001957,105754.35,11128.92,0,AJK,auto
AUTO-001958,37347.77,4160.9,0,KPK,auto
AUTO-001959,24627.51,19010.96,0,AJK,auto
AUTO-001960,21430.13,8219.51,0,GB,auto
AUTO-001961,25406.92,8350.31,0,KPK,auto
AUTO-001962,28582.82,3095.99,0,Punjab,auto
AUTO-001963,30412.46,3670.15,0,Punjab,auto
AUTO-001964,29079.89,4187.76,0,Balochistan,auto
AUTO-001965,23035.47,8409.93,0,AJK,auto
AUTO-001966,19956.91,8624.04,0,KPK,auto
AUTO-001967,20421.9,27869.11,0,KPK,auto
AUTO-001968,19981.18,11026.36,0,AJK,auto
AUTO-001969,38827.54,928.85,0,GB,auto
AUTO-001970,29636.99,9997.73,0,Punjab,auto
AUTO-001971,5063.46,2540.17,0,GB,auto
AUTO-001972,30575.38,3741.43,0,Punjab,auto
AUTO-001973,24279.03,4231.3,0,KPK,auto
AUTO-001974,21821.38,4766.32,0,Balochistan,auto
AUTO-001975,18137.57,2696.96,0,Punjab,auto
AUTO-001976,38640.51,9535.58,0,Sindh,auto
AUTO-001977,35375.09,2621.12,0,KPK,auto
AUTO-001978,14966.37,10778.77,0,AJK,auto
AUTO-001979,26998.22,48512.5,0,AJK,auto
AUTO-001980,13550.4,2797.59,0,GB,auto
AUTO-001981,11050.06,6453.59,0,GB,auto
AUTO-001982,16101.08,1076.25,0,KPK,auto
AUTO-001983,33900.9,6369.34,0,GB,auto
AUTO-001984,35474.26,13550.43,0,GB,auto
AUTO-001985,28468.19,14422.02,0,KPK,auto
AUTO-001986,31651.72,8620.44,0,Punjab,auto
AUTO-001987,28512.25,16504.87,0,KPK,auto
AUTO-001988,15982.65,62121.26,0,KPK,auto
AUTO-001989,27336.04,31883.49,0,GB,auto
AUTO-001990,32866.35,5334.68,1,Sindh,auto
AUTO-001991,32117.16,2537.96,0,AJK,auto
AUTO-001992,39912.97,5855.16,0,GB,auto
AUTO-001993,31387.09,3798.7,0,Punjab,auto
AUTO-001994,26257.95,11626.92,0,Balochistan,auto
AUTO-001995,37611.88,3149.65,0,Punjab,auto
AUTO-001996,21736.31,7644.5,0,AJK,auto
AUTO-001997,14172.56,15841.86,0,Balochistan,auto
AUTO-001998,20301.83,7475.93,0,KPK,auto
AUTO-001999,15177.19,3800.73,0,Sindh,auto
AUTO-002000,15715.63,20740.66,0,Sindh,auto
AUTO-002001,20490.99,1802.29,0,AJK,auto
AUTO-002002,14820.85,6233.94,0,GB,auto
AUTO-002003,18883.04,7837.47,0,AJK,auto
AUTO-002004,8545.78,8206.87,0,Sindh,auto
AUTO-002005,24505.35,9361.84,0,Balochistan,auto
AUTO-002006,22039.75,13205.01,0,Balochistan,auto
AUTO-002007,14639.16,7876.78,0,GB,auto
AUTO-002008,30626.56,6036.34,0,Punjab,auto
AUTO-002009,35199.43,5848.43,0,KPK,auto
AUTO-002010,9859.79,4968.07,0,GB,auto
AUTO-002011,15042.54,15214.96,0,Balochistan,auto
AUTO-002012,14994.35,4830.85,0,KPK,auto
AUTO-002013,13767.26,15953.23,0,AJK,auto
AUTO-002014,33347.48,8227.19,0,Balochistan,auto
AUTO-002015,19991.99,5340.08,0,Balochistan,auto
AUTO-002016,19297.73,13289.45,0,Balochistan,auto
AUTO-002017,8087.45,4528.01,0,Punjab,auto
AUTO-002018,30263.84,13501.38,0,GB,auto
AUTO-002019,11853.41,9606.36,0,AJK,auto
AUTO-002020,22696.51,5028.82,0,Sindh,auto
AUTO-002021,25303.26,12368.5,0,Punjab,auto
AUTO-002022,43491.87,12547.44,0,Punjab,auto
AUTO-002023,11448.22,20455.68,0,Balochistan,auto
AUTO-002024,4867.05,17551.9,0,Punjab,auto
AUTO-002025,24147.23,12004.29,0,GB,auto
AUTO-002026,54190.21,3287.65,0,GB,auto
AUTO-002027,40924.05,57461.45,0,GB,auto
AUTO-002028,24460.86,2636.23,0,Sindh,auto
AUTO-002029,17226.12,17316.42,0,Punjab,auto
AUTO-002030,32976.86,11441.78,0,GB,auto
AUTO-002031,13537.61,3167.46,0,Punjab,auto
AUTO-002032,27950.18,7336.08,0,Balochistan,auto
AUTO-002033,28360.0,7608.32,0,AJK,auto
AUTO-002034,37425.4,23028.0,0,GB,auto
AUTO-002035,87538.15,4579.53,0,Sindh,auto
AUTO-002036,26801.36,6571.15,0,Balochistan,auto
AUTO-002037,17077.52,1250.31,0,Punjab,auto
AUTO-002038,21746.6,32461.51,0,GB,auto
AUTO-002039,9094.84,3441.37,0,Sindh,auto
AUTO-002040,15562.87,10525.21,0,KPK,auto
AUTO-002041,17950.24,7471.67,0,GB,auto
AUTO-002042,16948.86,7492.06,0,GB,auto
AUTO-002043,23769.95,15489.07,0,Punjab,auto
AUTO-002044,14600.19,30853.64,0,AJK,auto
AUTO-002045,38581.0,9908.96,1,Punjab,auto
AUTO-002046,22028.75,13685.09,0,AJK,auto
AUTO-002047,21924.28,10541.9,0,KPK,auto
AUTO-002048,18695.77,18288.45,0,Balochistan,auto
AUTO-002049,23803.68,5595.21,0,Balochistan,auto
AUTO-002050,33274.58,19154.87,0,GB,auto
AUTO-002051,14277.42,19700.51,0,Balochistan,auto
AUTO-002052,15850.27,19264.7,0,Sindh,auto
AUTO-002053,18923.07,4778.5,0,AJK,auto
AUTO-002054,11238.09,7082.13,0,Punjab,auto
AUTO-002055,14623.29,9814.08,0,Sindh,auto
AUTO-002056,17359.4,2706.27,0,Sindh,auto
AUTO-002057,34104.84,29025.68,0,Punjab,auto
AUTO-002058,25116.51,8023.89,0,KPK,auto
AUTO-002059,24265.11,10169.44,0,Balochistan,auto
AUTO-002060,33706.6,5107.15,0,KPK,auto
AUTO-002061,20564.35,2803.15,0,KPK,auto
AUTO-002062,26775.23,4997.91,0,Balochistan,auto
AUTO-002063,20918.5,9656.28,0,KPK,auto
AUTO-002064,25151.71,13887.48,0,Sindh,auto
AUTO-002065,16458.88,9222.79,0,GB,auto
AUTO-002066,6506.72,10693.37,0,Punjab,auto
AUTO-002067,20596.17,6188.07,0,GB,auto
AUTO-002068,44863.24,12052.16,1,Sindh,auto
AUTO-002069,35000.15,26536.23,0,GB,auto
AUTO-002070,35692.6,14240.3,0,Sindh,auto
AUTO-002071,40866.48,15485.1,0,AJK,auto
AUTO-002072,23024.84,10251.85,0,Balochistan,auto
AUTO-002073,24310.36,2434.45,0,Balochistan,auto
AUTO-002074,16174.22,3513.14,0,GB,auto
AUTO-002075,18806.61,11659.78,0,Sindh,auto
AUTO-002076,29968.0,8032.48,0,Balochistan,auto
AUTO-002077,40212.86,11520.4,0,AJK,auto
AUTO-002078,20543.03,30981.29,0,GB,auto
AUTO-002079,17586.83,14484.42,0,Punjab,auto
AUTO-002080,22032.28,22183.61,0,KPK,auto
AUTO-002081,29750.56,8740.7,0,Balochistan,auto
AUTO-002082,10700.79,4248.1,0,Sindh,auto
AUTO-002083,6987.72,7736.52,0,Balochistan,auto
AUTO-002084,16726.2,4256.48,0,Sindh,auto
AUTO-002085,11963.84,28187.56,0,GB,auto
AUTO-002086,17084.55,15249.67,0,GB,auto
AUTO-002087,20457.6,12288.39,0,KPK,auto
AUTO-002088,17559.95,21780.16,0,Balochistan,auto
AUTO-002089,45534.87,1609.94,0,KPK,auto
AUTO-002090,25935.61,12971.51,0,Sindh,auto
AUTO-002091,25597.17,2839.78,0,AJK,auto
AUTO-002092,30064.6,8056.19,0,AJK,auto
AUTO-002093,12463.8,6314.69,0,Punjab,auto
AUTO-002094,37032.67,13758.19,0,Sindh,auto
AUTO-002095,21207.66,9725.92,0,Sindh,auto
AUTO-002096,30799.09,23767.96,0,Sindh,auto
AUTO-002097,12888.25,5006.45,1,GB,auto
AUTO-002098,10128.62,14289.66,0,GB,auto
AUTO-002099,33154.87,9225.98,0,AJK,auto
AUTO-002100,26587.72,2190.24,0,AJK,auto
AUTO-002101,14030.3,3885.89,0,AJK,auto
AUTO-002102,14259.35,7187.49,0,Balochistan,auto
AUTO-002103,38666.06,19728.78,0,Balochistan,auto
AUTO-002104,12152.55,11742.6,0,AJK,auto
AUTO-002105,50077.97,3184.34,0,KPK,auto
AUTO-002106,14040.34,7242.68,0,Balochistan,auto
AUTO-002107,30308.88,40710.66,0,GB,auto
AUTO-002108,18689.01,8857.14,0,Balochistan,auto
AUTO-002109,29780.04,6236.28,0,Balochistan,auto
AUTO-002110,16780.0,12008.76,0,Balochistan,auto
AUTO-002111,20304.62,14923.83,0,Punjab,auto
AUTO-002112,22481.76,5625.5,0,Balochistan,auto
AUTO-002113,13345.12,12113.31,0,KPK,auto
AUTO-002114,31901.62,6228.48,0,Punjab,auto
AUTO-002115,17041.27,14406.89,0,GB,auto
AUTO-002116,19647.4,9281.28,0,GB,auto
AUTO-002117,13397.53,11915.25,0,Balochistan,auto
AUTO-002118,6117.04,4414.51,0,Sindh,auto
AUTO-002119,20019.98,4200.55,0,Punjab,auto
AUTO-002120,73593.19,17264.33,0,GB,auto
AUTO-002121,32607.65,7604.4,0,Balochistan,auto
AUTO-002122,21815.36,10178.45,0,KPK,auto
AUTO-002123,19313.4,6341.58,0,AJK,auto
AUTO-002124,22275.28,16630.3,1,GB,auto
AUTO-002125,28956.78,4982.82,0,Balochistan,auto
AUTO-002126,12204.91,7270.05,1,Sindh,auto
AUTO-002127,38451.8,15196.1,0,KPK,auto
AUTO-002128,31498.36,20710.05,0,GB,auto
AUTO-002129,31542.55,5329.39,0,Punjab,auto
AUTO-002130,27425.76,38861.03,0,KPK,auto
AUTO-002131,22243.57,10410.74,0,Balochistan,auto
AUTO-002132,30835.77,3518.03,0,GB,auto
AUTO-002133,29611.17,10886.1,0,GB,auto
AUTO-002134,18452.95,5964.62,0,Sindh,auto
AUTO-002135,16534.41,11467.3,0,GB,auto
AUTO-002136,23177.29,7829.98,0,KPK,auto
AUTO-002137,47787.06,8599.15,0,GB,auto
AUTO-002138,11854.31,3907.78,0,KPK,auto
AUTO-002139,10574.89,17890.93,0,AJK,auto
AUTO-002140,23917.85,3213.44,0,AJK,auto
AUTO-002141,22594.09,3337.54,0,Balochistan,auto
AUTO-002142,24020.69,10871.37,0,Punjab,auto
AUTO-002143,24883.91,29210.26,0,Punjab,auto
AUTO-002144,19700.49,6111.49,0,Sindh,auto
AUTO-002145,46394.29,14196.89,0,Balochistan,auto
AUTO-002146,9892.66,19123.48,0,Punjab,auto
AUTO-002147,14555.9,15548.94,0,GB,auto
AUTO-002148,20918.15,6317.21,0,KPK,auto
AUTO-002149,9685.7,3385.18,0,Balochistan,auto
AUTO-002150,20172.44,1385.7,0,KPK,auto
AUTO-002151,50550.85,6566.44,1,Sindh,auto
AUTO-002152,22257.7,20795.04,0,GB,auto
AUTO-002153,24719.57,3296.67,0,Balochistan,auto
AUTO-002154,11730.15,14188.23,0,GB,auto
AUTO-002155,16184.66,3789.08,0,GB,auto
AUTO-002156,18258.79,8820.71,0,GB,auto
AUTO-002157,18791.17,14274.55,0,Sindh,auto
AUTO-002158,41807.12,4780.99,1,AJK,auto
AUTO-002159,29110.25,9287.16,0,Sindh,auto
AUTO-002160,12635.57,5813.44,0,GB,auto
AUTO-002161,24915.67,14244.4,0,AJK,auto
AUTO-002162,28257.41,9781.55,0,Balochistan,auto
AUTO-002163,38951.58,8477.8,0,KPK,auto
AUTO-002164,48546.16,28188.8,0,KPK,auto
AUTO-002165,13259.28,13764.46,0,KPK,auto
AUTO-002166,14684.84,4664.42,0,Sindh,auto
AUTO-002167,11745.33,7565.16,0,Balochistan,auto
AUTO-002168,19594.22,7625.71,0,Balochistan,auto
AUTO-002169,27810.79,8640.85,0,AJK,auto
AUTO-002170,36086.25,61059.7,0,Balochistan,auto
AUTO-002171,21205.68,10901.78,0,KPK,auto
AUTO-002172,18771.15,1589.66,0,Balochistan,auto
AUTO-002173,23762.86,5248.83,0,AJK,auto
AUTO-002174,14507.61,1726.93,0,Balochistan,auto
AUTO-002175,62615.58,6223.96,0,Balochistan,auto
AUTO-002176,9859.29,1652.68,0,KPK,auto
AUTO-002177,24157.99,4034.86,0,Balochistan,auto
AUTO-002178,60585.03,2400.48,0,Sindh,auto
AUTO-002179,22101.48,11018.47,0,AJK,auto
AUTO-002180,20029.88,8106.58,0,AJK,auto
AUTO-002181,18421.57,10325.48,0,AJK,auto
AUTO-002182,20126.73,7452.9,0,Balochistan,auto
AUTO-002183,43757.76,2655.96,0,Sindh,auto
AUTO-002184,7288.62,12219.85,0,GB,auto
AUTO-002185,47416.09,37713.74,0,GB,auto
AUTO-002186,10807.78,11241.53,0,AJK,auto
AUTO-002187,19277.11,5763.27,0,Punjab,auto
AUTO-002188,17771.97,2585.17,0,GB,auto
AUTO-002189,29562.93,3918.82,0,GB,auto
AUTO-002190,9906.42,11642.67,0,KPK,auto
AUTO-002191,27752.64,19120.08,0,Punjab,auto
AUTO-002192,60606.34,9983.54,0,Punjab,auto
AUTO-002193,11141.29,15365.96,0,AJK,auto
AUTO-002194,24218.04,14273.25,0,Punjab,auto
AUTO-002195,15819.66,12151.74,0,Punjab,auto
AUTO-002196,27253.67,4784.9,0,GB,auto
AUTO-002197,22238.36,9312.74,0,Sindh,auto
AUTO-002198,15982.61,4110.49,0,KPK,auto
AUTO-002199,28111.56,8216.86,0,Balochistan,auto
AUTO-002200,54294.27,10558.55,0,AJK,auto
AUTO-002201,20021.22,31039.85,0,GB,auto
AUTO-002202,31567.36,2841.86,1,GB,auto
AUTO-002203,11537.57,11910.86,0,AJK,auto
AUTO-002204,13653.92,26502.37,0,Punjab,auto
AUTO-002205,27895.01,14869.66,0,Balochistan,auto
AUTO-002206,46261.16,15777.76,0,GB,auto
AUTO-002207,26312.69,12966.91,0,Balochistan,auto
AUTO-002208,18834.98,22894.86,0,Balochistan,auto
AUTO-002209,22018.66,3394.86,0,AJK,auto
AUTO-002210,11787.51,2673.81,0,AJK,auto
AUTO-002211,29799.82,8062.13,0,GB,auto
AUTO-002212,34240.57,1438.09,0,GB,auto
AUTO-002213,17570.12,21688.05,0,GB,auto
AUTO-002214,17413.11,21516.43,0,Sindh,auto
AUTO-002215,25158.2,5729.13,0,AJK,auto
AUTO-002216,17705.67,6023.26,1,AJK,auto
AUTO-002217,21310.04,7647.41,0,Sindh,auto
AUTO-002218,62935.2,8447.42,0,AJK,auto
AUTO-002219,19467.22,8970.88,0,Punjab,auto
AUTO-002220,18413.33,12664.85,0,Punjab,auto
AUTO-002221,15934.3,7057.87,0,Sindh,auto
AUTO-002222,31955.38,17232.54,0,GB,auto
AUTO-002223,20118.36,11576.8,0,Sindh,auto
AUTO-002224,15919.71,4986.2,1,Punjab,auto
AUTO-002225,42644.43,23578.49,0,Balochistan,auto
AUTO-002226,44792.75,2733.65,0,AJK,auto
AUTO-002227,16314.15,7527.12,0,KPK,auto
AUTO-002228,8662.25,17562.72,0,KPK,auto
AUTO-002229,36452.19,4543.9,0,Sindh,auto
AUTO-002230,15641.53,10380.09,0,KPK,auto
AUTO-002231,32705.97,12514.86,0,Balochistan,auto
AUTO-002232,8225.12,4070.74,0,KPK,auto
AUTO-002233,34416.75,7646.61,0,Punjab,auto
AUTO-002234,12021.04,7149.49,0,Sindh,auto
AUTO-002235,31741.56,5211.43,0,GB,auto
AUTO-002236,22184.22,51089.79,0,KPK,auto
AUTO-002237,13670.98,4400.68,0,AJK,auto
AUTO-002238,17970.41,18105.01,0,Sindh,auto
AUTO-002239,31043.95,5918.03,0,Balochistan,auto
AUTO-002240,23224.13,3397.15,0,Punjab,auto
AUTO-002241,29501.8,8797.75,0,KPK,auto
AUTO-002242,59172.98,13619.73,0,Punjab,auto
AUTO-002243,10075.67,16922.64,0,Balochistan,auto
AUTO-002244,49444.51,28277.23,0,GB,auto
AUTO-002245,23206.27,85493.62,0,KPK,auto
AUTO-002246,14053.24,9901.2,0,GB,auto
AUTO-002247,11325.85,4767.26,0,GB,auto
AUTO-002248,20039.08,11641.13,0,Sindh,auto
AUTO-002249,34920.35,6548.75,0,GB,auto
AUTO-002250,20665.59,16996.67,0,Sindh,auto
AUTO-002251,46890.83,2870.58,0,GB,auto
AUTO-002252,10661.69,53888.24,0,AJK,auto
AUTO-002253,21893.73,16072.07,0,Balochistan,auto
AUTO-002254,11775.82,2106.53,0,KPK,auto
AUTO-002255,26418.4,4595.24,0,Punjab,auto
AUTO-002256,34318.63,15566.32,0,Punjab,auto
AUTO-002257,17847.51,20766.06,0,KPK,auto
AUTO-002258,5990.28,2928.4,1,Balochistan,auto
AUTO-002259,24330.21,14334.45,0,Balochistan,auto
AUTO-002260,27401.95,1706.38,0,GB,auto
AUTO-002261,26961.02,7544.18,0,Punjab,auto
AUTO-002262,40859.36,19724.91,0,KPK,auto
AUTO-002263,12893.43,5212.36,0,GB,auto
AUTO-002264,30949.37,2427.12,0,KPK,auto
AUTO-002265,39984.76,9108.58,0,Punjab,auto
AUTO-002266,9051.69,4995.16,0,KPK,auto
AUTO-002267,25843.8,13408.53,0,KPK,auto
AUTO-002268,17118.42,3990.77,0,GB,auto
AUTO-002269,21146.69,4367.26,0,Sindh,auto
AUTO-002270,26208.48,1608.73,0,Sindh,auto
AUTO-002271,17264.12,9283.15,0,AJK,auto
AUTO-002272,15711.46,7124.37,0,GB,auto
AUTO-002273,22405.82,3131.58,0,AJK,auto
AUTO-002274,12789.46,9462.0,0,Balochistan,auto
AUTO-002275,12798.55,18428.55,0,Sindh,auto
AUTO-002276,30936.33,6819.53,0,Sindh,auto
AUTO-002277,12401.88,10042.02,0,Sindh,auto
AUTO-002278,30734.97,10083.43,0,Sindh,auto
AUTO-002279,27758.45,3091.88,0,Balochistan,auto
AUTO-002280,9293.74,41993.44,0,Punjab,auto
AUTO-002281,15696.89,5559.82,0,Balochistan,auto
AUTO-002282,40016.8,13696.46,0,Punjab,auto
AUTO-002283,13486.13,14993.5,0,AJK,auto
AUTO-002284,17462.27,7246.86,0,Sindh,auto
AUTO-002285,27751.09,13166.57,0,GB,auto
AUTO-002286,32587.86,9864.08,0,GB,auto
AUTO-002287,19423.34,2606.82,0,Punjab,auto
AUTO-002288,16337.93,6211.65,0,Balochistan,auto
AUTO-002289,44854.76,4963.96,0,Punjab,auto
AUTO-002290,52546.29,5600.46,0,KPK,auto
AUTO-002291,35933.63,2854.92,0,AJK,auto
AUTO-002292,22986.42,19953.24,0,AJK,auto
AUTO-002293,14703.89,29190.37,0,Sindh,auto
AUTO-002294,14541.73,17719.17,0,Sindh,auto
AUTO-002295,28602.72,22391.2,0,Balochistan,auto
AUTO-002296,27151.81,6150.52,0,Punjab,auto
AUTO-002297,44391.32,4870.71,0,KPK,auto
AUTO-002298,30492.17,4346.52,0,AJK,auto
AUTO-002299,10388.55,13565.05,0,Punjab,auto
AUTO-002300,37271.11,9717.18,0,KPK,auto
AUTO-002301,13372.69,7617.65,0,GB,auto
AUTO-002302,18178.85,22836.58,0,Punjab,auto
AUTO-002303,24961.75,11203.18,0,Sindh,auto
AUTO-002304,59744.58,4142.58,0,GB,auto
AUTO-002305,104292.97,4699.79,0,GB,auto
AUTO-002306,29832.73,13982.96,0,AJK,auto
AUTO-002307,20098.52,18645.99,0,KPK,auto
AUTO-002308,28774.73,12598.64,0,Sindh,auto
AUTO-002309,34331.81,36957.02,0,GB,auto
AUTO-002310,18763.45,29971.61,0,Balochistan,auto
AUTO-002311,54046.8,11531.4,0,Balochistan,auto
AUTO-002312,24711.78,4142.83,0,Sindh,auto
AUTO-002313,28250.64,2841.28,0,KPK,auto
AUTO-002314,30729.0,5943.74,0,KPK,auto
AUTO-002315,27195.13,14802.79,0,AJK,auto
AUTO-002316,33505.68,34937.56,0,Sindh,auto
AUTO-002317,16177.45,11315.83,0,Balochistan,auto
AUTO-002318,16661.39,20639.84,0,Sindh,auto
AUTO-002319,12707.19,6659.2,0,Punjab,auto
AUTO-002320,27439.82,13335.9,0,KPK,auto
AUTO-002321,32515.37,15657.19,0,GB,auto
AUTO-002322,27691.66,1662.91,0,Punjab,auto
AUTO-002323,50881.07,5821.13,0,Balochistan,auto
AUTO-002324,21964.92,17322.48,0,KPK,auto
AUTO-002325,30772.32,10092.77,0,Balochistan,auto
AUTO-002326,12761.01,3111.28,0,Balochistan,auto
AUTO-002327,18150.44,1159.68,1,Balochistan,auto
AUTO-002328,31187.38,6047.35,0,AJK,auto
AUTO-002329,33676.35,7652.07,0,Balochistan,auto
AUTO-002330,19015.63,3995.25,0,Balochistan,auto
AUTO-002331,21251.87,9085.8,0,Punjab,auto
AUTO-002332,10312.0,12150.3,0,Punjab,auto
AUTO-002333,18425.4,13857.05,0,Punjab,auto
AUTO-002334,34378.67,1230.61,0,KPK,auto
AUTO-002335,29366.28,2831.53,0,AJK,auto
AUTO-002336,28291.96,6350.58,0,KPK,auto
AUTO-002337,22581.51,12806.89,0,AJK,auto
AUTO-002338,22104.39,11984.71,0,AJK,auto
AUTO-002339,15832.81,11819.38,0,Sindh,auto
AUTO-002340,31238.74,5962.62,0,GB,auto
AUTO-002341,27186.79,6234.75,0,Sindh,auto
AUTO-002342,28169.9,4524.84,0,Sindh,auto
AUTO-002343,16932.37,14981.26,0,AJK,auto
AUTO-002344,7505.03,3880.07,0,AJK,auto
AUTO-002345,38123.13,15994.96,0,KPK,auto
AUTO-002346,17336.71,9568.99,0,AJK,auto
AUTO-002347,14308.54,7816.28,0,Balochistan,auto
AUTO-002348,31155.29,4791.66,0,Balochistan,auto
AUTO-002349,18105.91,2739.6,0,AJK,auto
AUTO-002350,37420.28,4826.5,0,Balochistan,auto
AUTO-002351,29986.51,6222.92,0,AJK,auto
AUTO-002352,31001.31,1217.77,0,Sindh,auto
AUTO-002353,11125.8,6919.62,0,AJK,auto
AUTO-002354,40375.24,16974.81,0,Sindh,auto
AUTO-002355,25100.05,12756.22,0,Punjab,auto
AUTO-002356,18312.91,5448.17,0,Balochistan,auto
AUTO-002357,23663.62,8413.13,0,Punjab,auto
AUTO-002358,9062.34,5193.01,0,Balochistan,auto
AUTO-002359,27019.83,9127.15,0,GB,auto
AUTO-002360,13164.96,27780.41,0,GB,auto
AUTO-002361,11199.95,17584.96,0,GB,auto
AUTO-002362,10288.89,12291.16,0,Punjab,auto
AUTO-002363,38420.41,5462.67,0,GB,auto
AUTO-002364,16080.59,14764.05,0,AJK,auto
AUTO-002365,47423.06,2101.69,0,GB,auto
AUTO-002366,16849.89,6621.76,0,Punjab,auto
AUTO-002367,9379.87,12925.65,0,Balochistan,auto
AUTO-002368,12603.6,14652.07,0,KPK,auto
AUTO-002369,40859.96,13848.16,0,Balochistan,auto
AUTO-002370,20374.73,10258.53,0,KPK,auto
AUTO-002371,16745.02,6928.65,0,AJK,auto
AUTO-002372,23861.2,12461.27,0,Balochistan,auto
AUTO-002373,28307.76,3780.88,0,Punjab,auto
AUTO-002374,38511.01,4122.68,0,AJK,auto
AUTO-002375,45444.62,8513.32,0,Balochistan,auto
AUTO-002376,18400.18,9307.34,0,AJK,auto
AUTO-002377,11350.04,1880.9,0,KPK,auto
AUTO-002378,17912.74,11662.3,0,AJK,auto
AUTO-002379,25087.88,15035.7,0,Punjab,auto
AUTO-002380,13604.02,7617.26,0,Balochistan,auto
AUTO-002381,13649.04,54153.24,0,KPK,auto
AUTO-002382,26157.57,4692.18,0,AJK,auto
AUTO-002383,21497.11,6070.1,0,Sindh,auto
AUTO-002384,22390.64,5907.31,0,KPK,auto
AUTO-002385,15074.39,7623.95,0,KPK,auto
AUTO-002386,19629.71,6229.31,0,Punjab,auto
AUTO-002387,13875.55,2629.51,0,Punjab,auto
AUTO-002388,34375.49,5233.11,0,AJK,auto
AUTO-002389,36961.22,7494.34,0,Sindh,auto
AUTO-002390,8750.85,21652.1,0,KPK,auto
AUTO-002391,13838.98,47183.27,0,AJK,auto
AUTO-002392,10422.64,23585.3,0,GB,auto
AUTO-002393,15914.53,4357.69,0,Sindh,auto
AUTO-002394,21126.45,4644.1,0,AJK,auto
AUTO-002395,10669.85,7133.36,0,KPK,auto
AUTO-002396,13892.02,33780.77,0,AJK,auto
AUTO-002397,13333.32,7098.66,0,Punjab,auto
AUTO-002398,24431.62,2801.73,0,Punjab,auto
AUTO-002399,22803.57,5426.55,0,Balochistan,auto
AUTO-002400,15354.0,14848.36,0,Sindh,auto
AUTO-002401,24062.51,14072.14,0,GB,auto
AUTO-002402,16758.48,6903.8,0,KPK,auto
AUTO-002403,19228.95,13998.87,0,Sindh,auto
AUTO-002404,50854.61,1314.83,0,Punjab,auto
AUTO-002405,43054.87,8804.9,0,GB,auto
AUTO-002406,11501.23,16131.81,0,KPK,auto
AUTO-002407,33351.77,4161.83,0,Balochistan,auto
AUTO-002408,33047.4,4150.27,0,Punjab,auto
AUTO-002409,12405.17,1820.45,0,Punjab,auto
AUTO-002410,33169.59,28909.24,0,GB,auto
AUTO-002411,47522.85,4554.53,0,Sindh,auto
AUTO-002412,12565.72,9826.47,0,AJK,auto
AUTO-002413,13922.32,13136.29,0,Sindh,auto
AUTO-002414,36637.62,27164.18,0,Punjab,auto
AUTO-002415,25228.96,7164.42,0,Sindh,auto
AUTO-002416,29019.93,5263.0,0,AJK,auto
AUTO-002417,26115.77,9306.37,0,Balochistan,auto
AUTO-002418,26778.32,22635.26,0,KPK,auto
AUTO-002419,11347.63,7071.74,0,Punjab,auto
AUTO-002420,37184.93,3774.81,0,Sindh,auto
AUTO-002421,39529.2,2362.31,0,Punjab,auto
AUTO-002422,19639.63,3050.2,0,KPK,auto
AUTO-002423,21552.81,16179.71,0,Sindh,auto
AUTO-002424,10243.99,6269.8,0,Balochistan,auto
AUTO-002425,28484.84,4983.98,0,KPK,auto
AUTO-002426,29320.1,4569.81,0,AJK,auto
AUTO-002427,21352.08,8673.58,0,AJK,auto
AUTO-002428,38645.15,6690.45,0,Punjab,auto
AUTO-002429,18638.07,6512.6,0,AJK,auto
AUTO-002430,29211.07,23848.08,0,Sindh,auto
AUTO-002431,13229.02,27733.96,0,AJK,auto
AUTO-002432,21768.6,2234.97,0,Balochistan,auto
AUTO-002433,20187.58,10530.95,0,GB,auto
AUTO-002434,24653.0,4352.52,0,Sindh,auto
AUTO-002435,18310.62,6643.53,0,GB,auto
AUTO-002436,20625.09,10377.78,0,Punjab,auto
AUTO-002437,33290.37,6835.08,0,Punjab,auto
AUTO-002438,17705.27,9743.62,0,AJK,auto
AUTO-002439,9864.64,13882.39,0,AJK,auto
AUTO-002440,52827.75,10256.44,0,Punjab,auto
AUTO-002441,43946.45,4829.66,0,Sindh,auto
AUTO-002442,11543.39,4898.28,0,KPK,auto
AUTO-002443,31096.6,2561.21,0,Punjab,auto
AUTO-002444,17128.73,4092.31,0,Balochistan,auto
AUTO-002445,25128.14,38935.23,0,Sindh,auto
AUTO-002446,25517.3,4300.12,0,KPK,auto
AUTO-002447,19590.42,3119.09,0,KPK,auto
AUTO-002448,14885.12,10466.58,0,Sindh,auto
AUTO-002449,15595.37,7418.32,0,Punjab,auto
AUTO-002450,13931.45,6929.38,0,KPK,auto
AUTO-002451,14531.72,25015.15,0,Balochistan,auto
AUTO-002452,21298.9,12572.93,0,GB,auto
AUTO-002453,15399.96,5302.88,0,Sindh,auto
AUTO-002454,30977.8,5769.95,0,AJK,auto
AUTO-002455,46333.62,5420.43,0,GB,auto
AUTO-002456,16481.16,16314.21,0,Punjab,auto
AUTO-002457,24827.38,6332.7,0,Sindh,auto
AUTO-002458,28278.09,1930.39,0,Balochistan,auto
AUTO-002459,27889.38,7795.83,0,GB,auto
AUTO-002460,22879.07,2369.37,0,GB,auto
AUTO-002461,31931.27,46508.23,0,KPK,auto
AUTO-002462,28032.63,3742.34,0,Punjab,auto
AUTO-002463,11862.87,7118.9,0,Punjab,auto
AUTO-002464,34015.72,9962.29,0,Sindh,auto
AUTO-002465,34325.56,6432.21,0,Sindh,auto
AUTO-002466,15038.32,6425.15,0,Balochistan,auto
AUTO-002467,22448.27,11355.55,0,AJK,auto
AUTO-002468,30997.58,27473.38,0,Sindh,auto
AUTO-002469,19837.77,14973.05,0,GB,auto
AUTO-002470,37665.09,26444.7,0,Sindh,auto
AUTO-002471,71821.29,3507.66,0,Sindh,auto
AUTO-002472,14868.6,10445.12,0,Balochistan,auto
AUTO-002473,11042.18,9174.63,0,KPK,auto
AUTO-002474,25640.01,10730.8,0,AJK,auto
AUTO-002475,31595.86,24367.01,0,Balochistan,auto
AUTO-002476,19625.14,6791.1,0,Sindh,auto
AUTO-002477,45552.93,5858.2,0,KPK,auto
AUTO-002478,11278.99,12421.51,0,Sindh,auto
AUTO-002479,31146.57,1953.62,0,Balochistan,auto
AUTO-002480,16269.86,6704.39,1,Punjab,auto
AUTO-002481,52035.89,7278.22,0,Sindh,auto
AUTO-002482,59650.49,3880.48,0,KPK,auto
AUTO-002483,15013.0,18876.01,0,AJK,auto
AUTO-002484,16734.39,3464.1,0,Punjab,auto
AUTO-002485,33853.37,7268.47,0,Sindh,auto
AUTO-002486,18150.16,10244.8,0,Sindh,auto
AUTO-002487,21531.98,23926.96,0,KPK,auto
AUTO-002488,22307.86,8034.94,0,Punjab,auto
AUTO-002489,8435.16,17135.76,0,Punjab,auto
AUTO-002490,21874.59,14192.6,0,Punjab,auto
AUTO-002491,15601.71,8944.25,0,Sindh,auto
AUTO-002492,17213.32,3389.34,0,Punjab,auto
AUTO-002493,45334.16,2571.73,0,Sindh,auto
AUTO-002494,11751.62,8823.77,0,Sindh,auto
AUTO-002495,33077.3,5249.26,0,GB,auto
AUTO-002496,19158.82,16905.75,0,Punjab,auto
AUTO-002497,19151.19,14715.92,0,Balochistan,auto
AUTO-002498,32701.82,6990.53,0,AJK,auto
AUTO-002499,26108.75,3209.37,1,AJK,auto
AUTO-002500,29298.94,12192.65,0,Balochistan,auto
AUTO-002501,35742.38,3589.04,0,Punjab,auto
AUTO-002502,18663.89,4417.06,1,Sindh,auto
AUTO-002503,16218.07,3701.4,0,KPK,auto
AUTO-002504,12802.87,7253.21,0,Balochistan,auto
AUTO-002505,14578.38,20664.11,0,AJK,auto
AUTO-002506,96234.89,8070.47,0,AJK,auto
AUTO-002507,41041.53,5684.08,0,Sindh,auto
AUTO-002508,11208.89,2391.1,0,AJK,auto
AUTO-002509,11370.43,12603.12,0,AJK,auto
AUTO-002510,28027.26,4340.2,0,Sindh,auto
AUTO-002511,28958.89,8901.85,0,Punjab,auto
AUTO-002512,28982.34,6103.55,0,GB,auto
AUTO-002513,19390.18,15843.93,0,AJK,auto
AUTO-002514,20687.25,7145.31,0,GB,auto
AUTO-002515,25950.33,7729.96,0,GB,auto
AUTO-002516,22993.03,11951.33,0,Punjab,auto
AUTO-002517,7261.56,43719.62,0,KPK,auto
AUTO-002518,19635.61,16494.09,0,Punjab,auto
AUTO-002519,14390.11,7548.58,0,Sindh,auto
AUTO-002520,24043.16,8123.84,0,Sindh,auto
AUTO-002521,97990.86,5324.7,0,Sindh,auto
AUTO-002522,26469.3,3789.55,0,AJK,auto
AUTO-002523,18830.54,5207.21,0,Balochistan,auto
AUTO-002524,34922.99,4368.96,0,AJK,auto
AUTO-002525,28038.78,13666.39,0,Punjab,auto
AUTO-002526,27174.85,3439.37,0,KPK,auto
AUTO-002527,29834.64,23542.64,0,KPK,auto
AUTO-002528,61591.05,14788.97,0,KPK,auto
AUTO-002529,12513.41,8237.08,0,GB,auto
AUTO-002530,27912.11,8105.15,0,KPK,auto
AUTO-002531,13860.65,5188.37,0,GB,auto
AUTO-002532,29078.56,10057.44,0,Balochistan,auto
AUTO-002533,13914.08,19350.51,0,KPK,auto
AUTO-002534,17877.83,4616.88,0,GB,auto
AUTO-002535,19004.96,2376.27,1,AJK,auto
AUTO-002536,35879.03,14222.42,0,KPK,auto
AUTO-002537,34864.6,10503.8,0,Sindh,auto
AUTO-002538,11815.19,3307.15,0,Punjab,auto
AUTO-002539,22639.85,4506.55,0,AJK,auto
AUTO-002540,15447.62,4075.37,0,Balochistan,auto
AUTO-002541,11739.89,4538.6,0,AJK,auto
AUTO-002542,19761.51,6254.48,0,Sindh,auto
AUTO-002543,18878.12,6547.0,0,KPK,auto
AUTO-002544,74113.89,4814.39,0,KPK,auto
AUTO-002545,27350.22,4418.12,0,Balochistan,auto
AUTO-002546,11061.12,6747.8,0,Punjab,auto
AUTO-002547,16607.56,9266.43,0,KPK,auto
AUTO-002548,36705.86,6291.55,0,GB,auto
AUTO-002549,62581.27,20474.46,0,Balochistan,auto
AUTO-002550,9966.74,12166.85,1,KPK,auto
AUTO-002551,8604.48,2269.52,0,GB,auto
AUTO-002552,56133.19,12320.04,0,AJK,auto
AUTO-002553,26763.84,13153.4,0,Balochistan,auto
AUTO-002554,14269.13,5722.79,0,Balochistan,auto
AUTO-002555,28776.51,2450.0,0,Balochistan,auto
AUTO-002556,5896.57,8155.55,0,KPK,auto
AUTO-002557,22063.67,8053.27,0,Balochistan,auto
AUTO-002558,25949.58,3303.32,0,AJK,auto
AUTO-002559,34966.13,2537.73,0,Punjab,auto
AUTO-002560,13267.23,7554.94,0,Punjab,auto
AUTO-002561,22990.67,6724.67,0,Sindh,auto
AUTO-002562,13867.28,5803.33,0,AJK,auto
AUTO-002563,25026.53,7580.02,0,AJK,auto
AUTO-002564,14077.41,3353.56,0,Balochistan,auto
AUTO-002565,17960.85,5722.4,0,Sindh,auto
AUTO-002566,13387.71,12414.99,0,GB,auto
AUTO-002567,30502.63,6124.33,0,GB,auto
AUTO-002568,33834.14,2126.9,0,AJK,auto
AUTO-002569,19588.34,5551.63,0,AJK,auto
AUTO-002570,22451.64,3442.22,0,AJK,auto
AUTO-002571,10675.47,10033.74,0,KPK,auto
AUTO-002572,18961.42,10457.45,0,AJK,auto
AUTO-002573,21480.43,2149.48,0,GB,auto
AUTO-002574,81666.29,14871.63,0,KPK,auto
AUTO-002575,12632.35,3328.41,0,GB,auto
AUTO-002576,45802.26,28207.57,0,AJK,auto
AUTO-002577,36258.51,7792.98,0,GB,auto
AUTO-002578,25344.53,2989.57,0,Punjab,auto
AUTO-002579,53066.98,3250.0,0,KPK,auto
AUTO-002580,26530.56,10705.11,0,KPK,auto
AUTO-002581,26757.75,5925.14,0,Balochistan,auto
AUTO-002582,21449.14,7500.14,0,AJK,auto
AUTO-002583,40610.6,29443.37,0,Sindh,auto
AUTO-002584,38110.1,4631.35,0,Sindh,auto
AUTO-002585,16109.45,8501.27,0,Sindh,auto
AUTO-002586,11388.69,25232.18,0,Sindh,auto
AUTO-002587,19900.69,10060.89,0,Punjab,auto
AUTO-002588,14764.5,2241.09,0,Sindh,auto
AUTO-002589,21337.85,12140.61,0,GB,auto
AUTO-002590,40893.2,3195.82,0,Balochistan,auto
AUTO-002591,17524.39,24970.39,0,Sindh,auto
AUTO-002592,21559.86,4195.24,0,Balochistan,auto
AUTO-002593,22674.84,87169.31,0,KPK,auto
AUTO-002594,33665.05,26210.12,0,GB,auto
AUTO-002595,7162.08,4284.29,1,AJK,auto
AUTO-002596,16263.03,8233.87,0,Sindh,auto
AUTO-002597,24480.74,14807.89,0,Balochistan,auto
AUTO-002598,40136.42,15167.77,0,GB,auto
AUTO-002599,17223.82,11543.4,0,Balochistan,auto
AUTO-002600,8618.99,22064.54,0,AJK,auto
AUTO-002601,30027.1,7343.9,0,KPK,auto
AUTO-002602,16031.63,6042.82,0,Sindh,auto
AUTO-002603,12151.0,6139.56,0,Balochistan,auto
AUTO-002604,16120.18,16102.0,0,Sindh,auto
AUTO-002605,20085.18,10852.44,1,GB,auto
AUTO-002606,16278.94,10229.46,0,Punjab,auto
AUTO-002607,7311.6,15308.87,0,Balochistan,auto
AUTO-002608,34493.74,1570.51,0,KPK,auto
AUTO-002609,41665.87,10384.35,0,GB,auto
AUTO-002610,30508.51,9651.37,0,AJK,auto
AUTO-002611,12470.95,30793.12,0,Balochistan,auto
AUTO-002612,19915.51,2385.42,0,Punjab,auto
AUTO-002613,21954.76,28162.58,0,AJK,auto
AUTO-002614,29714.7,8606.97,0,KPK,auto
AUTO-002615,30766.15,11982.37,0,Sindh,auto
AUTO-002616,15258.82,30968.78,0,Sindh,auto
AUTO-002617,22948.27,12690.5,0,Balochistan,auto
AUTO-002618,27684.84,11162.27,0,AJK,auto
AUTO-002619,45611.32,9836.28,0,Punjab,auto
AUTO-002620,31327.55,5503.93,0,Punjab,auto
AUTO-002621,32680.32,7920.49,0,KPK,auto
AUTO-002622,22969.29,4571.47,0,GB,auto
AUTO-002623,44588.42,7819.27,0,AJK,auto
AUTO-002624,27034.83,1250.45,0,AJK,auto
AUTO-002625,14320.62,11421.26,0,Sindh,auto
AUTO-002626,44430.66,7351.14,0,KPK,auto
AUTO-002627,31224.29,6192.15,0,KPK,auto
AUTO-002628,17649.77,9660.56,0,GB,auto
AUTO-002629,17331.02,2573.83,0,KPK,auto
AUTO-002630,25547.32,37926.9,0,AJK,auto
AUTO-002631,27766.69,7463.55,0,Sindh,auto
AUTO-002632,24310.07,7210.72,0,KPK,auto
AUTO-002633,25736.21,3743.15,0,Sindh,auto
AUTO-002634,51533.05,8259.81,0,GB,auto
AUTO-002635,37638.08,24577.04,0,KPK,auto
AUTO-002636,24229.3,18559.42,0,AJK,auto
AUTO-002637,35265.32,16051.38,0,Sindh,auto
AUTO-002638,13144.23,12545.52,0,Balochistan,auto
AUTO-002639,26875.32,6082.47,0,GB,auto
AUTO-002640,54429.04,2539.87,0,KPK,auto
AUTO-002641,19751.35,6899.26,0,AJK,auto
AUTO-002642,14417.28,6709.66,0,Sindh,auto
AUTO-002643,15898.11,18751.62,0,Punjab,auto
AUTO-002644,12774.21,10378.72,0,AJK,auto
AUTO-002645,14877.7,29432.34,0,AJK,auto
AUTO-002646,18301.64,21120.32,0,Punjab,auto
AUTO-002647,10907.62,5624.03,0,Punjab,auto
AUTO-002648,22199.15,1927.34,0,Balochistan,auto
AUTO-002649,34583.73,24549.83,0,Balochistan,auto
AUTO-002650,13990.33,24040.81,0,Balochistan,auto
AUTO-002651,47081.81,2716.31,0,AJK,auto
AUTO-002652,28435.57,27102.79,0,AJK,auto
AUTO-002653,36875.04,11000.48,0,AJK,auto
AUTO-002654,15852.5,9214.64,0,Balochistan,auto
AUTO-002655,33767.79,29490.59,0,Sindh,auto
AUTO-002656,12759.52,23759.75,1,AJK,auto
AUTO-002657,34376.34,13644.13,0,AJK,auto
AUTO-002658,24002.65,11832.13,0,AJK,auto
AUTO-002659,29045.7,13268.07,0,Balochistan,auto
AUTO-002660,12236.8,5883.78,0,KPK,auto
AUTO-002661,14079.36,7753.65,0,Balochistan,auto
AUTO-002662,29691.44,3936.89,0,KPK,auto
AUTO-002663,13709.25,6207.84,0,Balochistan,auto
AUTO-002664,27766.99,6043.22,0,Sindh,auto
AUTO-002665,11119.23,4874.42,0,Sindh,auto
AUTO-002666,33660.73,9039.84,0,AJK,auto
AUTO-002667,11893.39,6252.99,0,Balochistan,auto
AUTO-002668,29031.88,12110.01,0,KPK,auto
AUTO-002669,30116.11,2213.09,0,KPK,auto
AUTO-002670,15546.86,7400.6,0,Sindh,auto
AUTO-002671,29466.62,9002.35,0,AJK,auto
AUTO-002672,25089.91,6320.14,0,KPK,auto
AUTO-002673,16824.29,7059.19,0,Balochistan,auto
AUTO-002674,13302.7,2279.71,0,AJK,auto
AUTO-002675,8255.93,10777.13,0,GB,auto
AUTO-002676,26234.35,13603.53,0,Balochistan,auto
AUTO-002677,10072.85,12026.04,0,Balochistan,auto
AUTO-002678,23101.95,18601.21,0,Sindh,auto
AUTO-002679,19308.02,9520.7,0,Balochistan,auto
AUTO-002680,30932.77,11883.96,0,Punjab,auto
AUTO-002681,18938.98,9180.83,0,AJK,auto
AUTO-002682,18681.26,14045.26,0,Punjab,auto
AUTO-002683,31759.12,2294.38,0,Balochistan,auto
AUTO-002684,26043.64,3964.5,0,Balochistan,auto
AUTO-002685,25798.66,28840.03,0,Sindh,auto
AUTO-002686,27851.27,1131.9,0,Sindh,auto
AUTO-002687,10221.15,7243.48,0,GB,auto
AUTO-002688,32157.29,20698.57,0,Sindh,auto
AUTO-002689,29918.56,7520.53,0,GB,auto
AUTO-002690,13248.75,5860.51,0,Sindh,auto
AUTO-002691,19495.91,8987.03,0,GB,auto
AUTO-002692,21597.79,6108.91,0,KPK,auto
AUTO-002693,20593.93,8305.55,0,Sindh,auto
AUTO-002694,26028.05,4690.5,0,Balochistan,auto
AUTO-002695,45056.99,19671.76,0,GB,auto
AUTO-002696,37830.97,25301.32,0,Balochistan,auto
AUTO-002697,11428.78,7282.92,0,GB,auto
AUTO-002698,30062.54,2672.6,1,AJK,auto
AUTO-002699,42807.42,5329.04,0,GB,auto
AUTO-002700,26726.32,6994.01,0,Punjab,auto
AUTO-002701,38005.65,12142.06,0,GB,auto
AUTO-002702,60242.61,3617.68,0,GB,auto
AUTO-002703,36748.58,4379.41,0,KPK,auto
AUTO-002704,24950.63,12192.07,0,KPK,auto
AUTO-002705,37143.51,17173.57,1,AJK,auto
AUTO-002706,23681.37,4928.18,0,AJK,auto
AUTO-002707,22291.29,2788.97,0,Sindh,auto
AUTO-002708,18477.2,112116.59,0,AJK,auto
AUTO-002709,48132.2,15163.45,0,KPK,auto
AUTO-002710,14629.36,6544.61,0,Punjab,auto
AUTO-002711,47390.82,16239.88,0,GB,auto
AUTO-002712,28280.62,7335.16,0,Punjab,auto
AUTO-002713,10941.81,16215.54,0,KPK,auto
AUTO-002714,26471.52,9205.11,0,Sindh,auto
AUTO-002715,7707.79,8716.89,0,Punjab,auto
AUTO-002716,30114.26,7399.25,0,GB,auto
AUTO-002717,34290.23,2545.53,0,GB,auto
AUTO-002718,16380.09,38195.61,0,Punjab,auto
AUTO-002719,23430.03,3815.29,0,Sindh,auto
AUTO-002720,58517.36,2729.79,0,Punjab,auto
AUTO-002721,17105.01,6834.32,0,Balochistan,auto
AUTO-002722,12971.97,3754.92,0,KPK,auto
AUTO-002723,46204.46,7774.7,0,Punjab,auto
AUTO-002724,58764.52,14047.66,0,Punjab,auto
AUTO-002725,22067.2,17966.11,0,Sindh,auto
AUTO-002726,36524.24,15549.51,0,Punjab,auto
AUTO-002727,43076.72,6345.46,0,Sindh,auto
AUTO-002728,15195.55,8431.02,0,KPK,auto
AUTO-002729,17280.73,11229.54,0,Balochistan,auto
AUTO-002730,40759.22,1985.79,0,AJK,auto
AUTO-002731,51149.46,12790.63,0,KPK,auto
AUTO-002732,29185.88,2525.41,0,Punjab,auto
AUTO-002733,14187.16,41451.41,0,Balochistan,auto
AUTO-002734,59488.04,5862.83,0,AJK,auto
AUTO-002735,16890.63,6989.05,0,AJK,auto
AUTO-002736,18628.19,4377.51,0,GB,auto
AUTO-002737,26138.61,4895.27,0,GB,auto
AUTO-002738,47910.03,49974.83,0,Punjab,auto
AUTO-002739,33758.52,17193.66,0,GB,auto
AUTO-002740,27103.9,2346.4,0,AJK,auto
AUTO-002741,27768.13,26994.01,0,AJK,auto
AUTO-002742,22510.95,21048.69,0,KPK,auto
AUTO-002743,29116.78,6470.64,0,GB,auto
AUTO-002744,6218.1,10356.38,0,GB,auto
AUTO-002745,18990.54,8006.79,0,KPK,auto
AUTO-002746,24851.19,39264.02,0,AJK,auto
AUTO-002747,12388.12,4285.39,0,Sindh,auto
AUTO-002748,26719.84,9107.09,0,Punjab,auto
AUTO-002749,19885.86,5753.04,0,Sindh,auto
AUTO-002750,52983.61,2574.9,0,Sindh,auto
AUTO-002751,48363.94,46784.66,0,AJK,auto
AUTO-002752,17450.04,3148.71,0,Punjab,auto
AUTO-002753,20426.35,9663.42,0,Sindh,auto
AUTO-002754,21226.94,2013.12,0,KPK,auto
AUTO-002755,17573.9,5888.42,0,KPK,auto
AUTO-002756,24282.53,11356.84,0,Punjab,auto
AUTO-002757,15075.99,4188.98,0,Sindh,auto
AUTO-002758,12515.11,12957.65,0,Balochistan,auto
AUTO-002759,30072.18,6533.95,1,GB,auto
AUTO-002760,30174.87,20497.66,0,Balochistan,auto
AUTO-002761,14732.96,24086.55,0,Punjab,auto
AUTO-002762,34464.25,5067.51,0,GB,auto
AUTO-002763,16061.99,8616.09,0,Punjab,auto
AUTO-002764,24998.79,9384.02,0,Balochistan,auto
AUTO-002765,33195.58,13299.47,0,Sindh,auto
AUTO-002766,21659.38,8196.85,0,Sindh,auto
AUTO-002767,27649.71,9434.88,0,AJK,auto
AUTO-002768,17013.89,6669.33,0,GB,auto
AUTO-002769,19965.61,8885.64,0,Punjab,auto
AUTO-002770,19872.07,22887.64,0,Sindh,auto
AUTO-002771,15164.48,13586.97,0,Balochistan,auto
AUTO-002772,20163.17,14200.1,0,GB,auto
AUTO-002773,10154.69,14450.09,0,Balochistan,auto
AUTO-002774,17230.27,7164.93,0,KPK,auto
AUTO-002775,19102.27,10457.36,1,Sindh,auto
AUTO-002776,19378.32,3401.12,0,AJK,auto
AUTO-002777,19521.1,22360.38,0,AJK,auto
AUTO-002778,21356.64,874.48,0,GB,auto
AUTO-002779,27993.31,7557.39,0,Punjab,auto
AUTO-002780,34107.02,20185.44,0,KPK,auto
AUTO-002781,15916.59,2721.41,0,GB,auto
AUTO-002782,12069.05,11157.02,0,Balochistan,auto
AUTO-002783,13081.81,4700.32,0,Balochistan,auto
AUTO-002784,17264.34,6032.74,0,Punjab,auto
AUTO-002785,18472.52,17270.46,0,AJK,auto
AUTO-002786,14987.95,9494.29,0,AJK,auto
AUTO-002787,11521.17,1591.63,0,Balochistan,auto
AUTO-002788,17534.74,3710.27,0,Punjab,auto
AUTO-002789,24117.99,17681.4,0,GB,auto
AUTO-002790,29658.82,11604.57,0,Sindh,auto
AUTO-002791,16668.71,32810.65,0,GB,auto
AUTO-002792,17916.93,31135.94,0,KPK,auto
AUTO-002793,13858.46,6162.29,1,AJK,auto
AUTO-002794,21682.93,60029.43,0,GB,auto
AUTO-002795,14411.56,8263.34,0,AJK,auto
AUTO-002796,29335.8,3751.33,0,AJK,auto
AUTO-002797,9018.8,4880.92,0,Sindh,auto
AUTO-002798,18401.46,1332.24,0,Sindh,auto
AUTO-002799,25605.28,29307.98,1,GB,auto
AUTO-002800,24147.04,29022.0,0,KPK,auto
AUTO-002801,84670.02,3596.06,0,AJK,auto
AUTO-002802,26236.32,6752.67,0,Balochistan,auto
AUTO-002803,13332.67,8747.17,0,AJK,auto
AUTO-002804,20999.79,3758.28,0,KPK,auto
AUTO-002805,9062.29,1990.06,0,GB,auto
AUTO-002806,21156.45,6848.01,0,KPK,auto
AUTO-002807,14522.75,6267.52,0,Balochistan,auto
AUTO-002808,34811.22,5938.85,0,Sindh,auto
AUTO-002809,16734.54,9683.44,0,Balochistan,auto
AUTO-002810,20777.31,25428.24,0,KPK,auto
AUTO-002811,16030.06,6358.36,0,Balochistan,auto
AUTO-002812,52545.02,9286.85,0,AJK,auto
AUTO-002813,18758.06,14494.09,0,KPK,auto
AUTO-002814,55065.49,12623.49,0,GB,auto
AUTO-002815,33092.96,4956.53,0,Sindh,auto
AUTO-002816,28030.08,8752.56,0,Sindh,auto
AUTO-002817,26485.87,12556.98,0,Balochistan,auto
AUTO-002818,26819.88,3285.65,1,Balochistan,auto
AUTO-002819,8401.48,22266.34,0,Balochistan,auto
AUTO-002820,19159.58,25470.37,0,GB,auto
AUTO-002821,33610.0,4544.97,0,AJK,auto
AUTO-002822,21494.48,9461.03,0,Sindh,auto
AUTO-002823,10909.67,13545.68,0,KPK,auto
AUTO-002824,21456.82,5237.02,0,KPK,auto
AUTO-002825,51640.05,11911.87,0,Sindh,auto
AUTO-002826,41086.95,9233.6,0,GB,auto
AUTO-002827,21354.08,2504.05,0,Balochistan,auto
AUTO-002828,35444.54,11699.82,0,Punjab,auto
AUTO-002829,18338.29,3360.64,0,Balochistan,auto
AUTO-002830,9396.23,17177.61,0,GB,auto
AUTO-002831,13873.93,4736.39,0,Sindh,auto
AUTO-002832,48119.58,7122.2,0,AJK,auto
AUTO-002833,19206.49,24290.08,0,Balochistan,auto
AUTO-002834,19502.7,12053.44,0,KPK,auto
AUTO-002835,18959.89,3416.67,1,AJK,auto
AUTO-002836,57071.97,3597.76,0,Sindh,auto
AUTO-002837,49661.21,5016.85,0,Punjab,auto
AUTO-002838,66795.44,11111.27,0,Balochistan,auto
AUTO-002839,20342.7,10792.86,0,AJK,auto
AUTO-002840,25535.18,4127.88,0,AJK,auto
AUTO-002841,10318.35,3185.08,0,KPK,auto
AUTO-002842,46095.34,10150.38,0,Balochistan,auto
AUTO-002843,12284.7,7005.93,0,Punjab,auto
AUTO-002844,24548.05,45513.88,0,AJK,auto
AUTO-002845,12725.32,8343.87,0,KPK,auto
AUTO-002846,16408.69,34592.85,0,Balochistan,auto
AUTO-002847,14492.24,3177.0,0,Balochistan,auto
AUTO-002848,16253.48,2301.76,0,Punjab,auto
AUTO-002849,16821.93,3307.45,0,KPK,auto
AUTO-002850,16745.18,20979.56,0,Punjab,auto
AUTO-002851,33411.89,33020.41,0,AJK,auto
AUTO-002852,12677.3,4334.04,0,GB,auto
AUTO-002853,24594.32,5605.74,0,Sindh,auto
AUTO-002854,40496.85,3180.57,0,Sindh,auto
AUTO-002855,17041.41,1902.05,0,Punjab,auto
AUTO-002856,15383.34,14396.34,0,Punjab,auto
AUTO-002857,19628.5,9685.8,0,GB,auto
AUTO-002858,39730.03,8171.36,0,GB,auto
AUTO-002859,24271.4,2643.75,0,GB,auto
AUTO-002860,16888.58,30090.52,0,GB,auto
AUTO-002861,28055.45,5417.09,0,Sindh,auto
AUTO-002862,12693.61,12417.99,1,AJK,auto
AUTO-002863,30967.07,2530.95,0,GB,auto
AUTO-002864,27019.22,6957.53,0,GB,auto
AUTO-002865,18884.48,10230.2,0,Punjab,auto
AUTO-002866,14482.66,10526.59,0,GB,auto
AUTO-002867,14138.54,9170.24,0,AJK,auto
AUTO-002868,28779.21,12035.53,0,AJK,auto
AUTO-002869,40720.64,3279.95,0,KPK,auto
AUTO-002870,16016.04,9489.09,1,AJK,auto
AUTO-002871,27700.16,8875.11,1,GB,auto
AUTO-002872,7758.05,9753.08,0,Balochistan,auto
AUTO-002873,16443.59,8585.9,0,GB,auto
AUTO-002874,21687.05,2926.11,0,Sindh,auto
AUTO-002875,13976.86,2823.58,0,Sindh,auto
AUTO-002876,13790.66,1378.27,0,Punjab,auto
AUTO-002877,15773.87,15584.43,1,Punjab,auto
AUTO-002878,25491.4,15711.15,0,KPK,auto
AUTO-002879,20057.04,15912.18,0,GB,auto
AUTO-002880,7193.15,10357.15,0,KPK,auto
AUTO-002881,7628.53,1470.72,0,Balochistan,auto
AUTO-002882,16261.69,3563.97,0,Punjab,auto
AUTO-002883,27690.46,9286.64,0,Sindh,auto
AUTO-002884,5576.12,9030.96,0,Balochistan,auto
AUTO-002885,17156.54,6780.47,0,Punjab,auto
AUTO-002886,16930.57,10884.92,0,Balochistan,auto
AUTO-002887,44097.96,8178.97,0,GB,auto
AUTO-002888,18169.31,8925.04,0,AJK,auto
AUTO-002889,26675.33,4859.78,0,AJK,auto
AUTO-002890,23638.42,17776.08,0,Balochistan,auto
AUTO-002891,7590.99,5740.97,0,Punjab,auto
AUTO-002892,32341.41,2794.7,0,AJK,auto
AUTO-002893,24531.13,4372.98,0,AJK,auto
AUTO-002894,28399.71,6131.7,0,Balochistan,auto
AUTO-002895,156861.55,17947.43,0,AJK,auto
AUTO-002896,7769.36,7833.66,0,GB,auto
AUTO-002897,52174.46,6981.94,0,Sindh,auto
AUTO-002898,19077.72,2984.15,0,AJK,auto
AUTO-002899,25429.48,15189.9,0,GB,auto
AUTO-002900,21530.89,4809.93,0,Balochistan,auto
AUTO-002901,17816.53,7479.92,0,AJK,auto
AUTO-002902,16565.6,26480.04,0,AJK,auto
AUTO-002903,25971.48,12173.43,0,KPK,auto
AUTO-002904,10315.61,2202.61,0,Balochistan,auto
AUTO-002905,32057.6,1967.25,0,Balochistan,auto
AUTO-002906,17888.31,7696.74,0,GB,auto
AUTO-002907,12518.53,3071.15,0,KPK,auto
AUTO-002908,17588.38,13613.77,0,KPK,auto
AUTO-002909,41298.22,8381.74,0,GB,auto
AUTO-002910,16853.82,9249.34,0,Sindh,auto
AUTO-002911,26350.09,4603.65,1,AJK,auto
AUTO-002912,15283.39,32633.9,0,Punjab,auto
AUTO-002913,32175.51,78753.26,0,Punjab,auto
AUTO-002914,31031.37,6484.26,0,KPK,auto
AUTO-002915,55509.22,10747.53,0,Balochistan,auto
AUTO-002916,20175.37,8759.85,0,Balochistan,auto
AUTO-002917,30770.98,6583.03,0,GB,auto
AUTO-002918,23133.42,4164.47,0,Sindh,auto
AUTO-002919,42105.59,3401.68,0,Punjab,auto
AUTO-002920,15376.32,3266.66,0,GB,auto
AUTO-002921,31968.38,11205.86,0,GB,auto
AUTO-002922,19983.28,5346.84,0,Balochistan,auto
AUTO-002923,21330.77,1030.05,0,Sindh,auto
AUTO-002924,23060.49,11566.71,0,Sindh,auto
AUTO-002925,24987.23,7858.81,0,KPK,auto
AUTO-002926,20782.89,23797.56,0,Punjab,auto
AUTO-002927,24522.75,10921.6,0,Sindh,auto
AUTO-002928,48487.39,2482.6,0,Sindh,auto
AUTO-002929,36052.26,1361.39,0,Sindh,auto
AUTO-002930,34015.69,4557.01,0,Punjab,auto
AUTO-002931,17539.84,4914.35,0,KPK,auto
AUTO-002932,14120.45,17232.07,0,AJK,auto
AUTO-002933,35512.86,8045.78,0,Balochistan,auto
AUTO-002934,34133.12,20069.38,0,GB,auto
AUTO-002935,45997.18,2807.74,0,GB,auto
AUTO-002936,16285.16,17539.51,0,Punjab,auto
AUTO-002937,19638.08,14426.06,0,Punjab,auto
AUTO-002938,9703.66,1612.29,0,GB,auto
AUTO-002939,18101.76,23343.98,0,Punjab,auto
AUTO-002940,36253.28,8732.15,0,AJK,auto
AUTO-002941,17444.02,11088.19,0,Balochistan,auto
AUTO-002942,30340.54,4056.53,0,Balochistan,auto
AUTO-002943,20025.23,22475.87,0,Sindh,auto
AUTO-002944,25900.78,3137.93,0,GB,auto
AUTO-002945,12408.71,15766.99,0,GB,auto
AUTO-002946,22985.18,15622.79,0,GB,auto
AUTO-002947,4936.6,3716.98,1,Sindh,auto
AUTO-002948,20061.38,39604.53,0,GB,auto
AUTO-002949,9747.47,9751.95,0,KPK,auto
AUTO-002950,40255.31,13672.12,1,Punjab,auto
AUTO-002951,32490.52,2388.22,0,KPK,auto
AUTO-002952,27815.13,44098.63,0,Punjab,auto
AUTO-002953,47122.37,3042.26,0,Balochistan,auto
AUTO-002954,13705.35,18396.38,0,GB,auto
AUTO-002955,52769.13,3656.21,0,KPK,auto
AUTO-002956,35104.89,4938.46,0,Balochistan,auto
AUTO-002957,19569.4,15229.71,0,Sindh,auto
AUTO-002958,38863.47,18435.66,0,GB,auto
AUTO-002959,12668.24,2930.63,0,Balochistan,auto
AUTO-002960,14584.91,19387.38,0,AJK,auto
AUTO-002961,16247.68,18694.5,0,KPK,auto
AUTO-002962,16907.48,3826.24,0,GB,auto
AUTO-002963,12987.22,29112.36,0,GB,auto
AUTO-002964,40600.74,2526.31,0,Punjab,auto
AUTO-002965,19352.42,4915.66,0,Balochistan,auto
AUTO-002966,26271.83,11887.02,0,GB,auto
AUTO-002967,16561.31,4093.46,0,GB,auto
AUTO-002968,8863.51,10007.15,0,KPK,auto
AUTO-002969,25210.82,9826.72,0,Punjab,auto
AUTO-002970,8466.5,6976.76,0,GB,auto
AUTO-002971,21283.41,15770.88,0,GB,auto
AUTO-002972,11112.68,6750.09,0,KPK,auto
AUTO-002973,59494.43,9752.05,0,KPK,auto
AUTO-002974,34741.19,20275.68,0,AJK,auto
AUTO-002975,23222.5,15253.27,0,Balochistan,auto
AUTO-002976,41433.85,15196.4,0,AJK,auto
AUTO-002977,14426.79,3231.35,0,Sindh,auto
AUTO-002978,28904.13,12330.54,0,GB,auto
AUTO-002979,24340.7,4012.63,0,KPK,auto
AUTO-002980,25134.84,2906.97,0,Balochistan,auto
AUTO-002981,41613.37,7651.33,0,Sindh,auto
AUTO-002982,31768.99,3930.66,0,GB,auto
AUTO-002983,25447.22,15252.43,0,Sindh,auto
AUTO-002984,9629.21,15547.08,0,AJK,auto
AUTO-002985,13629.3,1768.52,1,Sindh,auto
AUTO-002986,20715.67,4177.04,0,Punjab,auto
AUTO-002987,23079.18,2520.39,0,Punjab,auto
AUTO-002988,12517.69,5596.5,1,Punjab,auto
AUTO-002989,73558.65,11662.58,0,GB,auto
AUTO-002990,47013.83,6675.3,0,Sindh,auto
AUTO-002991,29764.13,5055.3,0,GB,auto
AUTO-002992,22834.29,22928.62,0,GB,auto
AUTO-002993,19809.08,1281.92,0,KPK,auto
AUTO-002994,13684.8,21796.34,0,Balochistan,auto
AUTO-002995,22896.52,5242.58,0,Punjab,auto
AUTO-002996,25056.19,7612.24,0,Punjab,auto
AUTO-002997,11838.59,5314.05,0,Punjab,auto
AUTO-002998,26032.17,27842.27,0,AJK,auto
AUTO-002999,20381.25,3026.67,0,AJK,auto
AUTO-003000,8485.35,8179.52,0,Punjab,auto
AUTO-003001,14325.66,12356.67,0,Punjab,auto
AUTO-003002,17911.48,2233.22,1,GB,auto
AUTO-003003,56604.5,3881.91,0,AJK,auto
AUTO-003004,29093.69,7197.27,0,Balochistan,auto
AUTO-003005,11296.62,3986.5,1,KPK,auto
AUTO-003006,28085.77,4219.73,1,Balochistan,auto
AUTO-003007,10161.36,6124.85,0,GB,auto
AUTO-003008,37848.46,13625.05,0,KPK,auto
AUTO-003009,17403.69,6159.96,1,Sindh,auto
AUTO-003010,21019.0,19201.45,0,Sindh,auto
AUTO-003011,42740.33,3647.49,0,Balochistan,auto
AUTO-003012,11572.86,2976.38,0,AJK,auto
AUTO-003013,10953.79,37838.27,0,Punjab,auto
AUTO-003014,16451.97,4786.88,0,Sindh,auto
AUTO-003015,37019.11,2839.18,0,GB,auto
AUTO-003016,10304.41,2010.94,0,AJK,auto
AUTO-003017,5345.03,19150.47,0,AJK,auto
AUTO-003018,17578.3,6166.93,0,KPK,auto
AUTO-003019,29023.77,6614.58,0,Sindh,auto
AUTO-003020,40140.09,7134.08,0,Balochistan,auto
AUTO-003021,17473.13,18221.44,0,GB,auto
AUTO-003022,17931.01,7019.0,0,AJK,auto
AUTO-003023,39220.32,52851.59,1,Balochistan,auto
AUTO-003024,8648.4,9018.28,0,Balochistan,auto
AUTO-003025,18137.55,18947.51,0,GB,auto
AUTO-003026,24226.73,15431.9,0,Sindh,auto
AUTO-003027,27573.47,7870.23,0,GB,auto
AUTO-003028,17070.32,5066.59,0,Balochistan,auto
AUTO-003029,22409.06,10567.84,0,Balochistan,auto
AUTO-003030,6347.63,12186.44,0,Punjab,auto
AUTO-003031,15849.22,5125.23,0,GB,auto
AUTO-003032,27632.68,9256.41,0,Balochistan,auto
AUTO-003033,13478.53,21784.72,0,Punjab,auto
AUTO-003034,22685.75,42444.74,0,Sindh,auto
AUTO-003035,27541.14,16050.5,0,Balochistan,auto
AUTO-003036,18559.28,35961.63,0,AJK,auto
AUTO-003037,23986.15,4897.6,0,GB,auto
AUTO-003038,13611.0,14207.22,1,Balochistan,auto
AUTO-003039,19864.6,23642.84,0,Punjab,auto
AUTO-003040,29884.88,3955.78,0,AJK,auto
AUTO-003041,23824.9,5494.64,0,Sindh,auto
AUTO-003042,16427.87,32543.2,0,GB,auto
AUTO-003043,24639.55,3714.21,0,KPK,auto
AUTO-003044,31486.21,2771.37,0,KPK,auto
AUTO-003045,7903.25,27512.21,0,Punjab,auto
AUTO-003046,39321.91,21108.07,0,Sindh,auto
AUTO-003047,18617.79,11449.44,0,Sindh,auto
AUTO-003048,27248.26,7812.12,0,Balochistan,auto
AUTO-003049,40079.63,5705.47,0,KPK,auto
AUTO-003050,11094.04,10153.35,0,Balochistan,auto
AUTO-003051,15448.69,28676.85,0,Sindh,auto
AUTO-003052,19067.22,9807.01,0,Punjab,auto
AUTO-003053,14885.21,45870.04,0,Punjab,auto
AUTO-003054,52442.27,3950.69,0,AJK,auto
AUTO-003055,14351.56,7976.5,0,Punjab,auto
AUTO-003056,16684.35,6012.24,0,KPK,auto
AUTO-003057,24396.49,3401.21,0,AJK,auto
AUTO-003058,12075.4,7169.08,0,KPK,auto
AUTO-003059,18072.73,11314.76,0,Balochistan,auto
AUTO-003060,25815.4,12324.99,0,Balochistan,auto
AUTO-003061,18649.41,45998.39,1,Punjab,auto
AUTO-003062,21021.62,11749.59,0,AJK,auto
AUTO-003063,16904.48,20335.22,0,KPK,auto
AUTO-003064,10329.56,8543.07,0,KPK,auto
AUTO-003065,25868.9,31021.77,0,Sindh,auto
AUTO-003066,52969.23,55202.27,0,Punjab,auto
AUTO-003067,22230.06,12392.76,0,GB,auto
AUTO-003068,24652.46,3662.4,0,Balochistan,auto
AUTO-003069,31143.52,5223.67,0,GB,auto
AUTO-003070,11676.51,10153.23,0,Sindh,auto
AUTO-003071,51598.99,11674.92,0,Balochistan,auto
AUTO-003072,24371.37,14167.98,0,Balochistan,auto
AUTO-003073,49807.88,11709.53,0,KPK,auto
AUTO-003074,15267.53,8148.49,0,Balochistan,auto
AUTO-003075,54667.84,4870.94,0,AJK,auto
AUTO-003076,32453.96,11169.15,0,Balochistan,auto
AUTO-003077,29042.63,35738.72,0,AJK,auto
AUTO-003078,24760.68,18323.56,0,Balochistan,auto
AUTO-003079,19452.59,12428.69,0,Sindh,auto
AUTO-003080,40145.51,18465.39,0,KPK,auto
AUTO-003081,23627.82,6021.84,0,Sindh,auto
AUTO-003082,8237.61,5395.86,0,KPK,auto
AUTO-003083,12599.43,4454.95,0,Sindh,auto
AUTO-003084,20071.92,7330.29,0,Punjab,auto
AUTO-003085,25719.37,5781.37,0,Balochistan,auto
AUTO-003086,21411.98,21303.35,0,Balochistan,auto
AUTO-003087,40517.34,5539.95,0,Punjab,auto
AUTO-003088,8303.64,4263.4,0,Punjab,auto
AUTO-003089,23665.98,38332.82,0,AJK,auto
AUTO-003090,8875.15,5647.11,0,Sindh,auto
AUTO-003091,32204.33,9162.03,0,Balochistan,auto
AUTO-003092,21010.35,11626.69,0,AJK,auto
AUTO-003093,27168.27,3263.79,1,GB,auto
AUTO-003094,14300.62,21772.15,0,Balochistan,auto
AUTO-003095,41761.6,13489.88,0,Punjab,auto
AUTO-003096,37081.09,28189.57,0,AJK,auto
AUTO-003097,29488.99,4706.14,0,GB,auto
AUTO-003098,20645.27,8771.83,0,AJK,auto
AUTO-003099,29434.67,8362.27,0,AJK,auto
AUTO-003100,15468.39,10007.71,0,Sindh,auto
AUTO-003101,33785.19,2530.84,0,GB,auto
AUTO-003102,50248.72,8854.39,0,AJK,auto
AUTO-003103,37620.53,2588.49,0,Balochistan,auto
AUTO-003104,15293.74,10793.15,0,Sindh,auto
AUTO-003105,26389.16,1475.98,0,Balochistan,auto
AUTO-003106,11538.32,1842.23,0,GB,auto
AUTO-003107,29324.98,15597.08,1,AJK,auto
AUTO-003108,27592.57,5231.9,0,AJK,auto
AUTO-003109,8648.07,3676.49,0,GB,auto
AUTO-003110,12321.59,22396.87,0,Balochistan,auto
AUTO-003111,19118.86,10531.24,0,KPK,auto
AUTO-003112,18950.21,16279.67,0,AJK,auto
AUTO-003113,12031.24,7094.01,0,AJK,auto
AUTO-003114,26755.34,69127.16,0,Sindh,auto
AUTO-003115,24977.65,4995.98,0,Balochistan,auto
AUTO-003116,19987.56,32715.24,0,AJK,auto
AUTO-003117,15094.78,7714.89,0,Balochistan,auto
AUTO-003118,37210.77,2156.82,0,Sindh,auto
AUTO-003119,50397.84,11923.65,0,Balochistan,auto
AUTO-003120,17295.8,10423.42,0,Balochistan,auto
AUTO-003121,16218.64,3494.49,0,Sindh,auto
AUTO-003122,28158.48,3874.7,0,AJK,auto
AUTO-003123,18416.19,7944.55,0,Balochistan,auto
AUTO-003124,20543.53,10719.27,0,KPK,auto
AUTO-003125,31882.95,1122.67,0,AJK,auto
AUTO-003126,8478.78,18816.65,0,Sindh,auto
AUTO-003127,42580.48,5455.62,0,Punjab,auto
AUTO-003128,22841.64,2792.25,0,GB,auto
AUTO-003129,17930.41,17203.24,0,KPK,auto
AUTO-003130,21065.31,7951.42,0,AJK,auto
AUTO-003131,21616.55,21438.26,0,GB,auto
AUTO-003132,9268.71,11502.98,0,Sindh,auto
AUTO-003133,46512.16,8093.27,0,KPK,auto
AUTO-003134,22486.33,7171.11,0,AJK,auto
AUTO-003135,27487.9,11922.35,0,GB,auto
AUTO-003136,35446.33,5820.7,0,Punjab,auto
AUTO-003137,13219.11,4096.72,0,AJK,auto
AUTO-003138,27909.88,13199.41,1,Punjab,auto
AUTO-003139,19267.59,7218.55,0,Punjab,auto
AUTO-003140,33637.12,8323.63,0,Balochistan,auto
AUTO-003141,7603.67,19370.45,0,Sindh,auto
AUTO-003142,20961.71,7397.51,0,Balochistan,auto
AUTO-003143,16294.61,8201.13,0,Punjab,auto
AUTO-003144,27340.69,5015.46,0,Sindh,auto
AUTO-003145,27862.09,11436.81,0,Sindh,auto
AUTO-003146,15462.72,10719.96,0,Sindh,auto
AUTO-003147,15427.59,16657.57,0,KPK,auto
AUTO-003148,20840.79,5098.48,0,AJK,auto
AUTO-003149,14068.29,5618.09,0,Punjab,auto
AUTO-003150,33556.7,15270.99,0,Sindh,auto
AUTO-003151,18313.55,9914.67,0,GB,auto
AUTO-003152,5148.73,3924.62,0,KPK,auto
AUTO-003153,18262.21,23045.9,0,KPK,auto
AUTO-003154,13104.72,2082.32,0,GB,auto
AUTO-003155,9743.56,15175.35,0,Punjab,auto
AUTO-003156,11864.27,2944.9,0,Balochistan,auto
AUTO-003157,23264.97,36630.29,0,KPK,auto
AUTO-003158,42801.16,2355.06,1,Punjab,auto
AUTO-003159,25760.36,20369.63,0,KPK,auto
AUTO-003160,16264.63,7590.8,0,Punjab,auto
AUTO-003161,27665.8,6043.38,0,Sindh,auto
AUTO-003162,17508.73,9398.61,0,Balochistan,auto
AUTO-003163,15563.75,13433.68,0,GB,auto
AUTO-003164,12367.39,3930.33,0,KPK,auto
AUTO-003165,9173.6,4219.07,0,GB,auto
AUTO-003166,18124.83,13625.3,0,KPK,auto
AUTO-003167,23837.77,2067.56,0,KPK,auto
AUTO-003168,20987.62,5077.72,0,AJK,auto
AUTO-003169,17890.35,92276.94,0,AJK,auto
AUTO-003170,13727.1,3735.32,0,GB,auto
AUTO-003171,29855.46,20297.28,0,Sindh,auto
AUTO-003172,11400.75,5070.73,0,KPK,auto
AUTO-003173,32468.12,12176.17,0,Balochistan,auto
AUTO-003174,13344.93,13677.19,0,AJK,auto
AUTO-003175,15120.13,19993.56,0,Punjab,auto
AUTO-003176,10578.8,6903.59,0,Punjab,auto
AUTO-003177,17142.21,39779.53,0,Punjab,auto
AUTO-003178,35869.99,5057.01,0,Sindh,auto
AUTO-003179,28504.41,9772.98,0,KPK,auto
AUTO-003180,35925.8,9859.8,0,KPK,auto
AUTO-003181,28597.41,3302.47,0,GB,auto
AUTO-003182,12684.87,6446.56,0,AJK,auto
AUTO-003183,18668.73,9220.74,0,Punjab,auto
AUTO-003184,14911.69,5734.77,0,Sindh,auto
AUTO-003185,42842.57,57110.27,0,GB,auto
AUTO-003186,12107.81,4142.69,0,Balochistan,auto
AUTO-003187,34435.69,20817.3,0,KPK,auto
AUTO-003188,34422.89,16077.37,0,KPK,auto
AUTO-003189,54984.69,8013.72,0,Sindh,auto
AUTO-003190,17946.61,4055.51,0,GB,auto
AUTO-003191,31450.21,4382.59,1,GB,auto
AUTO-003192,68928.56,5354.14,0,AJK,auto
AUTO-003193,16174.31,1941.87,0,Sindh,auto
AUTO-003194,10223.86,3630.87,0,GB,auto
AUTO-003195,8604.11,2475.06,0,AJK,auto
AUTO-003196,31456.35,23782.37,0,GB,auto
AUTO-003197,8590.61,13290.04,0,KPK,auto
AUTO-003198,18285.08,15195.87,0,AJK,auto
AUTO-003199,27409.82,12978.71,0,GB,auto
AUTO-003200,24163.24,9261.06,0,AJK,auto
AUTO-003201,27247.65,26070.1,0,AJK,auto
AUTO-003202,24615.83,4971.07,0,GB,auto
AUTO-003203,41749.09,8824.93,0,AJK,auto
AUTO-003204,13682.07,14730.08,0,Punjab,auto
AUTO-003205,15701.36,2815.89,0,Punjab,auto
AUTO-003206,14968.01,96497.38,0,GB,auto
AUTO-003207,33359.43,8290.39,0,Punjab,auto
AUTO-003208,34551.26,9077.84,0,Punjab,auto
AUTO-003209,27601.15,22148.0,0,Sindh,auto
AUTO-003210,39804.96,16847.61,0,Balochistan,auto
AUTO-003211,12221.84,8353.72,0,GB,auto
AUTO-003212,50696.5,8992.12,0,AJK,auto
AUTO-003213,47175.0,2432.52,0,Sindh,auto
AUTO-003214,31818.75,5191.76,0,GB,auto
AUTO-003215,53685.57,12255.97,0,Punjab,auto
AUTO-003216,9620.85,11557.78,0,AJK,auto
AUTO-003217,16945.81,21524.19,0,Balochistan,auto
AUTO-003218,15250.21,7358.41,0,GB,auto
AUTO-003219,31594.54,2670.9,0,AJK,auto
AUTO-003220,13028.96,18871.05,0,KPK,auto
AUTO-003221,32168.65,25562.24,0,KPK,auto
AUTO-003222,43707.2,16623.88,0,GB,auto
AUTO-003223,31182.16,7108.83,0,Sindh,auto
AUTO-003224,25384.03,18685.61,0,Balochistan,auto
AUTO-003225,13440.98,125885.54,0,Sindh,auto
AUTO-003226,14422.93,8885.02,0,AJK,auto
AUTO-003227,41143.02,2837.31,0,Balochistan,auto
AUTO-003228,32522.08,5069.37,0,GB,auto
AUTO-003229,21600.9,13364.82,0,Sindh,auto
AUTO-003230,17872.98,2244.32,0,AJK,auto
AUTO-003231,7999.19,9279.12,1,Punjab,auto
AUTO-003232,12894.73,10984.82,0,AJK,auto
AUTO-003233,57280.16,27669.82,0,Sindh,auto
AUTO-003234,11611.74,23113.12,0,GB,auto
AUTO-003235,24215.3,16182.21,0,GB,auto
AUTO-003236,36450.92,1436.34,0,Balochistan,auto
AUTO-003237,11760.93,16930.0,0,Balochistan,auto
AUTO-003238,24157.62,14248.55,0,Punjab,auto
AUTO-003239,35205.51,9944.31,0,Sindh,auto
AUTO-003240,22164.55,2030.06,0,GB,auto
AUTO-003241,92429.51,4352.83,0,GB,auto
AUTO-003242,9563.42,3186.06,0,Punjab,auto
AUTO-003243,37397.69,1616.46,0,KPK,auto
AUTO-003244,20203.26,8084.21,0,GB,auto
AUTO-003245,32401.5,4280.15,0,AJK,auto
AUTO-003246,27464.61,66187.34,0,KPK,auto
AUTO-003247,15266.59,7079.67,0,KPK,auto
AUTO-003248,24698.51,22811.1,0,Punjab,auto
AUTO-003249,8699.75,2309.35,0,Punjab,auto
AUTO-003250,29780.94,5302.47,0,AJK,auto
AUTO-003251,25567.55,8756.21,0,Punjab,auto
AUTO-003252,30312.94,3918.55,0,Punjab,auto
AUTO-003253,37386.28,5780.47,0,Punjab,auto
AUTO-003254,26471.13,6806.54,0,GB,auto
AUTO-003255,23719.31,6720.2,0,Punjab,auto
AUTO-003256,14178.27,35742.47,0,Punjab,auto
AUTO-003257,15427.23,10966.29,0,KPK,auto
AUTO-003258,39869.52,11891.85,0,KPK,auto
AUTO-003259,45169.06,12478.02,0,AJK,auto
AUTO-003260,19554.19,13228.13,0,Balochistan,auto
AUTO-003261,22538.98,7583.2,0,AJK,auto
AUTO-003262,14012.33,6269.19,0,GB,auto
AUTO-003263,39591.84,9259.94,0,GB,auto
AUTO-003264,30721.21,20443.97,0,GB,auto
AUTO-003265,58139.97,19950.12,0,Sindh,auto
AUTO-003266,14197.75,6685.4,0,AJK,auto
AUTO-003267,18233.14,14977.06,0,AJK,auto
AUTO-003268,24728.78,6934.97,0,Punjab,auto
AUTO-003269,30431.84,8325.65,0,Punjab,auto
AUTO-003270,19774.85,5547.94,0,Punjab,auto
AUTO-003271,14235.86,7007.13,0,Balochistan,auto
AUTO-003272,34224.73,23696.06,0,GB,auto
AUTO-003273,31589.11,8724.91,0,Punjab,auto
AUTO-003274,13930.88,9029.26,0,Sindh,auto
AUTO-003275,43378.6,2545.87,0,KPK,auto
AUTO-003276,39541.24,6327.15,0,Sindh,auto
AUTO-003277,23556.29,6680.5,0,Balochistan,auto
AUTO-003278,22920.77,4174.23,0,Punjab,auto
AUTO-003279,29057.41,8244.75,0,AJK,auto
AUTO-003280,14316.22,5748.27,0,KPK,auto
AUTO-003281,22359.71,8638.61,0,GB,auto
AUTO-003282,7508.63,8930.27,0,Balochistan,auto
AUTO-003283,34140.1,3772.14,0,Sindh,auto
AUTO-003284,10089.53,5890.16,0,Punjab,auto
AUTO-003285,46709.83,8620.51,0,Balochistan,auto
AUTO-003286,18674.98,20898.64,0,Balochistan,auto
AUTO-003287,19814.45,9950.47,0,AJK,auto
AUTO-003288,16092.89,4771.67,0,GB,auto
AUTO-003289,19072.08,11150.1,0,AJK,auto
AUTO-003290,44768.75,31762.42,0,AJK,auto
AUTO-003291,6349.27,16871.23,0,GB,auto
AUTO-003292,41709.44,12556.85,0,Sindh,auto
AUTO-003293,26082.29,14479.25,1,AJK,auto
AUTO-003294,12046.01,25641.39,0,GB,auto
AUTO-003295,12866.0,19158.49,0,Balochistan,auto
AUTO-003296,50929.44,12751.55,0,Balochistan,auto
AUTO-003297,13728.74,19051.74,0,GB,auto
AUTO-003298,12373.65,3410.72,0,Balochistan,auto
AUTO-003299,38896.41,2436.18,0,KPK,auto
AUTO-003300,26089.19,9188.23,1,KPK,auto
AUTO-003301,13780.88,8560.76,0,GB,auto
AUTO-003302,24546.2,5244.17,0,GB,auto
AUTO-003303,13188.81,15688.48,0,Sindh,auto
AUTO-003304,38193.12,1825.68,1,GB,auto
AUTO-003305,37447.13,5282.64,0,AJK,auto
AUTO-003306,28738.79,5497.43,0,Balochistan,auto
AUTO-003307,26392.38,2188.47,0,AJK,auto
AUTO-003308,53135.16,26790.02,0,GB,auto
AUTO-003309,22023.01,2731.59,0,Balochistan,auto
AUTO-003310,12198.43,5061.04,0,KPK,auto
AUTO-003311,27576.99,16753.86,0,Balochistan,auto
AUTO-003312,62506.36,13586.56,0,Sindh,auto
AUTO-003313,13261.5,3339.11,0,Punjab,auto
AUTO-003314,18384.6,13988.51,0,Balochistan,auto
AUTO-003315,27125.32,10217.2,0,GB,auto
AUTO-003316,21440.73,52387.77,0,Sindh,auto
AUTO-003317,13478.46,11194.21,0,KPK,auto
AUTO-003318,38596.97,7237.32,0,KPK,auto
AUTO-003319,70264.39,4083.86,0,Punjab,auto
AUTO-003320,24295.97,4467.59,0,GB,auto
AUTO-003321,14016.15,4185.51,0,AJK,auto
AUTO-003322,10152.95,24267.15,0,AJK,auto
AUTO-003323,25058.99,8220.41,1,Balochistan,auto
AUTO-003324,38251.52,12736.12,1,KPK,auto
AUTO-003325,27933.55,27211.58,0,Sindh,auto
AUTO-003326,22000.01,1228.11,0,Punjab,auto
AUTO-003327,16405.37,22541.18,0,AJK,auto
AUTO-003328,12758.06,8470.27,0,Balochistan,auto
AUTO-003329,33435.57,11476.29,0,Balochistan,auto
AUTO-003330,34783.06,4176.7,0,KPK,auto
AUTO-003331,10169.37,4428.87,0,Sindh,auto
AUTO-003332,48772.38,11980.99,0,Sindh,auto
AUTO-003333,29349.64,54593.94,0,AJK,auto
AUTO-003334,44346.87,18081.61,0,Balochistan,auto
AUTO-003335,11259.15,22301.7,0,KPK,auto
AUTO-003336,11126.53,6949.32,0,Sindh,auto
AUTO-003337,20445.44,5013.23,0,Balochistan,auto
AUTO-003338,28321.94,4338.81,0,Sindh,auto
AUTO-003339,54077.87,5482.85,0,Punjab,auto
AUTO-003340,31352.19,1568.34,0,Sindh,auto
AUTO-003341,19509.55,4537.2,0,Sindh,auto
AUTO-003342,13184.74,5175.64,0,Balochistan,auto
AUTO-003343,40741.41,7042.46,1,Sindh,auto
AUTO-003344,13597.58,9003.78,0,Sindh,auto
AUTO-003345,49723.57,10828.76,0,Punjab,auto
AUTO-003346,19106.95,8006.91,0,Sindh,auto
AUTO-003347,48790.51,5089.05,0,Sindh,auto
AUTO-003348,30929.5,1684.65,0,Balochistan,auto
AUTO-003349,20568.22,5114.08,0,KPK,auto
AUTO-003350,16988.67,3722.09,0,Punjab,auto
AUTO-003351,18574.52,11764.64,0,Sindh,auto
AUTO-003352,27286.8,16771.39,0,KPK,auto
AUTO-003353,22892.81,17168.93,0,Balochistan,auto
AUTO-003354,16368.18,14847.13,0,Punjab,auto
AUTO-003355,20275.82,7282.14,0,GB,auto
AUTO-003356,22909.08,5337.09,0,Balochistan,auto
AUTO-003357,7597.94,4457.39,0,KPK,auto
AUTO-003358,27697.13,2426.0,0,Punjab,auto
AUTO-003359,13495.88,17916.6,0,Sindh,auto
AUTO-003360,12373.77,7046.11,0,KPK,auto
AUTO-003361,9474.2,2989.7,0,Balochistan,auto
AUTO-003362,8982.68,4183.1,0,Punjab,auto
AUTO-003363,11184.41,4049.79,0,KPK,auto
AUTO-003364,15451.94,8386.84,0,GB,auto
AUTO-003365,58491.08,19033.85,0,KPK,auto
AUTO-003366,16933.69,6134.04,0,Balochistan,auto
AUTO-003367,24073.7,1336.72,0,Balochistan,auto
AUTO-003368,26909.66,6965.02,0,Sindh,auto
AUTO-003369,23518.26,7151.27,0,Sindh,auto
AUTO-003370,21189.86,6768.7,0,KPK,auto
AUTO-003371,12116.86,4905.1,0,Balochistan,auto
AUTO-003372,45499.83,9642.65,0,KPK,auto
AUTO-003373,54371.66,8543.39,0,AJK,auto
AUTO-003374,9496.42,7943.71,0,GB,auto
AUTO-003375,13200.18,11272.41,0,Balochistan,auto
AUTO-003376,19150.71,5745.28,0,AJK,auto
AUTO-003377,13598.72,5490.26,0,AJK,auto
AUTO-003378,28367.03,24442.99,1,Balochistan,auto
AUTO-003379,15303.91,12676.24,0,Sindh,auto
AUTO-003380,65025.06,15702.21,0,KPK,auto
AUTO-003381,39945.62,21609.4,0,Punjab,auto
AUTO-003382,24496.54,12341.9,0,Punjab,auto
AUTO-003383,36808.83,17029.65,0,GB,auto
AUTO-003384,38290.24,2290.5,0,Balochistan,auto
AUTO-003385,16614.42,9540.71,0,Sindh,auto
AUTO-003386,14645.54,7001.12,0,Sindh,auto
AUTO-003387,22904.11,31012.55,0,Sindh,auto
AUTO-003388,33888.06,17019.52,0,Punjab,auto
AUTO-003389,23612.47,4893.41,0,AJK,auto
AUTO-003390,10011.62,10918.73,0,GB,auto
AUTO-003391,14743.95,9266.35,0,Punjab,auto
AUTO-003392,21226.67,11654.7,0,Sindh,auto
AUTO-003393,21208.71,3586.48,0,Punjab,auto
AUTO-003394,59057.75,10807.69,0,Punjab,auto
AUTO-003395,11014.92,6751.22,0,GB,auto
AUTO-003396,28361.69,10157.42,0,KPK,auto
AUTO-003397,46376.89,4539.14,0,Balochistan,auto
AUTO-003398,68577.85,5074.33,0,AJK,auto
AUTO-003399,17994.14,20724.54,0,KPK,auto
AUTO-003400,28161.6,3493.86,0,Balochistan,auto
AUTO-003401,29286.45,3706.33,0,Sindh,auto
AUTO-003402,24288.08,7775.52,0,GB,auto
AUTO-003403,20964.32,4369.87,0,GB,auto
AUTO-003404,27391.49,3991.72,0,KPK,auto
AUTO-003405,6209.76,8813.68,0,Balochistan,auto
AUTO-003406,30978.07,2430.73,0,GB,auto
AUTO-003407,23460.86,3617.83,0,KPK,auto
AUTO-003408,19707.66,41909.86,0,GB,auto
AUTO-003409,61293.62,11702.76,0,Punjab,auto
AUTO-003410,15717.55,4459.31,0,Punjab,auto
AUTO-003411,18006.03,11322.78,0,KPK,auto
AUTO-003412,59621.81,12757.37,0,KPK,auto
AUTO-003413,14529.98,17953.34,0,AJK,auto
AUTO-003414,16729.73,7319.34,0,Sindh,auto
AUTO-003415,20465.33,17697.85,0,Punjab,auto
AUTO-003416,33535.75,1586.43,0,GB,auto
AUTO-003417,24438.16,3480.58,0,KPK,auto
AUTO-003418,11541.3,9238.15,0,Balochistan,auto
AUTO-003419,16880.52,10548.16,0,GB,auto
AUTO-003420,16257.71,3907.19,0,Sindh,auto
AUTO-003421,21192.22,9972.0,0,Balochistan,auto
AUTO-003422,27253.08,4919.33,0,GB,auto
AUTO-003423,27149.2,6492.69,1,Sindh,auto
AUTO-003424,9063.35,18394.72,0,Balochistan,auto
AUTO-003425,37495.29,16766.7,0,Punjab,auto
AUTO-003426,24991.33,3649.52,0,KPK,auto
AUTO-003427,44014.13,3477.95,0,GB,auto
AUTO-003428,27504.34,5831.69,0,KPK,auto
AUTO-003429,38202.7,7931.54,0,AJK,auto
AUTO-003430,27813.38,4787.11,0,GB,auto
AUTO-003431,43179.14,18629.73,0,KPK,auto
AUTO-003432,28598.95,10699.07,0,GB,auto
AUTO-003433,20974.07,11213.44,0,Punjab,auto
AUTO-003434,68611.63,2941.78,1,Sindh,auto
AUTO-003435,34355.54,20616.2,1,Sindh,auto
AUTO-003436,29344.85,848.84,0,KPK,auto
AUTO-003437,11635.87,15791.77,0,Balochistan,auto
AUTO-003438,11566.24,17110.53,0,KPK,auto
AUTO-003439,25498.06,5733.49,0,GB,auto
AUTO-003440,23688.87,22433.89,0,Sindh,auto
AUTO-003441,16202.79,7704.21,0,GB,auto
AUTO-003442,23635.18,8518.07,0,AJK,auto
AUTO-003443,48742.83,10631.99,0,Sindh,auto
AUTO-003444,31185.27,103700.26,0,Balochistan,auto
AUTO-003445,12450.25,23754.97,0,Balochistan,auto
AUTO-003446,20832.0,14198.69,0,AJK,auto
AUTO-003447,14728.16,3904.0,0,GB,auto
AUTO-003448,18144.99,9089.47,0,GB,auto
AUTO-003449,17911.39,4228.07,0,GB,auto
AUTO-003450,17347.04,15641.59,0,Balochistan,auto
AUTO-003451,11759.68,9066.79,0,KPK,auto
AUTO-003452,20664.5,3295.73,0,KPK,auto
AUTO-003453,16642.19,8646.41,0,Sindh,auto
AUTO-003454,5091.23,4107.07,0,Punjab,auto
AUTO-003455,61481.16,9145.1,0,KPK,auto
AUTO-003456,37963.67,4075.46,0,KPK,auto
AUTO-003457,18248.71,8283.25,0,GB,auto
AUTO-003458,22234.7,14770.33,0,GB,auto
AUTO-003459,12260.93,7766.37,0,AJK,auto
AUTO-003460,51424.06,5927.09,0,KPK,auto
AUTO-003461,56876.89,9534.01,0,Sindh,auto
AUTO-003462,23821.57,14153.91,0,GB,auto
AUTO-003463,36745.29,3341.76,0,AJK,auto
AUTO-003464,24044.06,9981.86,0,KPK,auto
AUTO-003465,11289.6,23249.35,0,Sindh,auto
AUTO-003466,17927.45,12822.1,0,AJK,auto
AUTO-003467,23528.41,8486.26,0,Punjab,auto
AUTO-003468,17548.54,13518.17,0,GB,auto
AUTO-003469,19745.35,11637.61,0,Sindh,auto
AUTO-003470,21042.52,14807.38,0,KPK,auto
AUTO-003471,21153.5,1604.96,0,AJK,auto
AUTO-003472,22609.59,2338.43,0,Punjab,auto
AUTO-003473,12960.97,18103.55,0,Sindh,auto
AUTO-003474,15390.29,2430.32,0,Punjab,auto
AUTO-003475,11587.8,11172.73,0,Sindh,auto
AUTO-003476,35914.91,6114.15,0,KPK,auto
AUTO-003477,7686.16,3652.07,0,Sindh,auto
AUTO-003478,39214.24,10718.43,0,KPK,auto
AUTO-003479,44054.14,9516.92,0,Sindh,auto
AUTO-003480,18937.7,43838.78,0,AJK,auto
AUTO-003481,5993.5,4915.51,0,Sindh,auto
AUTO-003482,18386.0,25644.59,0,Sindh,auto
AUTO-003483,21330.81,10742.23,0,Balochistan,auto
AUTO-003484,13289.12,4775.16,0,Balochistan,auto
AUTO-003485,17024.19,15358.08,0,Sindh,auto
AUTO-003486,47339.37,12741.13,0,Balochistan,auto
AUTO-003487,30713.68,8338.8,0,KPK,auto
AUTO-003488,13873.25,10027.0,0,Balochistan,auto
AUTO-003489,9909.02,5026.15,0,Sindh,auto
AUTO-003490,18703.97,4185.45,0,GB,auto
AUTO-003491,19796.72,14876.73,0,Punjab,auto
AUTO-003492,28228.84,6774.01,0,GB,auto
AUTO-003493,16853.97,7600.23,0,GB,auto
AUTO-003494,28445.63,10136.09,0,GB,auto
AUTO-003495,57963.98,10018.92,1,GB,auto
AUTO-003496,33115.29,2582.57,0,Punjab,auto
AUTO-003497,21503.17,22674.62,0,Sindh,auto
AUTO-003498,20098.99,8927.98,0,Sindh,auto
AUTO-003499,18428.68,6890.35,0,Punjab,auto
AUTO-003500,39748.22,11437.78,0,AJK,auto
AUTO-003501,16096.28,9791.15,0,Balochistan,auto
AUTO-003502,22530.19,14967.7,0,AJK,auto
AUTO-003503,22597.6,12461.35,0,KPK,auto
AUTO-003504,17138.93,14389.83,0,GB,auto
AUTO-003505,11089.65,23879.97,0,GB,auto
AUTO-003506,25886.77,16430.58,0,Punjab,auto
AUTO-003507,21364.76,7126.75,0,Punjab,auto
AUTO-003508,28285.94,3300.0,0,AJK,auto
AUTO-003509,16868.44,30768.24,0,KPK,auto
AUTO-003510,40554.85,6699.72,0,AJK,auto
AUTO-003511,14208.75,5549.78,0,KPK,auto
AUTO-003512,51845.33,2019.53,0,Sindh,auto
AUTO-003513,9192.85,10623.02,0,GB,auto
AUTO-003514,27374.99,9128.07,0,Sindh,auto
AUTO-003515,27937.23,2411.27,0,Punjab,auto
AUTO-003516,14797.62,11644.85,0,Sindh,auto
AUTO-003517,27233.33,5439.52,0,AJK,auto
AUTO-003518,41762.72,69720.66,0,KPK,auto
AUTO-003519,7270.57,5138.47,0,Punjab,auto
AUTO-003520,28321.38,5720.69,0,Sindh,auto
AUTO-003521,6331.96,4024.59,0,Punjab,auto
AUTO-003522,13591.06,22523.2,0,Punjab,auto
AUTO-003523,49740.92,6013.6,0,KPK,auto
AUTO-003524,16466.92,4537.22,0,AJK,auto
AUTO-003525,12247.29,14265.0,0,GB,auto
AUTO-003526,19950.93,2685.76,0,AJK,auto
AUTO-003527,61941.96,13360.91,0,Balochistan,auto
AUTO-003528,8814.55,33695.51,0,AJK,auto
AUTO-003529,13021.34,12750.0,0,Sindh,auto
AUTO-003530,46570.19,13498.29,0,Balochistan,auto
AUTO-003531,55762.18,16253.25,0,Balochistan,auto
AUTO-003532,20916.31,31817.33,1,Balochistan,auto
AUTO-003533,11854.63,21330.97,0,Balochistan,auto
AUTO-003534,62813.28,11518.8,0,AJK,auto
AUTO-003535,48884.77,16699.15,0,Balochistan,auto
AUTO-003536,30929.74,3988.83,0,Sindh,auto
AUTO-003537,14673.51,15078.65,0,Sindh,auto
AUTO-003538,21493.06,3624.8,0,Punjab,auto
AUTO-003539,20329.33,6041.35,0,Sindh,auto
AUTO-003540,25988.92,688.11,0,GB,auto
AUTO-003541,45501.51,11171.75,0,Punjab,auto
AUTO-003542,34190.69,4841.12,0,Sindh,auto
AUTO-003543,12852.74,19710.69,0,Balochistan,auto
AUTO-003544,43837.65,11071.77,0,KPK,auto
AUTO-003545,25759.69,19915.96,0,Balochistan,auto
AUTO-003546,31055.55,3405.42,0,AJK,auto
AUTO-003547,45856.42,18596.13,0,Punjab,auto
AUTO-003548,12634.8,43681.72,0,KPK,auto
AUTO-003549,21635.42,14932.97,0,Sindh,auto
AUTO-003550,16886.55,15249.15,0,Balochistan,auto
AUTO-003551,10057.46,9280.57,0,Punjab,auto
AUTO-003552,26195.82,5325.52,0,Punjab,auto
AUTO-003553,77325.44,14897.58,0,Sindh,auto
AUTO-003554,8777.62,2428.75,0,Punjab,auto
AUTO-003555,21673.81,5801.06,0,Sindh,auto
AUTO-003556,30341.49,1964.82,0,Sindh,auto
AUTO-003557,23424.53,4615.04,0,Balochistan,auto
AUTO-003558,20815.14,13543.15,0,Punjab,auto
AUTO-003559,11503.33,12140.65,0,AJK,auto
AUTO-003560,24745.36,8439.94,0,AJK,auto
AUTO-003561,15087.44,9286.54,0,Balochistan,auto
AUTO-003562,7369.01,1792.4,0,Balochistan,auto
AUTO-003563,40026.46,6014.63,0,Sindh,auto
AUTO-003564,35567.69,4698.12,0,AJK,auto
AUTO-003565,22602.83,4782.66,0,Punjab,auto
AUTO-003566,24699.48,13090.77,0,AJK,auto
AUTO-003567,37690.34,4070.8,0,Balochistan,auto
AUTO-003568,24641.07,4995.31,0,Balochistan,auto
AUTO-003569,34613.84,1525.91,0,Sindh,auto
AUTO-003570,18982.24,6404.15,0,Punjab,auto
AUTO-003571,42446.17,3393.88,0,Balochistan,auto
AUTO-003572,25858.45,8633.13,0,GB,auto
AUTO-003573,24270.72,3786.18,0,Punjab,auto
AUTO-003574,11672.25,8809.92,0,AJK,auto
AUTO-003575,25424.74,7217.41,0,Sindh,auto
AUTO-003576,14530.75,30872.88,0,AJK,auto
AUTO-003577,16008.24,12061.51,0,GB,auto
AUTO-003578,14651.71,1859.92,0,Balochistan,auto
AUTO-003579,12924.53,2945.66,0,Balochistan,auto
AUTO-003580,63728.41,8468.99,0,Punjab,auto
AUTO-003581,42858.94,3851.13,0,Balochistan,auto
AUTO-003582,57537.01,753.93,0,GB,auto
AUTO-003583,11950.79,23852.33,0,Punjab,auto
AUTO-003584,22825.35,14417.23,0,GB,auto
AUTO-003585,11536.21,12292.95,0,KPK,auto
AUTO-003586,15555.24,4984.77,0,Balochistan,auto
AUTO-003587,13917.98,11408.81,0,AJK,auto
AUTO-003588,40937.1,4612.44,0,AJK,auto
AUTO-003589,18067.77,9546.08,0,Punjab,auto
AUTO-003590,37578.59,3879.78,0,GB,auto
AUTO-003591,29793.94,27256.05,0,GB,auto
AUTO-003592,69690.51,2307.25,0,GB,auto
AUTO-003593,10512.05,21716.49,1,GB,auto
AUTO-003594,41341.27,8359.32,0,KPK,auto
AUTO-003595,39074.31,5477.62,1,Balochistan,auto
AUTO-003596,13538.74,9261.32,0,GB,auto
AUTO-003597,36445.26,14569.4,0,Sindh,auto
AUTO-003598,26057.8,24182.81,0,Sindh,auto
AUTO-003599,19658.44,10409.92,0,AJK,auto
AUTO-003600,14589.13,3973.66,0,Balochistan,auto
AUTO-003601,15374.19,8471.85,0,Sindh,auto
AUTO-003602,61384.1,34663.22,0,Punjab,auto
AUTO-003603,22033.99,23816.7,0,Balochistan,auto
AUTO-003604,32567.33,16764.37,0,AJK,auto
AUTO-003605,14832.12,15314.41,0,KPK,auto
AUTO-003606,14914.27,14179.61,0,Punjab,auto
AUTO-003607,37835.1,20475.9,0,Punjab,auto
AUTO-003608,11217.29,5623.43,0,GB,auto
AUTO-003609,17897.08,2740.6,0,Balochistan,auto
AUTO-003610,22404.42,8562.97,0,KPK,auto
AUTO-003611,23287.83,4213.02,0,Punjab,auto
AUTO-003612,20139.8,3484.16,1,KPK,auto
AUTO-003613,26847.01,4554.07,0,AJK,auto
AUTO-003614,31145.59,59174.81,0,Punjab,auto
AUTO-003615,31803.09,9035.35,0,Sindh,auto
AUTO-003616,13454.89,10824.06,0,AJK,auto
AUTO-003617,19109.15,3047.6,1,AJK,auto
AUTO-003618,40029.88,1853.81,0,GB,auto
AUTO-003619,34452.04,4208.06,0,Punjab,auto
AUTO-003620,11087.46,25605.35,0,Sindh,auto
AUTO-003621,26258.37,10587.41,0,KPK,auto
AUTO-003622,8191.79,13080.48,0,Sindh,auto
AUTO-003623,22549.48,14630.34,0,AJK,auto
AUTO-003624,56890.49,5048.87,0,Punjab,auto
AUTO-003625,13712.37,24596.82,0,Sindh,auto
AUTO-003626,14513.56,4884.17,0,Sindh,auto
AUTO-003627,32273.92,24958.9,0,AJK,auto
AUTO-003628,10184.27,11543.08,0,KPK,auto
AUTO-003629,16052.54,1936.74,0,Sindh,auto
AUTO-003630,29679.76,4454.15,0,GB,auto
AUTO-003631,16040.26,1943.12,0,Sindh,auto
AUTO-003632,19575.13,20550.19,0,Balochistan,auto
AUTO-003633,31955.28,7944.31,0,AJK,auto
AUTO-003634,27194.58,1362.84,0,Balochistan,auto
AUTO-003635,25170.03,10944.56,0,AJK,auto
AUTO-003636,18591.11,5272.55,1,AJK,auto
AUTO-003637,26503.46,2472.43,0,Balochistan,auto
AUTO-003638,20705.07,31019.54,0,KPK,auto
AUTO-003639,27692.11,8829.28,0,KPK,auto
AUTO-003640,17180.56,6407.69,0,AJK,auto
AUTO-003641,20104.83,5886.75,0,Balochistan,auto
AUTO-003642,13426.98,2414.81,0,Sindh,auto
AUTO-003643,21644.27,2853.67,0,AJK,auto
AUTO-003644,14683.79,22650.41,0,GB,auto
AUTO-003645,12619.23,5546.34,0,AJK,auto
AUTO-003646,25067.58,8247.41,0,Punjab,auto
AUTO-003647,24498.57,1578.98,0,KPK,auto
AUTO-003648,32579.45,2822.92,0,Balochistan,auto
AUTO-003649,17755.26,13198.39,0,Sindh,auto
AUTO-003650,27011.73,10961.77,0,GB,auto
AUTO-003651,29010.08,32948.47,0,Sindh,auto
AUTO-003652,27512.26,23726.91,0,GB,auto
AUTO-003653,14576.61,6737.41,0,AJK,auto
AUTO-003654,23734.42,11829.63,0,Sindh,auto
AUTO-003655,26425.11,6290.01,0,Sindh,auto
AUTO-003656,22105.67,41933.82,0,AJK,auto
AUTO-003657,7760.18,20316.97,0,KPK,auto
AUTO-003658,23866.83,9281.22,0,Punjab,auto
AUTO-003659,66587.06,9512.06,0,KPK,auto
AUTO-003660,18397.69,25742.03,0,KPK,auto
AUTO-003661,15305.41,12882.98,0,Punjab,auto
AUTO-003662,26547.06,28195.07,0,AJK,auto
AUTO-003663,25749.98,1401.2,0,KPK,auto
AUTO-003664,39989.32,11719.19,0,Balochistan,auto
AUTO-003665,11743.63,5365.0,0,Balochistan,auto
AUTO-003666,31751.34,33027.72,0,Punjab,auto
AUTO-003667,29590.57,27920.57,0,Balochistan,auto
AUTO-003668,20515.31,8318.76,0,AJK,auto
AUTO-003669,26090.95,27681.09,1,Sindh,auto
AUTO-003670,36854.34,33741.76,0,AJK,auto
AUTO-003671,34069.5,8600.07,0,Punjab,auto
AUTO-003672,12437.74,58544.77,0,Sindh,auto
AUTO-003673,33192.5,7902.44,0,Balochistan,auto
AUTO-003674,21325.43,6825.24,0,KPK,auto
AUTO-003675,22843.85,16198.89,0,Balochistan,auto
AUTO-003676,22847.53,6105.64,0,AJK,auto
AUTO-003677,20432.43,8675.62,0,AJK,auto
AUTO-003678,39968.77,25022.92,0,Punjab,auto
AUTO-003679,21123.49,8228.63,0,KPK,auto
AUTO-003680,12584.57,2088.05,0,KPK,auto
AUTO-003681,18092.18,10871.02,0,Sindh,auto
AUTO-003682,24085.07,4642.3,0,Sindh,auto
AUTO-003683,40725.41,16191.1,0,AJK,auto
AUTO-003684,29778.66,14142.67,0,Punjab,auto
AUTO-003685,14396.38,26294.64,0,AJK,auto
AUTO-003686,76312.72,16747.86,0,GB,auto
AUTO-003687,25144.33,19383.85,0,KPK,auto
AUTO-003688,41676.61,4744.41,0,KPK,auto
AUTO-003689,20417.4,15416.43,0,AJK,auto
AUTO-003690,28758.24,39134.55,0,KPK,auto
AUTO-003691,33514.53,4670.77,0,Sindh,auto
AUTO-003692,40501.62,34193.49,0,KPK,auto
AUTO-003693,37372.27,5221.4,0,Sindh,auto
AUTO-003694,34067.48,4098.69,0,Balochistan,auto
AUTO-003695,18815.88,10269.77,0,Punjab,auto
AUTO-003696,16549.76,14367.56,0,Punjab,auto
AUTO-003697,26011.75,16804.47,0,KPK,auto
AUTO-003698,35121.33,3754.05,0,Punjab,auto
AUTO-003699,19705.24,11471.63,0,GB,auto
AUTO-003700,37518.37,4682.35,0,Balochistan,auto
AUTO-003701,45538.27,2462.33,0,KPK,auto
AUTO-003702,13930.55,3854.56,0,Sindh,auto
AUTO-003703,14494.72,4443.86,0,Balochistan,auto
AUTO-003704,20533.49,12299.04,0,GB,auto
AUTO-003705,25688.7,20369.03,1,Balochistan,auto
AUTO-003706,16944.8,2493.48,0,Punjab,auto
AUTO-003707,43308.38,10738.27,0,GB,auto
AUTO-003708,27228.88,3160.99,0,Sindh,auto
AUTO-003709,22465.22,13403.46,0,AJK,auto
AUTO-003710,10743.38,4923.7,0,Balochistan,auto
AUTO-003711,11408.25,3494.47,0,Punjab,auto
AUTO-003712,25349.26,15363.22,0,Balochistan,auto
AUTO-003713,7583.29,5066.79,0,Sindh,auto
AUTO-003714,36545.7,6293.22,0,Sindh,auto
AUTO-003715,20351.77,1371.98,0,KPK,auto
AUTO-003716,111473.98,17278.89,0,AJK,auto
AUTO-003717,69839.72,15626.55,0,AJK,auto
AUTO-003718,20116.09,8138.54,0,Punjab,auto
AUTO-003719,20885.94,2387.34,0,AJK,auto
AUTO-003720,36235.36,21322.01,0,Sindh,auto
AUTO-003721,51615.97,4755.18,0,AJK,auto
AUTO-003722,9710.72,5638.18,0,Punjab,auto
AUTO-003723,9016.51,51515.36,0,Balochistan,auto
AUTO-003724,16138.82,4615.11,0,AJK,auto
AUTO-003725,29477.09,14673.05,0,AJK,auto
AUTO-003726,28238.37,12704.02,0,Sindh,auto
AUTO-003727,37604.75,11071.59,0,Sindh,auto
AUTO-003728,12090.21,10153.77,0,Balochistan,auto
AUTO-003729,6918.32,10950.18,0,GB,auto
AUTO-003730,33826.75,10072.38,0,GB,auto
AUTO-003731,14558.09,7773.42,0,KPK,auto
AUTO-003732,8028.52,27147.13,0,AJK,auto
AUTO-003733,23683.45,2835.21,0,Sindh,auto
AUTO-003734,32747.69,18345.99,0,KPK,auto
AUTO-003735,20722.42,15644.49,0,AJK,auto
AUTO-003736,17519.6,14167.69,0,AJK,auto
AUTO-003737,20339.48,19802.9,0,KPK,auto
AUTO-003738,18300.96,7524.51,0,Sindh,auto
AUTO-003739,11225.87,1816.78,0,Balochistan,auto
AUTO-003740,15408.27,7647.74,0,GB,auto
AUTO-003741,28585.07,3666.69,0,AJK,auto
AUTO-003742,25870.0,4512.08,0,Punjab,auto
AUTO-003743,23957.34,2999.09,0,Punjab,auto
AUTO-003744,13392.17,5531.0,0,Punjab,auto
AUTO-003745,20115.55,5027.62,0,Balochistan,auto
AUTO-003746,7416.54,1209.48,0,GB,auto
AUTO-003747,24082.44,14188.36,0,AJK,auto
AUTO-003748,45000.5,47870.63,0,Sindh,auto
AUTO-003749,10540.01,13160.69,0,Sindh,auto
AUTO-003750,16432.83,6888.86,0,GB,auto
AUTO-003751,25966.26,7755.85,0,Balochistan,auto
AUTO-003752,41209.39,5786.09,0,GB,auto
AUTO-003753,17604.11,8708.31,0,AJK,auto
AUTO-003754,15582.05,7866.7,0,KPK,auto
AUTO-003755,8229.98,4134.66,0,KPK,auto
AUTO-003756,23195.63,31141.94,0,AJK,auto
AUTO-003757,61147.12,2465.81,1,AJK,auto
AUTO-003758,25303.02,14395.42,1,Sindh,auto
AUTO-003759,21782.46,7472.93,0,Balochistan,auto
AUTO-003760,25875.22,37073.79,0,Balochistan,auto
AUTO-003761,21904.65,10643.36,0,GB,auto
AUTO-003762,14669.02,6075.84,0,Sindh,auto
AUTO-003763,33244.35,6646.42,0,Punjab,auto
AUTO-003764,24658.59,8365.95,0,KPK,auto
AUTO-003765,22221.3,3247.91,0,AJK,auto
AUTO-003766,13525.3,4387.45,0,GB,auto
AUTO-003767,42266.66,1943.11,0,KPK,auto
AUTO-003768,30710.24,3872.36,0,KPK,auto
AUTO-003769,16706.27,8735.28,0,GB,auto
AUTO-003770,36348.65,10302.48,0,Balochistan,auto
AUTO-003771,17175.08,1663.26,1,Sindh,auto
AUTO-003772,14898.24,7260.69,0,Punjab,auto
AUTO-003773,15065.29,12717.42,0,Punjab,auto
AUTO-003774,9085.78,7112.94,0,GB,auto
AUTO-003775,27882.96,4880.33,0,GB,auto
AUTO-003776,8816.92,5827.08,0,Sindh,auto
AUTO-003777,11917.68,5257.39,0,KPK,auto
AUTO-003778,7802.55,4868.86,0,Sindh,auto
AUTO-003779,21098.67,9312.0,0,Sindh,auto
AUTO-003780,20431.64,51336.16,0,AJK,auto
AUTO-003781,18706.98,4469.54,0,AJK,auto
AUTO-003782,13078.32,6282.27,0,KPK,auto
AUTO-003783,12257.38,7774.79,0,Balochistan,auto
AUTO-003784,27783.15,4675.62,0,Punjab,auto
AUTO-003785,16726.07,19508.17,0,AJK,auto
AUTO-003786,25801.27,1215.96,0,KPK,auto
AUTO-003787,14148.67,5298.36,0,GB,auto
AUTO-003788,24113.6,15594.15,0,Sindh,auto
AUTO-003789,42261.81,6404.3,0,AJK,auto
AUTO-003790,29527.67,4202.05,0,Sindh,auto
AUTO-003791,17922.16,11528.82,0,Sindh,auto
AUTO-003792,25049.26,16731.94,0,AJK,auto
AUTO-003793,19529.23,9590.31,0,KPK,auto
AUTO-003794,22113.42,4268.53,0,GB,auto
AUTO-003795,18717.13,11672.17,0,Punjab,auto
AUTO-003796,20288.96,5874.41,0,KPK,auto
AUTO-003797,24490.65,14708.04,0,Balochistan,auto
AUTO-003798,13404.16,26545.28,0,Balochistan,auto
AUTO-003799,13254.08,1007.81,0,Punjab,auto
AUTO-003800,11000.86,8856.03,0,GB,auto
AUTO-003801,9895.79,2021.13,0,Balochistan,auto
AUTO-003802,11984.37,57149.78,0,Sindh,auto
AUTO-003803,23854.57,5571.95,0,Balochistan,auto
AUTO-003804,14095.43,14722.01,0,AJK,auto
AUTO-003805,28475.72,7877.35,0,Sindh,auto
AUTO-003806,22412.11,4262.16,0,KPK,auto
AUTO-003807,8231.7,3875.22,0,GB,auto
AUTO-003808,30561.24,28811.89,0,Punjab,auto
AUTO-003809,33037.53,17409.14,0,AJK,auto
AUTO-003810,13400.79,38363.71,0,AJK,auto
AUTO-003811,27176.17,8470.65,0,Punjab,auto
AUTO-003812,14353.53,10201.97,0,Balochistan,auto
AUTO-003813,23128.83,6543.63,0,Punjab,auto
AUTO-003814,11704.76,6440.32,0,Punjab,auto
AUTO-003815,8986.21,3520.97,0,Balochistan,auto
AUTO-003816,18189.35,8666.39,0,KPK,auto
AUTO-003817,20705.1,4309.61,0,GB,auto
AUTO-003818,18054.68,11539.45,0,Punjab,auto
AUTO-003819,12185.29,9283.63,0,Balochistan,auto
AUTO-003820,18034.66,10200.03,0,AJK,auto
AUTO-003821,25201.21,30949.25,0,Punjab,auto
AUTO-003822,21537.56,7862.23,0,GB,auto
AUTO-003823,24130.95,14844.45,0,Punjab,auto
AUTO-003824,15755.46,41823.25,0,KPK,auto
AUTO-003825,39571.28,23047.06,0,KPK,auto
AUTO-003826,12233.25,20384.62,0,AJK,auto
AUTO-003827,28107.17,6340.1,0,KPK,auto
AUTO-003828,39773.08,9737.25,0,GB,auto
AUTO-003829,28013.84,2822.5,0,AJK,auto
AUTO-003830,19905.23,12077.89,0,Punjab,auto
AUTO-003831,16913.23,10092.7,0,Balochistan,auto
AUTO-003832,36976.72,8256.1,0,KPK,auto
AUTO-003833,10813.09,18430.38,0,AJK,auto
AUTO-003834,13560.79,3083.38,0,KPK,auto
AUTO-003835,18055.78,29968.15,0,KPK,auto
AUTO-003836,40897.61,16670.76,0,Sindh,auto
AUTO-003837,26632.4,7657.9,1,Punjab,auto
AUTO-003838,13574.89,7194.1,0,KPK,auto
AUTO-003839,18860.9,11902.32,1,Balochistan,auto
AUTO-003840,16201.16,27355.72,0,GB,auto
AUTO-003841,15446.0,8789.26,0,Sindh,auto
AUTO-003842,35934.2,9092.68,0,AJK,auto
AUTO-003843,11093.65,8221.39,0,AJK,auto
AUTO-003844,49236.5,33712.34,0,Balochistan,auto
AUTO-003845,33326.72,6032.36,0,Balochistan,auto
AUTO-003846,38003.4,7914.04,0,GB,auto
AUTO-003847,17475.06,26127.63,0,Punjab,auto
AUTO-003848,20435.52,9114.38,0,Balochistan,auto
AUTO-003849,10758.21,20123.57,0,AJK,auto
AUTO-003850,16944.0,3908.76,0,Punjab,auto
AUTO-003851,28192.96,6875.82,0,Balochistan,auto
AUTO-003852,42109.62,26570.24,0,Balochistan,auto
AUTO-003853,12662.77,4717.0,0,AJK,auto
AUTO-003854,18347.47,7179.33,0,Punjab,auto
AUTO-003855,20421.64,9950.2,0,Sindh,auto
AUTO-003856,10961.07,3672.68,0,Sindh,auto
AUTO-003857,29604.29,5819.4,0,GB,auto
AUTO-003858,15336.71,8867.16,0,Punjab,auto
AUTO-003859,19976.36,8411.42,1,Balochistan,auto
AUTO-003860,17571.36,22567.85,0,Balochistan,auto
AUTO-003861,14843.7,27810.41,0,Punjab,auto
AUTO-003862,21949.01,4085.23,0,Sindh,auto
AUTO-003863,19775.42,8857.46,0,GB,auto
AUTO-003864,18289.29,13896.59,0,KPK,auto
AUTO-003865,15302.46,27257.34,0,AJK,auto
AUTO-003866,25842.15,14397.25,0,Punjab,auto
AUTO-003867,50352.76,10226.43,0,GB,auto
AUTO-003868,23622.23,13811.18,0,KPK,auto
AUTO-003869,36245.09,13891.26,0,AJK,auto
AUTO-003870,10991.63,3857.71,0,KPK,auto
AUTO-003871,23834.29,9454.43,0,KPK,auto
AUTO-003872,12724.9,26038.43,0,AJK,auto
AUTO-003873,10525.3,6864.47,0,KPK,auto
AUTO-003874,15219.22,8987.21,0,Sindh,auto
AUTO-003875,39972.61,6674.08,0,GB,auto
AUTO-003876,35419.15,1272.72,0,Punjab,auto
AUTO-003877,24872.11,8237.66,0,GB,auto
AUTO-003878,10235.83,10315.82,0,Sindh,auto
AUTO-003879,19967.47,5377.64,0,Sindh,auto
AUTO-003880,25612.86,3217.28,0,AJK,auto
AUTO-003881,24047.06,4005.87,1,AJK,auto
AUTO-003882,8761.33,14933.32,0,AJK,auto
AUTO-003883,14112.85,39262.29,0,KPK,auto
AUTO-003884,21331.95,24488.2,0,KPK,auto
AUTO-003885,28800.43,2764.25,0,Punjab,auto
AUTO-003886,7346.18,16053.82,0,KPK,auto
AUTO-003887,20311.41,4766.99,0,Punjab,auto
AUTO-003888,23659.6,5085.69,0,Sindh,auto
AUTO-003889,33684.94,5599.43,0,Punjab,auto
AUTO-003890,31145.62,14254.87,0,Punjab,auto
AUTO-003891,29474.64,17455.37,0,AJK,auto
AUTO-003892,14765.22,7491.88,0,KPK,auto
AUTO-003893,8484.52,7594.23,0,Balochistan,auto
AUTO-003894,18096.5,11747.68,0,Balochistan,auto
AUTO-003895,36345.15,12764.15,0,AJK,auto
AUTO-003896,44210.93,20764.09,0,GB,auto
AUTO-003897,31422.35,2900.11,0,GB,auto
AUTO-003898,27300.78,8233.96,0,GB,auto
AUTO-003899,26630.7,3448.11,0,Sindh,auto
AUTO-003900,16679.58,7779.49,0,Sindh,auto
AUTO-003901,20639.66,6761.9,0,Sindh,auto
AUTO-003902,50743.29,7805.63,0,Punjab,auto
AUTO-003903,13748.99,4273.57,0,KPK,auto
AUTO-003904,49384.38,2465.55,0,Sindh,auto
AUTO-003905,18750.69,1516.94,0,Balochistan,auto
AUTO-003906,42732.54,7295.81,0,Punjab,auto
AUTO-003907,10900.81,5739.91,0,Sindh,auto
AUTO-003908,29523.8,4718.52,0,Sindh,auto
AUTO-003909,15239.03,23342.68,0,GB,auto
AUTO-003910,10854.84,4074.28,0,GB,auto
AUTO-003911,24569.65,25171.49,0,KPK,auto
AUTO-003912,36487.9,29705.13,0,KPK,auto
AUTO-003913,14436.71,1701.52,0,Punjab,auto
AUTO-003914,10409.69,8724.63,0,Balochistan,auto
AUTO-003915,21037.83,5885.48,0,AJK,auto
AUTO-003916,21084.27,788.83,0,GB,auto
AUTO-003917,28974.16,2551.12,0,Balochistan,auto
AUTO-003918,35411.69,15062.28,0,GB,auto
AUTO-003919,21381.74,40756.04,1,KPK,auto
AUTO-003920,55700.9,16682.95,0,KPK,auto
AUTO-003921,24639.78,10497.64,0,AJK,auto
AUTO-003922,18523.34,7965.97,0,Balochistan,auto
AUTO-003923,9840.05,31136.32,0,Balochistan,auto
AUTO-003924,19315.64,45188.2,0,AJK,auto
AUTO-003925,18616.56,5067.11,0,KPK,auto
AUTO-003926,35601.83,1636.0,0,Punjab,auto
AUTO-003927,27756.96,1512.4,0,Balochistan,auto
AUTO-003928,12213.72,23330.22,0,Sindh,auto
AUTO-003929,24007.64,7803.7,0,Balochistan,auto
AUTO-003930,30815.27,9382.42,0,Balochistan,auto
AUTO-003931,47288.18,1934.26,0,Balochistan,auto
AUTO-003932,34329.21,4435.74,0,KPK,auto
AUTO-003933,32222.6,6397.2,0,Sindh,auto
AUTO-003934,22698.25,9568.87,0,Balochistan,auto
AUTO-003935,26746.42,5890.68,0,Punjab,auto
AUTO-003936,41140.67,3533.84,0,GB,auto
AUTO-003937,11311.91,4325.77,0,GB,auto
AUTO-003938,18495.46,21304.18,0,Sindh,auto
AUTO-003939,14968.68,9855.92,0,AJK,auto
AUTO-003940,26624.22,13223.16,0,Punjab,auto
AUTO-003941,40745.92,3947.75,0,AJK,auto
AUTO-003942,16342.31,762.76,0,Balochistan,auto
AUTO-003943,6666.48,5332.19,0,KPK,auto
AUTO-003944,17923.89,4051.1,0,Balochistan,auto
AUTO-003945,34777.88,10712.96,0,Balochistan,auto
AUTO-003946,28819.71,112260.68,0,AJK,auto
AUTO-003947,27285.02,14131.09,0,Balochistan,auto
AUTO-003948,19148.95,72313.65,0,Punjab,auto
AUTO-003949,11620.02,12772.07,1,KPK,auto
AUTO-003950,28499.65,4895.59,0,AJK,auto
AUTO-003951,14513.86,10703.57,0,Sindh,auto
AUTO-003952,65647.08,33675.0,0,GB,auto
AUTO-003953,29297.39,35019.14,0,Balochistan,auto
AUTO-003954,16476.26,5113.96,0,GB,auto
AUTO-003955,16224.98,9922.37,0,AJK,auto
AUTO-003956,21026.27,2582.69,0,GB,auto
AUTO-003957,19540.59,15673.63,0,Balochistan,auto
AUTO-003958,38500.13,28076.38,0,Balochistan,auto
AUTO-003959,24178.23,8365.23,0,AJK,auto
AUTO-003960,15278.23,4750.92,0,Punjab,auto
AUTO-003961,56682.47,10808.68,0,Sindh,auto
AUTO-003962,22576.26,11315.94,0,Balochistan,auto
AUTO-003963,32351.63,8646.54,0,Punjab,auto
AUTO-003964,16250.63,9348.51,0,Balochistan,auto
AUTO-003965,26411.58,7051.16,0,Balochistan,auto
AUTO-003966,25733.66,17975.48,0,Punjab,auto
AUTO-003967,8562.74,14603.0,0,Balochistan,auto
AUTO-003968,60333.18,3690.5,0,Sindh,auto
AUTO-003969,41995.69,3610.23,0,GB,auto
AUTO-003970,18059.05,6611.07,0,AJK,auto
AUTO-003971,12693.75,14610.12,0,GB,auto
AUTO-003972,26206.97,9122.01,0,Punjab,auto
AUTO-003973,23002.29,4843.92,0,GB,auto
AUTO-003974,26313.42,9988.75,0,KPK,auto
AUTO-003975,24240.71,6218.92,0,Balochistan,auto
AUTO-003976,28370.94,16389.39,0,AJK,auto
AUTO-003977,45417.5,10577.1,0,Sindh,auto
AUTO-003978,29262.19,6296.68,0,Sindh,auto
AUTO-003979,13032.12,9751.88,0,KPK,auto
AUTO-003980,43533.3,23203.04,0,GB,auto
AUTO-003981,50026.46,5137.37,0,Sindh,auto
AUTO-003982,106513.64,11182.73,0,GB,auto
AUTO-003983,12559.76,7658.96,0,AJK,auto
AUTO-003984,24870.58,11402.49,0,KPK,auto
AUTO-003985,7777.19,4799.89,0,GB,auto
AUTO-003986,29044.21,8850.85,0,Punjab,auto
AUTO-003987,16745.75,19658.37,0,GB,auto
AUTO-003988,57625.64,3829.14,0,GB,auto
AUTO-003989,14953.38,2797.48,1,KPK,auto
AUTO-003990,9465.5,2883.72,0,Punjab,auto
AUTO-003991,17402.48,3176.29,0,Sindh,auto
AUTO-003992,8203.01,13046.28,0,AJK,auto
AUTO-003993,32065.94,2631.51,0,GB,auto
AUTO-003994,7843.64,6384.85,0,Balochistan,auto
AUTO-003995,22342.12,13288.2,0,KPK,auto
AUTO-003996,7793.88,11308.7,0,Sindh,auto
AUTO-003997,18766.92,5952.42,0,GB,auto
AUTO-003998,50095.63,9440.26,0,AJK,auto
AUTO-003999,26379.01,8828.29,0,Balochistan,auto
AUTO-004000,14303.41,6772.38,0,KPK,auto
AUTO-004001,21685.48,6845.4,0,AJK,auto
AUTO-004002,22225.79,48452.63,0,Sindh,auto
AUTO-004003,27898.14,15482.24,0,GB,auto
AUTO-004004,11120.78,58954.47,0,GB,auto
AUTO-004005,29622.33,5444.87,0,GB,auto
AUTO-004006,5697.62,7570.59,0,KPK,auto
AUTO-004007,16075.6,2791.4,0,GB,auto
AUTO-004008,17255.1,4240.12,0,KPK,auto
AUTO-004009,30232.22,37105.87,0,GB,auto
AUTO-004010,22277.12,5336.75,0,Punjab,auto
AUTO-004011,10907.64,37625.04,0,GB,auto
AUTO-004012,13460.35,2996.83,0,Punjab,auto
AUTO-004013,24326.95,3488.49,0,KPK,auto
AUTO-004014,21172.67,6167.29,0,AJK,auto
AUTO-004015,16488.82,7700.19,0,Sindh,auto
AUTO-004016,17319.41,16957.57,0,Balochistan,auto
AUTO-004017,31197.21,11621.55,0,Punjab,auto
AUTO-004018,17003.15,5807.75,0,Sindh,auto
AUTO-004019,21077.35,7283.36,0,GB,auto
AUTO-004020,65183.93,6277.64,0,KPK,auto
AUTO-004021,10809.26,3898.23,0,Sindh,auto
AUTO-004022,8726.14,3982.36,0,Sindh,auto
AUTO-004023,32591.11,18440.55,0,GB,auto
AUTO-004024,15688.43,1877.07,0,Sindh,auto
AUTO-004025,18786.26,29551.42,0,KPK,auto
AUTO-004026,14904.55,6158.6,0,Punjab,auto
AUTO-004027,19343.27,4367.71,0,Balochistan,auto
AUTO-004028,48984.98,14644.31,1,AJK,auto
AUTO-004029,32894.61,26586.88,1,Punjab,auto
AUTO-004030,33898.02,19813.25,0,Balochistan,auto
AUTO-004031,10849.63,12106.3,0,KPK,auto
AUTO-004032,12387.25,19331.49,0,Balochistan,auto
AUTO-004033,5326.56,2052.48,1,KPK,auto
AUTO-004034,14695.69,5337.62,0,Balochistan,auto
AUTO-004035,35537.78,3909.11,0,Punjab,auto
AUTO-004036,28523.21,21584.07,0,GB,auto
AUTO-004037,19717.14,5962.34,0,GB,auto
AUTO-004038,21782.23,15935.83,0,GB,auto
AUTO-004039,15608.29,12440.16,0,KPK,auto
AUTO-004040,24401.0,4064.94,0,Sindh,auto
AUTO-004041,32303.77,5066.64,0,GB,auto
AUTO-004042,9818.82,22812.28,0,KPK,auto
AUTO-004043,25586.59,4357.33,0,KPK,auto
AUTO-004044,35109.16,8954.34,0,Balochistan,auto
AUTO-004045,17898.1,4332.79,0,KPK,auto
AUTO-004046,31267.99,6303.36,0,Balochistan,auto
AUTO-004047,89978.61,7809.3,0,Punjab,auto
AUTO-004048,20906.78,4331.66,0,KPK,auto
AUTO-004049,26813.31,3758.0,0,Sindh,auto
AUTO-004050,15229.22,10188.54,0,Sindh,auto
AUTO-004051,24115.87,4122.48,0,Punjab,auto
AUTO-004052,27726.28,4236.42,0,GB,auto
AUTO-004053,24280.31,3822.87,0,Sindh,auto
AUTO-004054,13228.81,7613.46,0,Balochistan,auto
AUTO-004055,24420.57,17239.55,0,KPK,auto
AUTO-004056,45756.9,27044.07,0,AJK,auto
AUTO-004057,27565.43,4533.57,1,KPK,auto
AUTO-004058,35631.79,45263.16,0,KPK,auto
AUTO-004059,19564.93,3627.27,0,AJK,auto
AUTO-004060,32046.72,19280.29,0,GB,auto
AUTO-004061,25327.19,4548.91,0,Sindh,auto
AUTO-004062,13691.69,4037.02,0,Sindh,auto
AUTO-004063,25829.19,4465.76,0,KPK,auto
AUTO-004064,13415.31,7770.13,0,Sindh,auto
AUTO-004065,16051.54,12887.04,0,Balochistan,auto
AUTO-004066,24213.46,13847.98,0,Balochistan,auto
AUTO-004067,25555.87,3807.82,0,AJK,auto
AUTO-004068,12153.64,3671.2,0,KPK,auto
AUTO-004069,37309.11,3892.04,0,GB,auto
AUTO-004070,29319.35,7412.45,0,Balochistan,auto
AUTO-004071,15485.13,6849.12,0,Punjab,auto
AUTO-004072,10210.86,3789.01,0,Sindh,auto
AUTO-004073,20487.04,10053.57,0,GB,auto
AUTO-004074,17624.2,49516.19,0,KPK,auto
AUTO-004075,23308.43,5411.21,0,Balochistan,auto
AUTO-004076,18369.4,5728.39,0,AJK,auto
AUTO-004077,8072.93,12679.34,0,Balochistan,auto
AUTO-004078,18139.13,5182.0,0,Punjab,auto
AUTO-004079,18905.17,13837.97,0,Balochistan,auto
AUTO-004080,30237.27,4560.4,0,KPK,auto
AUTO-004081,15535.77,35090.85,0,AJK,auto
AUTO-004082,50987.58,10676.71,0,AJK,auto
AUTO-004083,8469.1,4934.38,0,Punjab,auto
AUTO-004084,42428.85,5059.62,0,KPK,auto
AUTO-004085,19689.49,5372.02,0,Punjab,auto
AUTO-004086,33853.32,24299.22,0,Punjab,auto
AUTO-004087,22923.11,2936.57,0,Punjab,auto
AUTO-004088,38940.02,4748.8,0,Balochistan,auto
AUTO-004089,18148.06,5170.23,0,Sindh,auto
AUTO-004090,12716.93,8002.02,0,Balochistan,auto
AUTO-004091,44812.94,6523.15,0,KPK,auto
AUTO-004092,20811.47,2457.79,0,GB,auto
AUTO-004093,24606.83,5884.88,0,Punjab,auto
AUTO-004094,40838.31,7482.78,0,Punjab,auto
AUTO-004095,13147.97,4902.6,0,Sindh,auto
AUTO-004096,29665.66,14036.56,0,AJK,auto
AUTO-004097,16400.26,16907.74,0,Punjab,auto
AUTO-004098,20617.91,7610.55,0,Balochistan,auto
AUTO-004099,22837.05,9744.26,0,Punjab,auto
AUTO-004100,10403.41,1438.21,0,KPK,auto
AUTO-004101,14921.84,5785.54,0,Sindh,auto
AUTO-004102,43283.92,18103.44,0,GB,auto
AUTO-004103,34306.69,5774.75,0,AJK,auto
AUTO-004104,21347.29,4492.62,0,GB,auto
AUTO-004105,24873.59,50118.78,0,KPK,auto
AUTO-004106,19013.01,34726.62,0,Balochistan,auto
AUTO-004107,43403.34,11778.84,0,GB,auto
AUTO-004108,19926.86,20153.4,0,KPK,auto
AUTO-004109,24733.68,1365.47,0,GB,auto
AUTO-004110,39066.28,4315.46,0,Punjab,auto
AUTO-004111,14932.78,5563.78,0,Sindh,auto
AUTO-004112,48021.04,6709.07,0,Punjab,auto
AUTO-004113,10247.3,5475.53,0,Sindh,auto
AUTO-004114,49752.75,1053.61,0,Balochistan,auto
AUTO-004115,18281.82,11034.92,0,KPK,auto
AUTO-004116,19509.38,12518.01,0,GB,auto
AUTO-004117,8561.19,29188.18,0,Sindh,auto
AUTO-004118,17546.37,4312.84,0,KPK,auto
AUTO-004119,13096.45,4039.47,0,GB,auto
AUTO-004120,16255.34,949.57,0,Sindh,auto
AUTO-004121,20564.97,6407.0,0,Punjab,auto
AUTO-004122,35557.12,16662.06,0,Sindh,auto
AUTO-004123,24435.73,4967.07,0,Sindh,auto
AUTO-004124,25689.52,45015.22,0,AJK,auto
AUTO-004125,12736.67,6599.33,0,GB,auto
AUTO-004126,14180.5,9114.24,0,GB,auto
AUTO-004127,54141.84,2723.08,0,Balochistan,auto
AUTO-004128,15250.99,10196.26,0,GB,auto
AUTO-004129,50418.03,1663.28,0,Punjab,auto
AUTO-004130,19505.84,14114.51,0,Punjab,auto
AUTO-004131,22051.68,14465.8,0,KPK,auto
AUTO-004132,37615.92,24039.01,0,Sindh,auto
AUTO-004133,41603.78,3583.25,0,Sindh,auto
AUTO-004134,20839.25,9213.73,1,GB,auto
AUTO-004135,18140.07,12721.56,0,Sindh,auto
AUTO-004136,21419.13,11542.89,0,Punjab,auto
AUTO-004137,26081.43,4055.22,0,AJK,auto
AUTO-004138,34394.5,1195.61,0,KPK,auto
AUTO-004139,22073.1,10695.39,1,Sindh,auto
AUTO-004140,30014.72,7172.43,0,AJK,auto
AUTO-004141,49970.09,5149.54,0,GB,auto
AUTO-004142,26652.94,14930.42,0,Balochistan,auto
AUTO-004143,25740.64,7817.06,0,Punjab,auto
AUTO-004144,10306.65,2820.43,0,Balochistan,auto
AUTO-004145,5911.38,1728.2,0,Punjab,auto
AUTO-004146,26747.27,3284.04,0,KPK,auto
AUTO-004147,21006.51,54962.69,0,GB,auto
AUTO-004148,17027.9,14446.7,0,Balochistan,auto
AUTO-004149,24878.65,9422.82,0,KPK,auto
AUTO-004150,21371.17,7007.04,0,KPK,auto
AUTO-004151,38711.43,6648.1,0,KPK,auto
AUTO-004152,22995.54,20614.64,1,Balochistan,auto
AUTO-004153,15161.86,5472.68,0,Balochistan,auto
AUTO-004154,36137.38,12855.62,0,Balochistan,auto
AUTO-004155,19760.39,6131.89,0,Sindh,auto
AUTO-004156,28660.3,38258.66,0,KPK,auto
AUTO-004157,17349.08,14673.98,0,GB,auto
AUTO-004158,15916.1,21948.31,0,Sindh,auto
AUTO-004159,22973.21,5076.98,0,Punjab,auto
AUTO-004160,22168.2,18892.28,0,Balochistan,auto
AUTO-004161,27998.7,6310.3,0,GB,auto
AUTO-004162,19257.91,8848.72,0,AJK,auto
AUTO-004163,8793.96,29972.58,0,Punjab,auto
AUTO-004164,17740.64,3518.46,0,KPK,auto
AUTO-004165,32758.22,9533.8,0,KPK,auto
AUTO-004166,18983.24,11503.47,0,GB,auto
AUTO-004167,19473.47,12283.39,0,Sindh,auto
AUTO-004168,36068.97,5649.78,0,Balochistan,auto
AUTO-004169,15429.14,43002.4,0,GB,auto
AUTO-004170,10184.26,2875.71,0,Balochistan,auto
AUTO-004171,20326.58,26032.69,0,Punjab,auto
AUTO-004172,17290.51,21419.4,0,GB,auto
AUTO-004173,13587.11,37075.48,0,Punjab,auto
AUTO-004174,20177.25,2274.28,0,Punjab,auto
AUTO-004175,28162.68,4043.78,0,AJK,auto
AUTO-004176,21924.41,26730.34,0,AJK,auto
AUTO-004177,25680.58,1805.1,0,KPK,auto
AUTO-004178,54540.77,2241.35,0,KPK,auto
AUTO-004179,18556.22,5482.7,1,KPK,auto
AUTO-004180,25315.56,9448.35,0,GB,auto
AUTO-004181,17075.39,28963.16,0,Balochistan,auto
AUTO-004182,14426.47,6986.87,0,KPK,auto
AUTO-004183,16441.21,4981.11,0,Sindh,auto
AUTO-004184,17337.39,10395.33,0,Punjab,auto
AUTO-004185,26363.56,11797.9,0,GB,auto
AUTO-004186,71291.89,11533.28,0,Balochistan,auto
AUTO-004187,15397.77,7027.67,0,AJK,auto
AUTO-004188,17884.46,1695.84,0,Punjab,auto
AUTO-004189,21342.13,3889.0,1,KPK,auto
AUTO-004190,26846.73,25240.8,0,AJK,auto
AUTO-004191,25128.94,9411.19,0,AJK,auto
AUTO-004192,41858.41,6260.29,0,AJK,auto
AUTO-004193,6547.27,19821.74,0,GB,auto
AUTO-004194,6677.74,3281.01,0,Punjab,auto
AUTO-004195,17189.62,6766.38,0,Balochistan,auto
AUTO-004196,38125.94,9047.16,0,Punjab,auto
AUTO-004197,10068.59,5692.46,1,Sindh,auto
AUTO-004198,4896.05,8783.32,0,KPK,auto
AUTO-004199,29307.24,6973.31,0,GB,auto
AUTO-004200,24880.23,2645.26,0,Balochistan,auto
AUTO-004201,12770.53,9369.19,0,GB,auto
AUTO-004202,13456.67,2799.84,1,Balochistan,auto
AUTO-004203,13563.37,9251.05,0,KPK,auto
AUTO-004204,23278.09,24326.19,0,Sindh,auto
AUTO-004205,16104.31,6471.62,0,AJK,auto
AUTO-004206,28198.72,3174.21,1,KPK,auto
AUTO-004207,5285.31,7320.32,0,AJK,auto
AUTO-004208,14350.99,4164.8,0,KPK,auto
AUTO-004209,12543.69,13037.79,0,Punjab,auto
AUTO-004210,19376.76,7198.36,0,GB,auto
AUTO-004211,16830.97,31818.74,0,Sindh,auto
AUTO-004212,32824.22,20545.39,0,GB,auto
AUTO-004213,8693.51,7169.1,0,Sindh,auto
AUTO-004214,22533.22,14364.1,0,KPK,auto
AUTO-004215,29119.64,5915.97,1,Sindh,auto
AUTO-004216,55732.78,8326.23,0,AJK,auto
AUTO-004217,17311.34,6068.41,0,Sindh,auto
AUTO-004218,25905.99,14960.44,0,Sindh,auto
AUTO-004219,8938.01,25498.9,0,GB,auto
AUTO-004220,6660.98,15350.73,1,Sindh,auto
AUTO-004221,33603.56,16941.97,0,Balochistan,auto
AUTO-004222,21965.31,16956.84,0,KPK,auto
AUTO-004223,39705.95,12594.36,0,Punjab,auto
AUTO-004224,11084.45,3257.03,0,Punjab,auto
AUTO-004225,28565.39,31595.73,0,Balochistan,auto
AUTO-004226,56072.96,34321.55,0,GB,auto
AUTO-004227,27169.57,6720.36,0,Balochistan,auto
AUTO-004228,25293.2,6023.61,0,Punjab,auto
AUTO-004229,22120.9,13225.86,0,AJK,auto
AUTO-004230,10042.28,12589.9,0,Punjab,auto
AUTO-004231,43381.42,6894.25,0,Punjab,auto
AUTO-004232,16229.26,2980.9,0,KPK,auto
AUTO-004233,28346.01,10348.13,0,Punjab,auto
AUTO-004234,10081.76,12596.18,0,Punjab,auto
AUTO-004235,12213.17,14481.93,0,Sindh,auto
AUTO-004236,45140.89,10715.37,0,Balochistan,auto
AUTO-004237,18515.23,6523.12,0,Punjab,auto
AUTO-004238,45553.27,17947.42,0,Punjab,auto
AUTO-004239,21181.53,8541.39,0,AJK,auto
AUTO-004240,8769.64,5586.24,0,Punjab,auto
AUTO-004241,34407.64,7012.69,0,KPK,auto
AUTO-004242,16400.28,2004.65,0,GB,auto
AUTO-004243,31236.56,7003.79,0,AJK,auto
AUTO-004244,22305.88,14055.22,0,Punjab,auto
AUTO-004245,10182.65,10634.16,0,GB,auto
AUTO-004246,23912.28,27351.63,0,KPK,auto
AUTO-004247,66046.32,6565.74,0,Balochistan,auto
AUTO-004248,28183.54,11966.31,0,Punjab,auto
AUTO-004249,21402.03,15278.35,0,Balochistan,auto
AUTO-004250,37709.66,52801.01,0,Punjab,auto
AUTO-004251,24473.21,9098.02,0,AJK,auto
AUTO-004252,24459.33,3514.49,0,AJK,auto
AUTO-004253,12761.49,15968.02,0,GB,auto
AUTO-004254,24758.5,36047.11,0,KPK,auto
AUTO-004255,36964.81,6260.16,0,Sindh,auto
AUTO-004256,14500.94,15880.79,0,GB,auto
AUTO-004257,44902.46,21654.8,0,GB,auto
AUTO-004258,21039.29,18281.64,0,KPK,auto
AUTO-004259,14130.84,8959.29,0,Punjab,auto
AUTO-004260,36272.53,4634.21,0,Balochistan,auto
AUTO-004261,19083.95,7592.96,1,Balochistan,auto
AUTO-004262,32201.15,11694.58,0,Punjab,auto
AUTO-004263,19036.64,16757.11,0,Sindh,auto
AUTO-004264,21377.34,10584.61,0,Sindh,auto
AUTO-004265,28191.62,5979.39,0,Sindh,auto
AUTO-004266,25474.89,12635.98,0,Punjab,auto
AUTO-004267,8121.21,16124.06,0,AJK,auto
AUTO-004268,12573.9,10978.43,0,GB,auto
AUTO-004269,35056.1,4150.77,0,AJK,auto
AUTO-004270,20618.25,7008.47,0,Punjab,auto
AUTO-004271,16951.89,17296.45,0,AJK,auto
AUTO-004272,11166.94,2680.04,0,Sindh,auto
AUTO-004273,12837.58,1518.47,0,AJK,auto
AUTO-004274,8015.25,27077.71,0,Punjab,auto
AUTO-004275,20938.81,12199.28,0,GB,auto
AUTO-004276,16330.36,13165.88,0,AJK,auto
AUTO-004277,13584.79,3423.94,0,AJK,auto
AUTO-004278,21288.84,14618.2,0,AJK,auto
AUTO-004279,26422.87,10099.07,0,AJK,auto
AUTO-004280,62730.24,2281.38,0,GB,auto
AUTO-004281,10342.93,25321.95,0,Punjab,auto
AUTO-004282,39327.94,9199.89,0,KPK,auto
AUTO-004283,35830.36,5902.51,0,AJK,auto
AUTO-004284,14919.94,5988.57,0,KPK,auto
AUTO-004285,24382.43,1616.18,0,GB,auto
AUTO-004286,17521.49,13025.57,0,Punjab,auto
AUTO-004287,24169.44,9991.46,0,Balochistan,auto
AUTO-004288,46843.4,6937.77,0,KPK,auto
AUTO-004289,29816.08,22534.17,0,Punjab,auto
AUTO-004290,28404.54,2678.23,0,Balochistan,auto
AUTO-004291,17762.51,5027.02,0,AJK,auto
AUTO-004292,10487.84,4105.13,0,GB,auto
AUTO-004293,19846.16,6483.16,1,GB,auto
AUTO-004294,40267.67,8552.48,0,Punjab,auto
AUTO-004295,10264.19,11430.16,0,Sindh,auto
AUTO-004296,12996.76,6139.03,0,Balochistan,auto
AUTO-004297,23461.92,4016.3,0,Sindh,auto
AUTO-004298,13462.63,31219.73,0,GB,auto
AUTO-004299,14820.08,55787.89,0,GB,auto
AUTO-004300,17822.21,9087.27,0,AJK,auto
AUTO-004301,11127.68,4423.01,0,AJK,auto
AUTO-004302,13533.71,26380.05,0,KPK,auto
AUTO-004303,31310.66,2546.8,0,GB,auto
AUTO-004304,11456.53,6199.24,0,AJK,auto
AUTO-004305,9907.66,4642.96,0,KPK,auto
AUTO-004306,16074.47,3204.69,0,Balochistan,auto
AUTO-004307,31760.47,6476.79,0,Sindh,auto
AUTO-004308,19961.07,4058.88,0,Balochistan,auto
AUTO-004309,17460.73,8185.53,0,Sindh,auto
AUTO-004310,22520.46,8281.19,0,Punjab,auto
AUTO-004311,9201.73,4929.21,0,Balochistan,auto
AUTO-004312,28207.77,6024.5,0,Punjab,auto
AUTO-004313,26681.28,6736.67,0,Sindh,auto
AUTO-004314,17950.01,15488.87,0,GB,auto
AUTO-004315,36423.24,7195.83,0,GB,auto
AUTO-004316,12534.65,15674.04,0,KPK,auto
AUTO-004317,38713.92,12947.4,0,Balochistan,auto
AUTO-004318,23795.38,12800.31,0,Balochistan,auto
AUTO-004319,18615.01,24594.47,0,KPK,auto
AUTO-004320,21808.68,3309.28,0,KPK,auto
AUTO-004321,20876.25,5549.45,0,AJK,auto
AUTO-004322,40543.93,33211.09,0,GB,auto
AUTO-004323,12857.22,6595.53,0,AJK,auto
AUTO-004324,15044.09,852.27,0,Sindh,auto
AUTO-004325,36980.7,6888.61,0,GB,auto
AUTO-004326,16354.08,9026.79,0,Balochistan,auto
AUTO-004327,34553.58,998.56,0,KPK,auto
AUTO-004328,51519.62,23556.3,0,KPK,auto
AUTO-004329,18017.57,4578.06,0,GB,auto
AUTO-004330,30967.12,10539.13,0,Punjab,auto
AUTO-004331,12371.54,6762.95,0,AJK,auto
AUTO-004332,32124.26,2890.89,0,GB,auto
AUTO-004333,24336.0,3441.26,0,GB,auto
AUTO-004334,27903.83,3835.03,1,Punjab,auto
AUTO-004335,15950.0,19313.07,0,KPK,auto
AUTO-004336,9599.42,7200.96,0,Balochistan,auto
AUTO-004337,28328.57,5337.47,0,Balochistan,auto
AUTO-004338,7850.23,3836.49,0,Punjab,auto
AUTO-004339,18794.6,21097.72,0,AJK,auto
AUTO-004340,35263.05,26143.63,0,Sindh,auto
AUTO-004341,24244.59,20906.08,0,GB,auto
AUTO-004342,58347.47,12015.47,0,Balochistan,auto
AUTO-004343,36774.3,10217.57,0,Sindh,auto
AUTO-004344,15883.73,3063.31,0,GB,auto
AUTO-004345,22329.34,6656.47,0,AJK,auto
AUTO-004346,21510.89,4688.71,0,Punjab,auto
AUTO-004347,9985.72,1881.06,0,AJK,auto
AUTO-004348,13763.85,18875.78,0,KPK,auto
AUTO-004349,16640.91,4644.02,0,AJK,auto
AUTO-004350,7957.66,21094.2,0,Punjab,auto
AUTO-004351,22555.78,16405.91,0,Punjab,auto
AUTO-004352,19447.31,12649.52,0,AJK,auto
AUTO-004353,9542.9,13230.86,0,GB,auto
AUTO-004354,26959.92,4953.0,0,Punjab,auto
AUTO-004355,31506.1,35820.66,0,KPK,auto
AUTO-004356,24674.29,8387.52,1,Sindh,auto
AUTO-004357,18731.58,10316.97,0,AJK,auto
AUTO-004358,29605.67,4821.01,0,Punjab,auto
AUTO-004359,30949.44,3847.07,0,GB,auto
AUTO-004360,25686.01,11870.8,0,GB,auto
AUTO-004361,14584.2,9643.22,0,GB,auto
AUTO-004362,25293.44,4309.25,0,Sindh,auto
AUTO-004363,40044.25,2563.83,0,KPK,auto
AUTO-004364,16345.13,2933.82,0,AJK,auto
AUTO-004365,62879.13,21097.44,0,Punjab,auto
AUTO-004366,16935.79,4961.17,0,Sindh,auto
AUTO-004367,22386.28,6178.76,0,KPK,auto
AUTO-004368,15736.8,25855.33,0,Balochistan,auto
AUTO-004369,24627.9,3301.99,0,Punjab,auto
AUTO-004370,9217.78,4529.67,0,GB,auto
AUTO-004371,16763.83,4380.8,0,GB,auto
AUTO-004372,12758.33,29568.2,0,KPK,auto
AUTO-004373,23568.57,39922.96,0,Sindh,auto
AUTO-004374,36214.82,14783.26,0,GB,auto
AUTO-004375,30424.49,15164.43,0,AJK,auto
AUTO-004376,6728.92,5093.48,0,Sindh,auto
AUTO-004377,61146.92,38478.8,0,GB,auto
AUTO-004378,25530.78,10038.24,0,AJK,auto
AUTO-004379,14939.3,16034.34,0,KPK,auto
AUTO-004380,23826.74,7447.1,0,KPK,auto
AUTO-004381,24054.92,6539.22,0,Sindh,auto
AUTO-004382,15781.22,30651.41,1,Sindh,auto
AUTO-004383,24317.67,12478.71,0,AJK,auto
AUTO-004384,16256.76,25876.76,0,Punjab,auto
AUTO-004385,17994.46,9939.41,0,Sindh,auto
AUTO-004386,15628.64,4110.53,0,GB,auto
AUTO-004387,10760.79,5081.32,0,Punjab,auto
AUTO-004388,23692.6,8798.81,0,Punjab,auto
AUTO-004389,29514.88,4908.87,0,Punjab,auto
AUTO-004390,28493.8,3341.02,0,KPK,auto
AUTO-004391,33188.63,21186.8,0,KPK,auto
AUTO-004392,25904.45,5240.14,0,Punjab,auto
AUTO-004393,16875.82,9050.31,0,Punjab,auto
AUTO-004394,33517.8,10269.23,0,KPK,auto
AUTO-004395,11172.84,5061.8,0,AJK,auto
AUTO-004396,14039.98,25864.83,0,GB,auto
AUTO-004397,13601.02,3315.24,0,Balochistan,auto
AUTO-004398,37798.63,9989.6,0,Sindh,auto
AUTO-004399,35291.39,9866.44,0,Punjab,auto
AUTO-004400,28103.59,7758.9,0,KPK,auto
AUTO-004401,37645.36,2871.16,1,Punjab,auto
AUTO-004402,14190.93,16263.1,0,Punjab,auto
AUTO-004403,26220.52,14688.33,0,Punjab,auto
AUTO-004404,20690.15,4719.91,0,Punjab,auto
AUTO-004405,33638.99,14271.07,0,AJK,auto
AUTO-004406,20793.34,10937.21,0,Sindh,auto
AUTO-004407,18170.03,2908.84,1,Sindh,auto
AUTO-004408,28867.0,4092.28,0,KPK,auto
AUTO-004409,34135.21,20143.26,0,AJK,auto
AUTO-004410,15769.41,10378.93,0,AJK,auto
AUTO-004411,21363.99,5159.31,0,Sindh,auto
AUTO-004412,12975.0,4077.42,0,KPK,auto
AUTO-004413,6316.81,5365.18,0,AJK,auto
AUTO-004414,24348.6,5678.35,0,KPK,auto
AUTO-004415,29865.3,4118.44,0,Sindh,auto
AUTO-004416,25110.3,2011.4,0,Punjab,auto
AUTO-004417,8310.04,20171.19,0,GB,auto
AUTO-004418,18482.42,17615.01,0,GB,auto
AUTO-004419,7265.02,2926.01,0,GB,auto
AUTO-004420,43688.95,9036.7,0,AJK,auto
AUTO-004421,12797.09,3937.14,0,KPK,auto
AUTO-004422,41262.19,6573.14,0,Punjab,auto
AUTO-004423,35345.8,6149.87,0,Sindh,auto
AUTO-004424,14040.55,5754.47,0,Balochistan,auto
AUTO-004425,12501.55,40229.57,0,GB,auto
AUTO-004426,26243.8,5697.25,0,AJK,auto
AUTO-004427,14441.16,4244.54,0,AJK,auto
AUTO-004428,23184.57,4402.53,0,KPK,auto
AUTO-004429,17302.15,18676.5,0,Sindh,auto
AUTO-004430,9040.06,2160.98,0,GB,auto
AUTO-004431,7221.12,4402.38,0,Sindh,auto
AUTO-004432,24669.97,25782.68,0,AJK,auto
AUTO-004433,16634.28,9849.63,0,AJK,auto
AUTO-004434,16704.86,9447.8,0,GB,auto
AUTO-004435,31192.47,44610.17,0,GB,auto
AUTO-004436,39605.42,9868.26,0,KPK,auto
AUTO-004437,19220.4,4598.34,0,KPK,auto
AUTO-004438,18577.39,6466.16,0,Balochistan,auto
AUTO-004439,28284.56,3267.09,0,Punjab,auto
AUTO-004440,11176.09,22131.33,0,KPK,auto
AUTO-004441,24626.45,12831.38,0,Punjab,auto
AUTO-004442,29025.88,19921.03,0,AJK,auto
AUTO-004443,30949.59,21383.76,0,Balochistan,auto
AUTO-004444,8363.43,5817.53,0,Balochistan,auto
AUTO-004445,15052.85,3805.48,0,Balochistan,auto
AUTO-004446,14198.17,7774.7,0,Sindh,auto
AUTO-004447,23154.48,4031.09,0,GB,auto
AUTO-004448,28011.55,9246.18,0,GB,auto
AUTO-004449,46553.39,20043.85,0,AJK,auto
AUTO-004450,17197.46,7083.25,0,Sindh,auto
AUTO-004451,17175.06,9136.17,0,Sindh,auto
AUTO-004452,39137.49,7517.01,0,Balochistan,auto
AUTO-004453,25547.34,15400.91,0,Sindh,auto
AUTO-004454,41515.65,4749.4,0,AJK,auto
AUTO-004455,25447.28,1398.06,0,AJK,auto
AUTO-004456,12350.37,11809.92,0,Sindh,auto
AUTO-004457,11309.92,17859.08,0,GB,auto
AUTO-004458,10140.01,11580.75,0,AJK,auto
AUTO-004459,30669.56,4855.25,0,GB,auto
AUTO-004460,39906.66,3268.19,0,Punjab,auto
AUTO-004461,55530.13,12035.28,0,Sindh,auto
AUTO-004462,33575.53,9074.13,0,Balochistan,auto
AUTO-004463,39395.99,7327.33,0,Balochistan,auto
AUTO-004464,16481.47,34820.82,0,AJK,auto
AUTO-004465,12354.7,3799.25,0,AJK,auto
AUTO-004466,33692.81,33524.43,0,Balochistan,auto
AUTO-004467,27142.07,8311.76,0,Punjab,auto
AUTO-004468,23242.14,1865.98,0,Balochistan,auto
AUTO-004469,26733.85,7020.84,0,Sindh,auto
AUTO-004470,25889.5,17458.76,0,Balochistan,auto
AUTO-004471,41852.57,6050.86,0,KPK,auto
AUTO-004472,42086.94,2490.35,0,Punjab,auto
AUTO-004473,28914.84,7103.82,0,Punjab,auto
AUTO-004474,33620.84,4081.67,0,Balochistan,auto
AUTO-004475,28482.11,12009.48,0,KPK,auto
AUTO-004476,17490.53,15043.78,0,Sindh,auto
AUTO-004477,32153.68,3480.68,0,Balochistan,auto
AUTO-004478,10968.17,4607.11,0,Sindh,auto
AUTO-004479,37307.36,14843.45,0,KPK,auto
AUTO-004480,12121.53,4076.22,0,Balochistan,auto
AUTO-004481,25410.09,3409.34,0,Balochistan,auto
AUTO-004482,14435.17,3155.96,0,Sindh,auto
AUTO-004483,29047.7,10738.93,0,Balochistan,auto
AUTO-004484,21655.99,10376.78,0,KPK,auto
AUTO-004485,9923.11,4688.01,0,Balochistan,auto
AUTO-004486,27183.07,8136.12,0,AJK,auto
AUTO-004487,16498.75,27493.53,0,KPK,auto
AUTO-004488,34220.27,3717.3,0,Punjab,auto
AUTO-004489,22041.07,1700.38,0,Sindh,auto
AUTO-004490,26841.66,11661.64,1,GB,auto
AUTO-004491,13646.19,7418.11,0,GB,auto
AUTO-004492,16404.88,4591.58,0,KPK,auto
AUTO-004493,17512.68,13652.31,0,GB,auto
AUTO-004494,33804.57,15857.22,0,Punjab,auto
AUTO-004495,50954.51,1384.89,0,Punjab,auto
AUTO-004496,14726.65,4807.45,0,KPK,auto
AUTO-004497,37738.05,51741.37,0,Punjab,auto
AUTO-004498,7443.98,12922.48,0,Punjab,auto
AUTO-004499,12123.55,13917.23,0,GB,auto
AUTO-004500,13637.94,20708.83,0,AJK,auto
AUTO-004501,11200.86,8214.49,1,Balochistan,auto
AUTO-004502,9978.68,15326.63,0,GB,auto
AUTO-004503,27078.61,14392.31,0,GB,auto
AUTO-004504,19790.68,12471.9,0,AJK,auto
AUTO-004505,26627.58,6262.85,0,Balochistan,auto
AUTO-004506,31108.5,9298.86,0,Punjab,auto
AUTO-004507,25154.91,5060.96,1,Balochistan,auto
AUTO-004508,30603.87,8186.58,0,AJK,auto
AUTO-004509,21273.85,3181.82,1,Sindh,auto
AUTO-004510,12167.25,4304.86,0,Sindh,auto
AUTO-004511,37380.6,6464.95,0,Balochistan,auto
AUTO-004512,16406.68,3808.67,0,Sindh,auto
AUTO-004513,13796.94,5409.9,0,KPK,auto
AUTO-004514,20151.64,7107.17,0,Sindh,auto
AUTO-004515,13955.02,11179.2,0,Balochistan,auto
AUTO-004516,17877.26,17316.34,0,Punjab,auto
AUTO-004517,26161.05,5591.33,0,AJK,auto
AUTO-004518,26217.2,23578.34,0,Sindh,auto
AUTO-004519,14059.94,17169.48,0,Balochistan,auto
AUTO-004520,17260.01,12128.04,0,AJK,auto
AUTO-004521,37690.62,9162.91,0,KPK,auto
AUTO-004522,28231.68,10459.82,0,Punjab,auto
AUTO-004523,62164.07,20944.7,0,GB,auto
AUTO-004524,39738.04,21565.79,0,AJK,auto
AUTO-004525,39032.37,23575.36,0,GB,auto
AUTO-004526,11004.57,8375.46,0,AJK,auto
AUTO-004527,32271.19,12631.81,0,Balochistan,auto
AUTO-004528,21449.29,23738.11,0,KPK,auto
AUTO-004529,16722.48,4919.82,0,Sindh,auto
AUTO-004530,23956.8,6280.89,0,KPK,auto
AUTO-004531,35334.17,8207.71,0,Punjab,auto
AUTO-004532,28294.3,16641.9,0,GB,auto
AUTO-004533,14196.68,16850.54,0,Sindh,auto
AUTO-004534,31927.71,6736.59,0,GB,auto
AUTO-004535,16013.8,2423.85,0,KPK,auto
AUTO-004536,24546.92,9866.96,0,Punjab,auto
AUTO-004537,18926.63,3886.82,0,AJK,auto
AUTO-004538,19743.25,2460.33,0,AJK,auto
AUTO-004539,32309.66,2948.06,0,GB,auto
AUTO-004540,13093.92,10520.75,0,GB,auto
AUTO-004541,58255.72,24072.61,0,AJK,auto
AUTO-004542,8861.37,8359.18,0,GB,auto
AUTO-004543,16336.65,9596.03,0,AJK,auto
AUTO-004544,26505.46,20875.18,0,GB,auto
AUTO-004545,29500.34,2355.33,0,Sindh,auto
AUTO-004546,20947.24,12285.08,0,GB,auto
AUTO-004547,21403.39,8028.3,0,AJK,auto
AUTO-004548,27045.48,12744.38,0,Sindh,auto
AUTO-004549,19623.15,5503.9,0,Sindh,auto
AUTO-004550,44204.89,4211.82,0,KPK,auto
AUTO-004551,33512.53,9067.09,0,AJK,auto
AUTO-004552,34078.17,30313.64,0,Balochistan,auto
AUTO-004553,13587.72,16134.71,0,GB,auto
AUTO-004554,21169.27,5398.33,0,AJK,auto
AUTO-004555,18953.94,2771.72,0,Balochistan,auto
AUTO-004556,13322.36,2109.8,0,AJK,auto
AUTO-004557,26372.63,23222.56,1,Sindh,auto
AUTO-004558,16834.36,3774.16,0,AJK,auto
AUTO-004559,30567.78,6245.33,0,AJK,auto
AUTO-004560,12898.99,23317.72,0,AJK,auto
AUTO-004561,52027.12,2228.04,0,AJK,auto
AUTO-004562,14070.47,26737.21,0,KPK,auto
AUTO-004563,24579.09,6614.95,0,GB,auto
AUTO-004564,32726.15,3232.9,0,KPK,auto
AUTO-004565,16558.91,6648.32,0,Sindh,auto
AUTO-004566,33733.08,4545.63,0,Sindh,auto
AUTO-004567,11913.27,11529.4,0,Balochistan,auto
AUTO-004568,45526.91,4824.65,0,Sindh,auto
AUTO-004569,22182.85,1755.81,0,KPK,auto
AUTO-004570,16346.91,6792.33,0,Sindh,auto
AUTO-004571,18966.11,2737.4,0,Balochistan,auto
AUTO-004572,33006.49,9541.98,0,Balochistan,auto
AUTO-004573,16444.93,3134.72,0,KPK,auto
AUTO-004574,15143.42,5484.0,0,Sindh,auto
AUTO-004575,19716.91,9377.52,0,GB,auto
AUTO-004576,12228.43,6836.51,0,Balochistan,auto
AUTO-004577,54735.73,9900.54,0,Sindh,auto
AUTO-004578,16594.1,13963.89,0,Sindh,auto
AUTO-004579,33383.21,3208.8,0,GB,auto
AUTO-004580,24458.55,7696.2,0,KPK,auto
AUTO-004581,13463.44,564.76,0,KPK,auto
AUTO-004582,21960.98,9876.04,0,Sindh,auto
AUTO-004583,32597.84,6369.96,0,AJK,auto
AUTO-004584,20047.69,3689.48,0,AJK,auto
AUTO-004585,39996.87,10431.4,0,Punjab,auto
AUTO-004586,36708.28,20705.57,0,Punjab,auto
AUTO-004587,34872.63,5536.88,0,Punjab,auto
AUTO-004588,17503.77,3805.29,0,KPK,auto
AUTO-004589,12836.9,9246.68,0,Sindh,auto
AUTO-004590,16207.12,2783.64,0,GB,auto
AUTO-004591,24297.3,4777.61,0,GB,auto
AUTO-004592,28937.49,21545.49,0,Balochistan,auto
AUTO-004593,7436.94,8516.35,0,Sindh,auto
AUTO-004594,21937.29,1801.59,0,Sindh,auto
AUTO-004595,23838.2,1924.47,0,Punjab,auto
AUTO-004596,19172.42,9224.96,0,Sindh,auto
AUTO-004597,42008.91,16153.83,0,GB,auto
AUTO-004598,27197.76,2221.42,0,Punjab,auto
AUTO-004599,42408.15,11611.72,1,Sindh,auto
AUTO-004600,19771.95,23488.7,0,Balochistan,auto
AUTO-004601,35197.8,36691.02,0,AJK,auto
AUTO-004602,49887.87,10561.58,0,AJK,auto
AUTO-004603,42440.01,12154.35,0,KPK,auto
AUTO-004604,12758.2,1470.64,0,Balochistan,auto
AUTO-004605,19402.59,43468.94,0,GB,auto
AUTO-004606,18535.03,5113.34,0,Sindh,auto
AUTO-004607,28130.99,3839.98,0,Balochistan,auto
AUTO-004608,31044.5,6606.67,0,Sindh,auto
AUTO-004609,14480.43,27155.6,0,Balochistan,auto
AUTO-004610,22786.4,47402.81,0,Balochistan,auto
AUTO-004611,8022.75,8958.22,0,AJK,auto
AUTO-004612,45295.93,18006.13,0,Balochistan,auto
AUTO-004613,17048.42,8388.05,0,KPK,auto
AUTO-004614,22650.38,3532.51,0,Sindh,auto
AUTO-004615,18867.1,26407.28,0,Punjab,auto
AUTO-004616,39066.23,4926.08,0,Balochistan,auto
AUTO-004617,5330.75,27678.87,0,Punjab,auto
AUTO-004618,21844.29,22898.65,0,AJK,auto
AUTO-004619,20891.35,13243.06,0,Punjab,auto
AUTO-004620,17556.54,35002.68,0,KPK,auto
AUTO-004621,52214.38,48333.34,1,KPK,auto
AUTO-004622,14133.95,7043.11,0,AJK,auto
AUTO-004623,32399.49,4242.74,0,GB,auto
AUTO-004624,26321.11,1823.63,0,KPK,auto
AUTO-004625,41388.55,48812.7,0,Sindh,auto
AUTO-004626,15778.53,5700.19,0,GB,auto
AUTO-004627,15268.02,20091.05,0,KPK,auto
AUTO-004628,38102.49,4478.29,1,GB,auto
AUTO-004629,27245.96,27739.5,0,Balochistan,auto
AUTO-004630,10173.4,4628.12,0,KPK,auto
AUTO-004631,16820.4,3123.24,0,GB,auto
AUTO-004632,26720.63,6858.16,0,Sindh,auto
AUTO-004633,33485.98,5295.32,0,AJK,auto
AUTO-004634,15683.82,13056.48,0,KPK,auto
AUTO-004635,5130.06,7776.67,0,Sindh,auto
AUTO-004636,28612.86,13388.64,0,Balochistan,auto
AUTO-004637,11966.18,6420.06,0,Punjab,auto
AUTO-004638,8033.14,4759.58,0,Punjab,auto
AUTO-004639,5344.57,5080.43,0,AJK,auto
AUTO-004640,33090.13,41603.98,0,AJK,auto
AUTO-004641,23489.5,9702.48,0,Punjab,auto
AUTO-004642,19676.33,1657.37,0,Punjab,auto
AUTO-004643,44113.1,5344.55,0,AJK,auto
AUTO-004644,30292.71,8755.99,0,Punjab,auto
AUTO-004645,49421.95,35465.64,0,KPK,auto
AUTO-004646,10977.82,18452.57,1,GB,auto
AUTO-004647,21649.22,3876.26,0,Sindh,auto
AUTO-004648,9814.77,56088.42,0,GB,auto
AUTO-004649,19639.71,7903.58,0,AJK,auto
AUTO-004650,19451.75,21961.89,0,Sindh,auto
AUTO-004651,30130.91,3216.32,0,Balochistan,auto
AUTO-004652,22534.03,1189.72,0,Balochistan,auto
AUTO-004653,30082.64,2626.1,0,KPK,auto
AUTO-004654,31310.85,601.68,0,Balochistan,auto
AUTO-004655,64696.63,43900.08,0,AJK,auto
AUTO-004656,18813.91,9620.26,0,KPK,auto
AUTO-004657,13759.55,3867.2,0,GB,auto
AUTO-004658,24910.43,11638.8,1,KPK,auto
AUTO-004659,14747.96,9428.26,0,AJK,auto
AUTO-004660,46211.33,13316.33,1,Punjab,auto
AUTO-004661,19118.1,21324.78,0,Sindh,auto
AUTO-004662,16600.89,6425.71,1,AJK,auto
AUTO-004663,17402.03,4008.32,0,Punjab,auto
AUTO-004664,31546.21,15712.63,0,Punjab,auto
AUTO-004665,20355.91,15396.05,0,Balochistan,auto
AUTO-004666,15981.17,8783.13,0,GB,auto
AUTO-004667,50649.06,46260.48,0,KPK,auto
AUTO-004668,14355.88,5708.68,0,KPK,auto
AUTO-004669,22421.67,3944.64,0,Balochistan,auto
AUTO-004670,30520.48,11321.66,0,Balochistan,auto
AUTO-004671,9743.27,4722.29,0,KPK,auto
AUTO-004672,28004.77,12045.1,0,AJK,auto
AUTO-004673,12996.64,4161.34,0,AJK,auto
AUTO-004674,33236.08,5882.91,0,AJK,auto
AUTO-004675,13611.56,36778.63,0,AJK,auto
AUTO-004676,31144.24,5857.8,0,Balochistan,auto
AUTO-004677,38288.95,4276.62,1,Sindh,auto
AUTO-004678,33884.68,20672.16,0,Sindh,auto
AUTO-004679,24975.69,3495.27,1,KPK,auto
AUTO-004680,19620.88,4654.76,0,Sindh,auto
AUTO-004681,16511.13,12851.93,0,AJK,auto
AUTO-004682,45959.57,17166.74,0,Balochistan,auto
AUTO-004683,15525.71,21512.32,0,AJK,auto
AUTO-004684,13114.41,4456.96,0,Punjab,auto
AUTO-004685,30720.47,13053.44,0,Balochistan,auto
AUTO-004686,14793.33,5580.95,0,Punjab,auto
AUTO-004687,13697.5,4991.42,0,Punjab,auto
AUTO-004688,10702.13,21217.26,0,KPK,auto
AUTO-004689,17301.44,5220.54,0,Punjab,auto
AUTO-004690,21134.09,10122.98,0,Sindh,auto
AUTO-004691,24873.19,9177.07,0,Sindh,auto
AUTO-004692,35442.01,3440.58,0,Punjab,auto
AUTO-004693,28665.48,17551.14,0,KPK,auto
AUTO-004694,20021.54,12685.62,0,Punjab,auto
AUTO-004695,19948.36,1654.03,1,Balochistan,auto
AUTO-004696,28426.55,10116.64,0,Balochistan,auto
AUTO-004697,41617.88,4366.08,0,Balochistan,auto
AUTO-004698,23462.46,19490.07,0,Balochistan,auto
AUTO-004699,17421.05,2549.57,0,Punjab,auto
AUTO-004700,13407.47,6092.53,0,AJK,auto
AUTO-004701,10693.56,10825.07,0,AJK,auto
AUTO-004702,30734.31,8463.11,0,GB,auto
AUTO-004703,29407.04,14918.64,0,Balochistan,auto
AUTO-004704,29398.0,2404.9,0,GB,auto
AUTO-004705,20654.12,30379.75,0,GB,auto
AUTO-004706,44509.92,12334.01,0,KPK,auto
AUTO-004707,17290.99,24047.22,0,KPK,auto
AUTO-004708,35512.31,16307.69,0,Punjab,auto
AUTO-004709,21603.89,8028.17,0,AJK,auto
AUTO-004710,16249.62,2900.51,0,Punjab,auto
AUTO-004711,29621.78,5162.4,0,Sindh,auto
AUTO-004712,27033.12,28901.55,0,Balochistan,auto
AUTO-004713,26330.58,24547.13,0,Sindh,auto
AUTO-004714,22940.04,4936.05,0,Sindh,auto
AUTO-004715,21613.07,850.1,0,GB,auto
AUTO-004716,72706.49,6835.25,0,KPK,auto
AUTO-004717,39820.15,6437.13,0,AJK,auto
AUTO-004718,31615.84,6635.45,0,GB,auto
AUTO-004719,23292.8,12367.55,0,GB,auto
AUTO-004720,36445.69,16333.44,0,Balochistan,auto
AUTO-004721,28538.16,17894.34,0,Punjab,auto
AUTO-004722,22316.96,11574.59,0,Balochistan,auto
AUTO-004723,18924.6,1918.66,0,Punjab,auto
AUTO-004724,21153.09,6167.45,0,Punjab,auto
AUTO-004725,4513.31,51188.58,0,AJK,auto
AUTO-004726,24472.38,10931.17,0,Sindh,auto
AUTO-004727,17253.36,10875.37,0,Punjab,auto
AUTO-004728,48841.47,10803.1,0,AJK,auto
AUTO-004729,22240.54,11297.13,0,Sindh,auto
AUTO-004730,12155.27,1204.13,0,GB,auto
AUTO-004731,21483.92,6690.08,0,GB,auto
AUTO-004732,13055.17,7861.13,0,Sindh,auto
AUTO-004733,27908.98,22588.5,0,Balochistan,auto
AUTO-004734,25475.53,8418.09,0,Balochistan,auto
AUTO-004735,35557.98,2170.67,0,Balochistan,auto
AUTO-004736,14832.25,11430.85,0,KPK,auto
AUTO-004737,22404.21,4259.64,0,Sindh,auto
AUTO-004738,11131.0,3061.23,0,KPK,auto
AUTO-004739,31280.41,4157.51,0,Balochistan,auto
AUTO-004740,28550.67,12506.49,0,AJK,auto
AUTO-004741,28223.28,22181.39,0,Balochistan,auto
AUTO-004742,22044.3,11924.42,0,Punjab,auto
AUTO-004743,27102.64,13435.0,0,AJK,auto
AUTO-004744,49127.27,11830.5,0,AJK,auto
AUTO-004745,19100.18,8787.29,0,Sindh,auto
AUTO-004746,23607.57,14151.06,0,KPK,auto
AUTO-004747,12796.63,1170.26,0,Punjab,auto
AUTO-004748,14269.36,8856.18,0,AJK,auto
AUTO-004749,23130.48,3512.42,0,KPK,auto
AUTO-004750,38252.6,20543.96,0,KPK,auto
AUTO-004751,19377.34,7203.16,0,Punjab,auto
AUTO-004752,19575.65,8306.21,0,Punjab,auto
AUTO-004753,17971.77,2430.72,0,Balochistan,auto
AUTO-004754,16858.69,18278.21,0,Balochistan,auto
AUTO-004755,25526.84,13384.63,0,AJK,auto
AUTO-004756,10418.84,12651.84,0,AJK,auto
AUTO-004757,41792.4,4228.41,0,AJK,auto
AUTO-004758,15792.48,4363.75,0,Balochistan,auto
AUTO-004759,31601.24,9690.29,0,AJK,auto
AUTO-004760,11672.61,4648.97,0,AJK,auto
AUTO-004761,30773.83,11474.87,0,Balochistan,auto
AUTO-004762,30821.64,1438.38,0,Balochistan,auto
AUTO-004763,26691.52,5486.05,0,AJK,auto
AUTO-004764,13397.0,34111.94,0,AJK,auto
AUTO-004765,24953.62,11517.11,0,KPK,auto
AUTO-004766,12191.23,9259.77,0,Sindh,auto
AUTO-004767,19411.45,39663.29,1,Balochistan,auto
AUTO-004768,36853.52,1250.42,0,Sindh,auto
AUTO-004769,32805.48,4220.68,0,Balochistan,auto
AUTO-004770,22194.32,5878.53,0,GB,auto
AUTO-004771,13529.08,16101.71,0,KPK,auto
AUTO-004772,30418.12,16326.18,0,Sindh,auto
AUTO-004773,22240.95,4052.93,0,KPK,auto
AUTO-004774,6903.9,18004.26,0,Punjab,auto
AUTO-004775,32575.47,5868.46,0,Sindh,auto
AUTO-004776,21761.19,21360.78,0,Sindh,auto
AUTO-004777,40184.06,3547.1,0,GB,auto
AUTO-004778,12738.25,7341.88,0,Sindh,auto
AUTO-004779,4499.17,5474.55,0,Punjab,auto
AUTO-004780,25324.86,18860.49,0,Punjab,auto
AUTO-004781,25483.38,5333.56,0,KPK,auto
AUTO-004782,9458.45,7832.53,0,Punjab,auto
AUTO-004783,13504.12,12154.43,0,Balochistan,auto
AUTO-004784,87343.93,12534.08,0,AJK,auto
AUTO-004785,18905.25,16474.39,0,Sindh,auto
AUTO-004786,31744.65,9594.06,0,KPK,auto
AUTO-004787,15909.47,5798.77,0,KPK,auto
AUTO-004788,7745.35,6125.66,1,KPK,auto
AUTO-004789,20228.97,8271.22,0,KPK,auto
AUTO-004790,19287.21,9893.9,0,Sindh,auto
AUTO-004791,18034.84,7203.07,1,KPK,auto
AUTO-004792,20799.4,8228.53,0,Sindh,auto
AUTO-004793,25137.96,2407.15,0,KPK,auto
AUTO-004794,20433.72,13820.17,0,KPK,auto
AUTO-004795,11707.64,9366.45,0,AJK,auto
AUTO-004796,28087.85,18060.75,0,Balochistan,auto
AUTO-004797,8310.82,8104.12,0,Punjab,auto
AUTO-004798,7901.61,2016.83,0,Punjab,auto
AUTO-004799,31875.41,6082.94,0,Punjab,auto
AUTO-004800,28381.99,6905.38,0,Balochistan,auto
AUTO-004801,21403.34,14681.19,0,Sindh,auto
AUTO-004802,10962.94,1546.55,0,Punjab,auto
AUTO-004803,15460.51,8374.47,0,Punjab,auto
AUTO-004804,19314.79,12221.36,0,Punjab,auto
AUTO-004805,9917.47,4773.38,0,Sindh,auto
AUTO-004806,15221.83,8601.59,0,Balochistan,auto
AUTO-004807,30520.84,4906.77,0,Balochistan,auto
AUTO-004808,44965.58,4520.34,0,GB,auto
AUTO-004809,17859.35,5844.55,0,GB,auto
AUTO-004810,32152.46,4589.13,0,Sindh,auto
AUTO-004811,8458.86,14001.15,0,AJK,auto
AUTO-004812,30629.71,4500.93,0,KPK,auto
AUTO-004813,14735.66,3935.02,0,Sindh,auto
AUTO-004814,25685.27,33334.33,0,KPK,auto
AUTO-004815,19460.14,17476.14,0,Balochistan,auto
AUTO-004816,42625.46,1827.66,0,KPK,auto
AUTO-004817,14225.37,4394.84,0,GB,auto
AUTO-004818,30145.87,9837.63,0,Punjab,auto
AUTO-004819,19153.61,10498.67,0,KPK,auto
AUTO-004820,20350.23,2459.24,0,GB,auto
AUTO-004821,20091.92,20472.8,0,KPK,auto
AUTO-004822,14431.43,15680.6,0,Balochistan,auto
AUTO-004823,21871.74,11914.62,0,AJK,auto
AUTO-004824,21347.2,23989.77,0,KPK,auto
AUTO-004825,24850.18,11635.69,0,Balochistan,auto
AUTO-004826,22977.08,11601.21,0,Punjab,auto
AUTO-004827,32826.69,28173.68,0,KPK,auto
AUTO-004828,34952.82,19554.79,0,KPK,auto
AUTO-004829,13025.81,4133.15,0,Punjab,auto
AUTO-004830,34009.2,13447.6,0,GB,auto
AUTO-004831,12171.25,4762.77,0,GB,auto
AUTO-004832,29552.63,12128.63,0,GB,auto
AUTO-004833,30027.51,11864.32,0,Sindh,auto
AUTO-004834,8470.47,2679.07,0,AJK,auto
AUTO-004835,23074.64,7350.5,0,Punjab,auto
AUTO-004836,17426.58,10018.67,0,GB,auto
AUTO-004837,15072.35,5715.68,0,Punjab,auto
AUTO-004838,43279.15,10422.98,0,Punjab,auto
AUTO-004839,15885.47,15440.02,0,Sindh,auto
AUTO-004840,14717.78,7907.17,0,Punjab,auto
AUTO-004841,22876.09,9698.04,0,Sindh,auto
AUTO-004842,31032.64,24507.62,0,AJK,auto
AUTO-004843,20520.42,11831.93,0,Sindh,auto
AUTO-004844,39465.62,9515.33,0,AJK,auto
AUTO-004845,28723.99,3765.13,0,AJK,auto
AUTO-004846,7412.29,13860.81,0,AJK,auto
AUTO-004847,16903.34,10552.52,0,Balochistan,auto
AUTO-004848,16631.92,22629.09,0,AJK,auto
AUTO-004849,27992.18,8412.74,0,Sindh,auto
AUTO-004850,5928.89,1895.02,0,Balochistan,auto
AUTO-004851,78787.12,2079.54,0,Punjab,auto
AUTO-004852,28724.71,14596.61,0,Punjab,auto
AUTO-004853,23728.65,5135.05,0,KPK,auto
AUTO-004854,39766.65,11492.09,0,AJK,auto
AUTO-004855,71098.89,8878.48,0,KPK,auto
AUTO-004856,34042.78,7090.62,0,AJK,auto
AUTO-004857,35397.86,7501.9,0,AJK,auto
AUTO-004858,23513.85,4054.93,0,GB,auto
AUTO-004859,20521.68,8001.45,0,Sindh,auto
AUTO-004860,17363.1,5076.64,0,Sindh,auto
AUTO-004861,14573.27,6016.1,0,Punjab,auto
AUTO-004862,15622.9,6254.65,0,Balochistan,auto
AUTO-004863,11211.8,6759.1,0,Punjab,auto
AUTO-004864,21206.53,16945.18,0,AJK,auto
AUTO-004865,9486.89,7303.93,0,GB,auto
AUTO-004866,24232.7,18378.96,1,Balochistan,auto
AUTO-004867,21629.96,27730.38,0,KPK,auto
AUTO-004868,23705.63,16057.89,0,AJK,auto
AUTO-004869,16965.45,12426.35,1,Sindh,auto
AUTO-004870,102583.27,10524.55,0,Punjab,auto
AUTO-004871,43480.07,16192.23,0,Punjab,auto
AUTO-004872,11822.13,8703.57,0,KPK,auto
AUTO-004873,24746.37,17812.5,0,Punjab,auto
AUTO-004874,16252.42,13243.8,0,Punjab,auto
AUTO-004875,13263.35,6076.16,0,Balochistan,auto
AUTO-004876,11270.73,16592.08,0,AJK,auto
AUTO-004877,27340.06,8718.34,0,Balochistan,auto
AUTO-004878,15666.97,7443.48,0,Balochistan,auto
AUTO-004879,35735.97,5536.07,0,Punjab,auto
AUTO-004880,36202.78,9254.04,0,AJK,auto
AUTO-004881,43781.09,17982.78,0,Punjab,auto
AUTO-004882,14383.06,16500.6,0,GB,auto
AUTO-004883,27936.32,10750.58,0,GB,auto
AUTO-004884,30219.03,13091.45,0,Punjab,auto
AUTO-004885,17377.14,22412.13,1,Balochistan,auto
AUTO-004886,14974.65,7186.98,0,GB,auto
AUTO-004887,49254.71,3319.81,0,Sindh,auto
AUTO-004888,24679.99,22946.11,0,GB,auto
AUTO-004889,30272.16,5303.79,0,Sindh,auto
AUTO-004890,14602.7,4664.47,0,Balochistan,auto
AUTO-004891,11972.38,1925.69,0,Balochistan,auto
AUTO-004892,16568.77,12797.77,0,Punjab,auto
AUTO-004893,20702.08,2214.62,0,AJK,auto
AUTO-004894,12937.56,4446.15,0,GB,auto
AUTO-004895,21918.31,12972.53,0,Punjab,auto
AUTO-004896,9468.7,14436.82,0,Punjab,auto
AUTO-004897,12581.42,4810.89,0,KPK,auto
AUTO-004898,30805.72,7278.48,0,Punjab,auto
AUTO-004899,29789.02,4031.62,0,AJK,auto
AUTO-004900,18107.14,5225.38,0,Punjab,auto
AUTO-004901,13241.59,10026.35,1,Balochistan,auto
AUTO-004902,13177.92,5424.51,0,AJK,auto
AUTO-004903,18276.4,6665.02,0,GB,auto
AUTO-004904,30401.87,2510.49,0,Balochistan,auto
AUTO-004905,35035.7,20057.63,0,KPK,auto
AUTO-004906,17184.0,12186.12,0,KPK,auto
AUTO-004907,12372.78,15280.37,0,AJK,auto
AUTO-004908,25182.93,22750.45,0,GB,auto
AUTO-004909,14592.06,4187.38,0,Sindh,auto
AUTO-004910,16998.39,6083.19,0,Sindh,auto
AUTO-004911,42729.21,1779.58,0,AJK,auto
AUTO-004912,33308.16,99941.3,0,AJK,auto
AUTO-004913,23836.83,7189.18,0,Balochistan,auto
AUTO-004914,11661.41,18601.22,0,KPK,auto
AUTO-004915,24482.12,3009.33,0,AJK,auto
AUTO-004916,37471.23,17981.72,0,Punjab,auto
AUTO-004917,18254.8,35813.23,0,Balochistan,auto
AUTO-004918,43284.81,7721.59,0,KPK,auto
AUTO-004919,42039.82,3609.39,0,Balochistan,auto
AUTO-004920,50608.07,7251.49,0,KPK,auto
AUTO-004921,25658.28,1364.56,1,Punjab,auto
AUTO-004922,29545.77,7861.17,0,KPK,auto
AUTO-004923,44671.62,15627.29,0,Balochistan,auto
AUTO-004924,27548.32,7874.57,0,KPK,auto
AUTO-004925,17143.65,6455.5,0,Balochistan,auto
AUTO-004926,17601.31,12357.95,0,AJK,auto
AUTO-004927,24816.83,13137.42,0,Punjab,auto
AUTO-004928,11553.22,2147.53,0,Balochistan,auto
AUTO-004929,20503.9,8699.83,0,Sindh,auto
AUTO-004930,38111.58,56885.06,0,Sindh,auto
AUTO-004931,7364.11,2784.96,0,GB,auto
AUTO-004932,47440.95,7567.85,0,GB,auto
AUTO-004933,38606.93,38307.34,1,KPK,auto
AUTO-004934,17502.83,19601.08,0,AJK,auto
AUTO-004935,28902.85,5373.76,0,AJK,auto
AUTO-004936,22061.16,9555.85,0,Sindh,auto
AUTO-004937,40741.2,8089.41,0,KPK,auto
AUTO-004938,36002.42,4453.93,0,AJK,auto
AUTO-004939,10937.63,7635.76,0,AJK,auto
AUTO-004940,29543.86,6477.09,0,KPK,auto
AUTO-004941,19874.37,8867.95,0,Balochistan,auto
AUTO-004942,22957.87,4452.82,0,Sindh,auto
AUTO-004943,15304.68,2918.15,0,GB,auto
AUTO-004944,52789.55,7839.85,0,AJK,auto
AUTO-004945,37050.27,31955.34,0,Balochistan,auto
AUTO-004946,15216.18,8653.87,0,Balochistan,auto
AUTO-004947,11301.54,6215.02,0,Balochistan,auto
AUTO-004948,18163.4,14813.12,0,Balochistan,auto
AUTO-004949,27371.33,7139.12,0,Punjab,auto
AUTO-004950,24837.33,36113.66,0,Punjab,auto
AUTO-004951,41215.37,8077.76,0,GB,auto
AUTO-004952,32694.43,14191.49,0,KPK,auto
AUTO-004953,35767.13,4430.72,1,Sindh,auto
AUTO-004954,25937.05,12118.29,0,KPK,auto
AUTO-004955,10996.7,10097.82,0,Punjab,auto
AUTO-004956,19973.28,7744.94,0,KPK,auto
AUTO-004957,37423.15,5424.03,0,KPK,auto
AUTO-004958,21466.28,4863.8,0,Balochistan,auto
AUTO-004959,28326.28,10156.63,0,AJK,auto
AUTO-004960,18781.47,13401.89,0,Punjab,auto
AUTO-004961,13162.06,7319.3,0,Punjab,auto
AUTO-004962,20709.09,10196.65,0,KPK,auto
AUTO-004963,25707.13,7860.99,0,AJK,auto
AUTO-004964,15869.53,8767.62,0,KPK,auto
AUTO-004965,19577.66,6902.53,0,Sindh,auto
AUTO-004966,13770.29,8220.43,0,Punjab,auto
AUTO-004967,38546.57,70152.9,0,Balochistan,auto
AUTO-004968,19010.98,10397.36,0,Balochistan,auto
AUTO-004969,45541.43,13578.43,0,Balochistan,auto
AUTO-004970,47305.13,11503.64,0,GB,auto
AUTO-004971,21151.73,6566.57,0,GB,auto
AUTO-004972,13303.41,22815.41,0,Punjab,auto
AUTO-004973,7762.43,6419.33,0,Punjab,auto
AUTO-004974,10551.06,18845.77,0,Balochistan,auto
AUTO-004975,11082.06,6202.05,0,Punjab,auto
AUTO-004976,43880.92,3759.43,0,Balochistan,auto
AUTO-004977,23339.73,10854.3,0,Sindh,auto
AUTO-004978,26763.71,3348.49,0,Sindh,auto
AUTO-004979,7257.49,12438.01,0,Sindh,auto
AUTO-004980,12100.68,3117.15,0,KPK,auto
AUTO-004981,34321.93,6277.92,1,KPK,auto
AUTO-004982,25422.43,2577.61,0,AJK,auto
AUTO-004983,20463.49,77600.85,0,AJK,auto
AUTO-004984,29214.52,2157.77,0,AJK,auto
AUTO-004985,49906.12,8166.95,0,Sindh,auto
AUTO-004986,19721.78,20224.37,0,Sindh,auto
AUTO-004987,22803.86,18566.4,0,Sindh,auto
AUTO-004988,24253.07,16011.68,0,Punjab,auto
AUTO-004989,72842.5,6286.86,0,Punjab,auto
AUTO-004990,7710.37,23881.78,0,Sindh,auto
AUTO-004991,30995.94,16826.54,0,Balochistan,auto
AUTO-004992,20797.72,9603.09,0,AJK,auto
AUTO-004993,29242.72,9822.83,0,KPK,auto
AUTO-004994,15856.17,6354.14,0,AJK,auto
AUTO-004995,21493.75,3913.86,0,Balochistan,auto
AUTO-004996,31435.88,21801.21,0,GB,auto
AUTO-004997,104449.09,23150.38,0,Punjab,auto
AUTO-004998,32991.92,3994.66,0,Sindh,auto
AUTO-004999,14414.17,7165.06,0,Punjab,auto
AUTO-005000,17820.77,7224.7,0,Punjab,auto
AUTO-005001,17558.49,7894.13,0,Balochistan,auto
AUTO-005002,8974.82,8530.78,0,Punjab,auto
AUTO-005003,18675.26,17283.18,0,Punjab,auto
AUTO-005004,31774.35,4456.98,0,AJK,auto
AUTO-005005,11647.93,4117.17,0,AJK,auto
AUTO-005006,37206.6,21791.95,0,GB,auto
AUTO-005007,28110.19,5596.43,0,Balochistan,auto
AUTO-005008,15258.37,2950.03,0,Sindh,auto
AUTO-005009,20521.64,5496.66,1,AJK,auto
AUTO-005010,48979.69,6222.69,0,GB,auto
AUTO-005011,31785.77,28112.52,0,Punjab,auto
AUTO-005012,22123.41,16981.18,0,GB,auto
AUTO-005013,19558.36,20292.7,0,GB,auto
AUTO-005014,22886.55,15614.87,0,KPK,auto
AUTO-005015,17053.63,17274.64,0,AJK,auto
AUTO-005016,7689.61,4672.9,0,GB,auto
AUTO-005017,61150.23,6912.72,0,GB,auto
AUTO-005018,23805.28,3670.44,0,KPK,auto
AUTO-005019,26878.28,6847.3,0,Sindh,auto
AUTO-005020,21397.86,14006.6,0,Punjab,auto
AUTO-005021,15251.63,9024.21,0,AJK,auto
AUTO-005022,20071.13,23136.91,0,Sindh,auto
AUTO-005023,9900.12,3251.49,0,Balochistan,auto
AUTO-005024,68771.4,12090.69,0,Sindh,auto
AUTO-005025,11881.57,2985.01,0,Balochistan,auto
AUTO-005026,13147.89,8737.17,0,Balochistan,auto
AUTO-005027,17674.36,14651.04,0,AJK,auto
AUTO-005028,41941.78,6825.34,0,KPK,auto
AUTO-005029,22186.84,12593.06,0,Balochistan,auto
AUTO-005030,11871.93,3760.15,0,Punjab,auto
AUTO-005031,41240.22,2141.04,0,AJK,auto
AUTO-005032,31745.31,12652.67,0,GB,auto
AUTO-005033,28831.32,32702.55,0,GB,auto
AUTO-005034,31503.92,3652.49,0,Balochistan,auto
AUTO-005035,72924.57,21541.9,0,AJK,auto
AUTO-005036,65679.85,8389.52,0,Punjab,auto
AUTO-005037,15625.23,2783.45,0,AJK,auto
AUTO-005038,49609.74,3277.37,0,AJK,auto
AUTO-005039,26677.72,8206.06,0,GB,auto
AUTO-005040,28269.76,5863.08,0,Balochistan,auto
AUTO-005041,9450.89,2834.64,0,Sindh,auto
AUTO-005042,20227.68,2089.68,0,AJK,auto
AUTO-005043,14670.42,4115.95,0,Balochistan,auto
AUTO-005044,33323.88,9462.08,0,GB,auto
AUTO-005045,37629.37,8061.7,0,Punjab,auto
AUTO-005046,7806.85,5426.28,0,Punjab,auto
AUTO-005047,21785.12,9523.42,0,Sindh,auto
AUTO-005048,38597.04,18620.56,0,Punjab,auto
AUTO-005049,20063.56,11106.67,0,Balochistan,auto
AUTO-005050,31714.58,7353.66,0,Sindh,auto
AUTO-005051,26254.24,17025.33,0,GB,auto
AUTO-005052,26129.76,3759.8,1,Balochistan,auto
AUTO-005053,19232.22,6768.7,0,GB,auto
AUTO-005054,11988.58,6898.99,0,GB,auto
AUTO-005055,12572.09,3012.23,0,Sindh,auto
AUTO-005056,31403.55,5791.23,0,Sindh,auto
AUTO-005057,22241.81,1540.76,0,Balochistan,auto
AUTO-005058,20552.62,37411.84,0,Sindh,auto
AUTO-005059,17819.61,3827.89,0,Balochistan,auto
AUTO-005060,18909.23,28821.91,0,Punjab,auto
AUTO-005061,37177.38,8353.76,0,Punjab,auto
AUTO-005062,18627.2,12732.22,0,AJK,auto
AUTO-005063,11265.13,5480.55,0,KPK,auto
AUTO-005064,31946.75,9569.57,0,KPK,auto
AUTO-005065,19881.83,13634.95,0,Punjab,auto
AUTO-005066,22374.96,13789.21,0,AJK,auto
AUTO-005067,49206.9,15060.32,0,KPK,auto
AUTO-005068,21801.19,6035.02,0,Balochistan,auto
AUTO-005069,25453.07,5517.68,0,Balochistan,auto
AUTO-005070,12216.44,2263.48,0,Sindh,auto
AUTO-005071,19735.32,12315.02,1,KPK,auto
AUTO-005072,29874.57,19262.26,0,GB,auto
AUTO-005073,10120.45,29518.88,0,Balochistan,auto
AUTO-005074,24353.3,10343.75,0,KPK,auto
AUTO-005075,23164.95,4388.82,0,Sindh,auto
AUTO-005076,22485.9,2084.58,0,Punjab,auto
AUTO-005077,36996.53,18645.0,0,AJK,auto
AUTO-005078,26035.58,1925.57,0,GB,auto
AUTO-005079,46121.57,6170.39,1,Sindh,auto
AUTO-005080,13402.62,6772.02,0,Sindh,auto
AUTO-005081,23575.48,7665.12,0,Sindh,auto
AUTO-005082,22976.64,8338.53,0,AJK,auto
AUTO-005083,12905.03,9049.98,0,Balochistan,auto
AUTO-005084,35530.53,1173.46,0,KPK,auto
AUTO-005085,70427.33,8198.65,0,Punjab,auto
AUTO-005086,21839.97,1361.5,0,Punjab,auto
AUTO-005087,28353.64,14556.23,0,GB,auto
AUTO-005088,22977.24,5197.33,0,AJK,auto
AUTO-005089,15416.72,1442.84,0,Punjab,auto
AUTO-005090,8862.82,4224.42,0,GB,auto
AUTO-005091,15477.05,5135.54,0,GB,auto
AUTO-005092,10982.09,21005.92,0,AJK,auto
AUTO-005093,51639.96,9483.51,0,AJK,auto
AUTO-005094,20794.53,10673.89,0,KPK,auto
AUTO-005095,18528.04,20847.25,0,KPK,auto
AUTO-005096,34357.54,7503.2,0,AJK,auto
AUTO-005097,12570.71,14814.33,0,KPK,auto
AUTO-005098,15011.44,14003.87,0,Balochistan,auto
AUTO-005099,22789.07,2895.24,0,Sindh,auto
AUTO-005100,36841.66,26327.96,0,Punjab,auto
AUTO-005101,28306.38,2601.28,0,Punjab,auto
AUTO-005102,24938.36,16880.14,1,Punjab,auto
AUTO-005103,22903.82,2407.49,0,Punjab,auto
AUTO-005104,26906.36,13108.15,0,Balochistan,auto
AUTO-005105,24363.14,35937.33,0,Balochistan,auto
AUTO-005106,13161.01,6833.67,0,Sindh,auto
AUTO-005107,22539.84,6600.6,0,AJK,auto
AUTO-005108,12876.45,13205.02,0,KPK,auto
AUTO-005109,22937.8,6225.96,0,Sindh,auto
AUTO-005110,17321.02,34704.44,0,Punjab,auto
AUTO-005111,78408.75,9449.85,0,KPK,auto
AUTO-005112,21591.45,6272.09,0,Sindh,auto
AUTO-005113,10914.86,5259.4,0,Punjab,auto
AUTO-005114,20597.19,3841.59,0,Sindh,auto
AUTO-005115,28557.63,4903.95,0,Punjab,auto
AUTO-005116,50852.37,6120.88,0,GB,auto
AUTO-005117,16403.89,5485.64,0,Punjab,auto
AUTO-005118,9984.47,4786.05,0,GB,auto
AUTO-005119,33137.42,43437.26,0,Balochistan,auto
AUTO-005120,11044.64,3554.34,0,Punjab,auto
AUTO-005121,17710.66,9111.62,0,Sindh,auto
AUTO-005122,19364.36,13017.07,0,KPK,auto
AUTO-005123,21272.77,13414.43,0,Balochistan,auto
AUTO-005124,31088.16,7731.93,0,GB,auto
AUTO-005125,15649.32,6683.77,0,KPK,auto
AUTO-005126,19209.02,11628.78,1,GB,auto
AUTO-005127,21869.86,10028.81,0,AJK,auto
AUTO-005128,23737.21,6586.87,0,KPK,auto
AUTO-005129,23130.64,2322.73,1,AJK,auto
AUTO-005130,27391.91,5572.85,0,AJK,auto
AUTO-005131,33587.85,3238.16,0,Balochistan,auto
AUTO-005132,26804.29,4751.77,0,KPK,auto
AUTO-005133,27633.74,8321.34,0,GB,auto
AUTO-005134,9985.49,10796.63,0,Punjab,auto
AUTO-005135,22586.64,33669.99,0,Balochistan,auto
AUTO-005136,27994.23,5271.52,0,Balochistan,auto
AUTO-005137,31712.64,15058.54,0,Punjab,auto
AUTO-005138,15581.27,10350.27,0,KPK,auto
AUTO-005139,15842.96,22852.1,0,GB,auto
AUTO-005140,16530.29,12848.51,0,Balochistan,auto
AUTO-005141,28802.2,3616.33,0,AJK,auto
AUTO-005142,36935.95,2041.75,0,Punjab,auto
AUTO-005143,17966.6,10394.26,0,GB,auto
AUTO-005144,34682.18,5309.43,0,Sindh,auto
AUTO-005145,23429.24,3698.75,0,Balochistan,auto
AUTO-005146,20699.34,2939.33,0,GB,auto
AUTO-005147,19817.25,9216.77,0,AJK,auto
AUTO-005148,31994.06,27069.59,0,KPK,auto
AUTO-005149,25920.49,5843.37,0,KPK,auto
AUTO-005150,68728.05,12993.65,0,Punjab,auto
AUTO-005151,14384.23,7466.54,0,AJK,auto
AUTO-005152,28539.68,2888.5,0,Punjab,auto
AUTO-005153,16905.59,14586.46,0,Balochistan,auto
AUTO-005154,14262.04,3375.32,0,Punjab,auto
AUTO-005155,21907.11,8244.5,0,Sindh,auto
AUTO-005156,23592.31,6165.86,0,Punjab,auto
AUTO-005157,94758.5,16555.31,0,Punjab,auto
AUTO-005158,20088.99,3475.45,0,Balochistan,auto
AUTO-005159,12517.85,11077.77,0,AJK,auto
AUTO-005160,25248.08,4138.8,1,GB,auto
AUTO-005161,7806.25,5383.62,0,GB,auto
AUTO-005162,21036.65,442.23,0,Sindh,auto
AUTO-005163,22203.66,43203.59,0,Punjab,auto
AUTO-005164,32771.03,12587.32,0,Balochistan,auto
AUTO-005165,35839.69,4385.78,0,Balochistan,auto
AUTO-005166,17123.64,3295.38,0,GB,auto
AUTO-005167,20428.64,5450.6,0,Balochistan,auto
AUTO-005168,15017.02,14378.71,0,AJK,auto
AUTO-005169,12531.1,1783.5,0,Punjab,auto
AUTO-005170,25718.03,7235.34,0,KPK,auto
AUTO-005171,11651.7,33406.76,0,GB,auto
AUTO-005172,17902.34,3270.97,0,GB,auto
AUTO-005173,13392.0,8641.3,0,Sindh,auto
AUTO-005174,28993.92,47223.54,0,KPK,auto
AUTO-005175,54215.12,13436.38,0,AJK,auto
AUTO-005176,11489.7,8961.91,0,GB,auto
AUTO-005177,8721.01,12152.73,1,Punjab,auto
AUTO-005178,20693.12,5879.97,0,KPK,auto
AUTO-005179,22200.03,22918.62,0,KPK,auto
AUTO-005180,24571.18,5887.2,0,GB,auto
AUTO-005181,17620.88,1690.29,0,KPK,auto
AUTO-005182,19924.0,5925.13,0,Sindh,auto
AUTO-005183,26469.68,3739.15,0,Punjab,auto
AUTO-005184,37057.11,6470.73,0,Balochistan,auto
AUTO-005185,8287.27,6586.21,0,Punjab,auto
AUTO-005186,18316.0,21119.21,0,GB,auto
AUTO-005187,24511.66,14132.53,0,KPK,auto
AUTO-005188,13919.03,10002.72,0,Punjab,auto
AUTO-005189,52343.59,8084.01,0,Balochistan,auto
AUTO-005190,16031.25,3473.48,0,Sindh,auto
AUTO-005191,21576.36,1415.25,0,Punjab,auto
AUTO-005192,29085.97,8870.87,1,Punjab,auto
AUTO-005193,16388.87,15301.6,0,Sindh,auto
AUTO-005194,8749.16,7430.38,0,Sindh,auto
AUTO-005195,17777.21,5282.3,0,GB,auto
AUTO-005196,36854.03,11749.92,0,KPK,auto
AUTO-005197,18611.83,7580.5,0,KPK,auto
AUTO-005198,14425.93,31213.17,0,GB,auto
AUTO-005199,34990.65,21724.21,0,Sindh,auto
AUTO-005200,18668.87,17458.93,0,Balochistan,auto
AUTO-005201,17067.3,14856.42,0,KPK,auto
AUTO-005202,23735.52,2886.69,0,Balochistan,auto
AUTO-005203,32382.55,13772.03,0,Sindh,auto
AUTO-005204,72464.84,10949.63,0,Punjab,auto
AUTO-005205,33310.17,13162.67,0,GB,auto
AUTO-005206,39336.97,12017.12,0,Sindh,auto
AUTO-005207,17103.13,11640.09,0,Sindh,auto
AUTO-005208,13188.04,70311.68,0,AJK,auto
AUTO-005209,22723.74,7623.96,1,Sindh,auto
AUTO-005210,23238.95,17138.28,0,KPK,auto
AUTO-005211,12845.43,5559.19,0,Punjab,auto
AUTO-005212,20178.09,15252.72,0,Balochistan,auto
AUTO-005213,26894.01,17179.22,0,AJK,auto
AUTO-005214,26375.65,10845.88,0,GB,auto
AUTO-005215,28343.24,30803.93,0,KPK,auto
AUTO-005216,25475.75,3994.12,0,Punjab,auto
AUTO-005217,17094.22,5487.47,0,Balochistan,auto
AUTO-005218,17035.41,9603.7,0,Punjab,auto
AUTO-005219,12094.72,16393.59,0,KPK,auto
AUTO-005220,53765.51,9353.85,0,GB,auto
AUTO-005221,22175.1,22665.68,0,GB,auto
AUTO-005222,19684.24,4772.61,0,Punjab,auto
AUTO-005223,13843.96,3253.66,0,Sindh,auto
AUTO-005224,95590.52,10368.24,0,Punjab,auto
AUTO-005225,12878.78,7617.9,0,Sindh,auto
AUTO-005226,17775.49,12510.09,0,GB,auto
AUTO-005227,27117.06,7927.38,0,KPK,auto
AUTO-005228,29735.79,6173.27,0,AJK,auto
AUTO-005229,35559.62,7631.58,0,Sindh,auto
AUTO-005230,54382.86,8292.27,0,GB,auto
AUTO-005231,28369.75,6348.76,0,Punjab,auto
AUTO-005232,12990.64,6887.71,0,GB,auto
AUTO-005233,19370.9,5867.16,0,Punjab,auto
AUTO-005234,25691.52,16080.01,0,Punjab,auto
AUTO-005235,61951.87,9463.68,0,GB,auto
AUTO-005236,10950.03,49286.33,0,KPK,auto
AUTO-005237,40186.57,9214.78,0,Balochistan,auto
AUTO-005238,24099.76,5215.1,0,Punjab,auto
AUTO-005239,33487.09,68633.79,0,Punjab,auto
AUTO-005240,20931.34,11281.29,1,Sindh,auto
AUTO-005241,14454.83,17891.84,0,AJK,auto
AUTO-005242,32062.31,13012.72,0,GB,auto
AUTO-005243,30552.92,13338.49,0,Punjab,auto
AUTO-005244,35811.65,12438.15,0,KPK,auto
AUTO-005245,21880.43,3355.42,0,Balochistan,auto
AUTO-005246,16319.06,10872.84,0,Balochistan,auto
AUTO-005247,10103.19,2807.67,0,Balochistan,auto
AUTO-005248,33179.47,7048.07,0,KPK,auto
AUTO-005249,27226.46,4534.66,0,Balochistan,auto
AUTO-005250,13590.26,10785.7,0,GB,auto
AUTO-005251,16826.55,10586.14,0,Balochistan,auto
AUTO-005252,17441.72,11907.42,0,Sindh,auto
AUTO-005253,10493.46,10196.88,0,Balochistan,auto
AUTO-005254,14634.82,4986.75,0,Sindh,auto
AUTO-005255,12495.01,6576.1,0,Sindh,auto
AUTO-005256,17921.57,16921.1,0,Sindh,auto
AUTO-005257,15224.35,19039.77,0,KPK,auto
AUTO-005258,9764.39,3237.55,0,Punjab,auto
AUTO-005259,60554.26,2380.96,0,AJK,auto
AUTO-005260,41203.17,4530.05,0,GB,auto
AUTO-005261,14920.48,18697.89,0,GB,auto
AUTO-005262,25240.64,21416.29,0,Balochistan,auto
AUTO-005263,27139.15,3866.99,0,AJK,auto
AUTO-005264,39956.35,10361.45,0,Punjab,auto
AUTO-005265,14628.07,35155.81,0,Sindh,auto
AUTO-005266,38027.06,11296.51,1,Sindh,auto
AUTO-005267,16748.22,25265.69,0,Sindh,auto
AUTO-005268,11294.47,18015.38,0,Sindh,auto
AUTO-005269,31636.55,3912.14,0,Balochistan,auto
AUTO-005270,41998.08,6960.56,0,Punjab,auto
AUTO-005271,80334.5,8331.54,0,Punjab,auto
AUTO-005272,12090.04,8807.04,0,Punjab,auto
AUTO-005273,31240.16,16866.14,0,AJK,auto
AUTO-005274,17945.58,11236.78,0,GB,auto
AUTO-005275,32587.35,773.59,0,Sindh,auto
AUTO-005276,10559.23,2834.8,0,KPK,auto
AUTO-005277,11714.88,1408.24,0,GB,auto
AUTO-005278,14943.96,9323.49,0,Punjab,auto
AUTO-005279,22913.51,9822.1,0,AJK,auto
AUTO-005280,15985.85,10163.72,0,Balochistan,auto
AUTO-005281,30623.63,3762.57,0,Sindh,auto
AUTO-005282,36807.15,13895.43,0,AJK,auto
AUTO-005283,29726.34,14371.61,0,GB,auto
AUTO-005284,49483.46,2968.7,0,KPK,auto
AUTO-005285,27116.92,2507.82,0,KPK,auto
AUTO-005286,11986.68,8102.23,0,Balochistan,auto
AUTO-005287,43551.01,33976.55,0,Punjab,auto
AUTO-005288,16275.59,31564.68,0,Punjab,auto
AUTO-005289,34724.79,12717.36,0,AJK,auto
AUTO-005290,48381.23,4518.8,0,GB,auto
AUTO-005291,27676.64,16472.94,0,AJK,auto
AUTO-005292,10424.57,5642.38,0,GB,auto
AUTO-005293,13917.38,4385.22,0,Punjab,auto
AUTO-005294,42675.16,1458.01,0,Punjab,auto
AUTO-005295,20240.46,8794.71,0,AJK,auto
AUTO-005296,22920.5,4895.67,0,Sindh,auto
AUTO-005297,32190.03,8752.93,0,GB,auto
AUTO-005298,31199.63,1287.57,0,GB,auto
AUTO-005299,25321.27,9282.27,0,KPK,auto
AUTO-005300,19844.18,1158.76,0,KPK,auto
AUTO-005301,18838.65,19348.15,0,Balochistan,auto
AUTO-005302,33824.8,12301.95,1,KPK,auto
AUTO-005303,29050.32,6483.84,0,GB,auto
AUTO-005304,19367.47,12710.4,0,AJK,auto
AUTO-005305,37837.51,3705.38,0,Sindh,auto
AUTO-005306,20650.25,8586.1,0,AJK,auto
AUTO-005307,14388.27,15303.23,0,Punjab,auto
AUTO-005308,15070.8,681.69,1,GB,auto
AUTO-005309,13502.49,5665.9,0,Punjab,auto
AUTO-005310,19221.7,7957.62,0,GB,auto
AUTO-005311,40817.33,6925.5,1,KPK,auto
AUTO-005312,14727.21,25995.57,0,Sindh,auto
AUTO-005313,24203.15,3297.37,0,GB,auto
AUTO-005314,15861.58,4929.89,0,Balochistan,auto
AUTO-005315,19338.35,1749.88,0,AJK,auto
AUTO-005316,10352.46,27125.49,0,Balochistan,auto
AUTO-005317,19726.75,6653.96,0,Balochistan,auto
AUTO-005318,19993.2,5706.0,0,Balochistan,auto
AUTO-005319,28858.04,7769.91,0,Balochistan,auto
AUTO-005320,24628.03,13480.35,0,AJK,auto
AUTO-005321,12098.1,10698.84,0,Punjab,auto
AUTO-005322,37876.99,67393.74,0,AJK,auto
AUTO-005323,24468.74,11651.02,0,Punjab,auto
AUTO-005324,24323.46,5584.8,0,Punjab,auto
AUTO-005325,21925.57,5171.48,0,AJK,auto
AUTO-005326,17002.6,5918.23,0,AJK,auto
AUTO-005327,24560.66,2437.02,1,AJK,auto
AUTO-005328,27939.43,8365.67,0,GB,auto
AUTO-005329,9196.26,15165.44,0,Punjab,auto
AUTO-005330,16824.97,4960.73,1,AJK,auto
AUTO-005331,19390.27,4247.54,0,Sindh,auto
AUTO-005332,25036.38,27248.56,0,KPK,auto
AUTO-005333,40000.83,2588.45,0,KPK,auto
AUTO-005334,14974.88,1549.59,0,Sindh,auto
AUTO-005335,17171.72,3221.75,0,KPK,auto
AUTO-005336,17047.06,2362.92,1,Punjab,auto
AUTO-005337,14753.51,11036.69,0,AJK,auto
AUTO-005338,18516.3,6071.96,0,AJK,auto
AUTO-005339,32383.4,6797.09,0,GB,auto
AUTO-005340,13004.91,20380.78,0,AJK,auto
AUTO-005341,27279.95,4660.75,0,Sindh,auto
AUTO-005342,9405.49,15064.13,0,Sindh,auto
AUTO-005343,16636.11,27147.99,0,Punjab,auto
AUTO-005344,18680.87,5627.78,1,Sindh,auto
AUTO-005345,50890.41,14612.29,0,GB,auto
AUTO-005346,19198.72,6677.81,0,AJK,auto
AUTO-005347,7327.42,16971.29,0,GB,auto
AUTO-005348,8107.59,2304.94,0,Punjab,auto
AUTO-005349,22404.45,2172.41,0,Punjab,auto
AUTO-005350,29938.05,5925.3,0,AJK,auto
AUTO-005351,26575.05,3979.3,0,Balochistan,auto
AUTO-005352,23951.47,5359.54,0,AJK,auto
AUTO-005353,39384.59,6797.97,0,Punjab,auto
AUTO-005354,16817.99,14414.8,0,Balochistan,auto
AUTO-005355,34456.58,5848.1,0,AJK,auto
AUTO-005356,9739.96,4191.91,0,AJK,auto
AUTO-005357,14009.99,6116.77,0,Balochistan,auto
AUTO-005358,8923.82,4379.47,0,Balochistan,auto
AUTO-005359,19198.31,3838.34,0,KPK,auto
AUTO-005360,21522.83,2229.62,0,GB,auto
AUTO-005361,23319.63,8566.23,0,Balochistan,auto
AUTO-005362,22718.66,5141.17,0,Sindh,auto
AUTO-005363,13852.53,17553.75,0,Balochistan,auto
AUTO-005364,20027.86,2545.5,0,Punjab,auto
AUTO-005365,10417.86,5251.84,0,Balochistan,auto
AUTO-005366,43547.8,34555.63,0,AJK,auto
AUTO-005367,18924.01,3821.17,0,Sindh,auto
AUTO-005368,17249.82,6706.1,0,Balochistan,auto
AUTO-005369,48750.47,3063.54,0,Sindh,auto
AUTO-005370,11835.71,2755.23,0,GB,auto
AUTO-005371,12546.62,27940.95,0,KPK,auto
AUTO-005372,12732.2,9291.28,0,Sindh,auto
AUTO-005373,21291.52,9017.69,0,AJK,auto
AUTO-005374,27332.06,2085.88,0,KPK,auto
AUTO-005375,31883.3,10796.67,0,Balochistan,auto
AUTO-005376,79697.83,20454.08,0,GB,auto
AUTO-005377,7152.98,20324.49,0,GB,auto
AUTO-005378,29862.77,13830.98,0,GB,auto
AUTO-005379,16671.15,3282.67,0,Sindh,auto
AUTO-005380,16428.82,10409.76,0,KPK,auto
AUTO-005381,16157.09,13822.71,0,Balochistan,auto
AUTO-005382,13983.25,1928.4,0,GB,auto
AUTO-005383,51136.94,3304.29,1,GB,auto
AUTO-005384,33561.96,16490.27,0,GB,auto
AUTO-005385,22283.42,16331.26,0,GB,auto
AUTO-005386,43282.68,2347.56,1,Balochistan,auto
AUTO-005387,10339.59,15306.26,0,Sindh,auto
AUTO-005388,11323.64,8745.05,0,GB,auto
AUTO-005389,7413.19,15135.63,0,GB,auto
AUTO-005390,15526.33,4877.47,0,Sindh,auto
AUTO-005391,23881.26,13577.19,0,KPK,auto
AUTO-005392,23188.91,15915.73,0,Sindh,auto
AUTO-005393,23734.17,6117.64,0,Balochistan,auto
AUTO-005394,10877.72,8218.99,0,AJK,auto
AUTO-005395,32911.5,4823.15,0,KPK,auto
AUTO-005396,24830.15,30373.06,0,AJK,auto
AUTO-005397,31777.92,7359.76,0,GB,auto
AUTO-005398,8549.42,3875.31,0,AJK,auto
AUTO-005399,25738.56,4570.32,0,Balochistan,auto
AUTO-005400,12162.56,8967.99,0,AJK,auto
AUTO-005401,18057.9,14804.18,0,Punjab,auto
AUTO-005402,28772.7,2783.15,0,KPK,auto
AUTO-005403,23052.9,35529.83,0,Balochistan,auto
AUTO-005404,14389.15,10372.78,0,Sindh,auto
AUTO-005405,22095.66,11768.3,0,Balochistan,auto
AUTO-005406,10241.8,7496.93,0,Sindh,auto
AUTO-005407,39149.14,8228.9,0,Balochistan,auto
AUTO-005408,19877.78,7196.67,0,Punjab,auto
AUTO-005409,38533.18,18292.32,0,KPK,auto
AUTO-005410,16928.17,8051.85,0,GB,auto
AUTO-005411,16953.2,14967.56,0,GB,auto
AUTO-005412,15031.55,5726.86,0,AJK,auto
AUTO-005413,34135.29,9475.95,1,Balochistan,auto
AUTO-005414,15448.77,4259.32,0,KPK,auto
AUTO-005415,30403.03,21444.48,0,KPK,auto
AUTO-005416,18192.67,4158.88,0,KPK,auto
AUTO-005417,8201.06,6248.0,0,KPK,auto
AUTO-005418,16561.62,6298.28,0,KPK,auto
AUTO-005419,12215.32,6104.85,0,AJK,auto
AUTO-005420,22403.03,14443.45,0,GB,auto
AUTO-005421,12146.5,6289.73,0,AJK,auto
AUTO-005422,34995.95,24714.36,0,Balochistan,auto
AUTO-005423,21045.92,4210.01,0,GB,auto
AUTO-005424,20154.89,9278.93,0,GB,auto
AUTO-005425,30575.25,4356.27,0,Sindh,auto
AUTO-005426,35666.01,11347.79,0,Balochistan,auto
AUTO-005427,21806.22,8000.35,0,KPK,auto
AUTO-005428,14978.93,7157.75,0,Sindh,auto
AUTO-005429,9072.61,20968.57,0,GB,auto
AUTO-005430,15630.43,4800.75,0,Balochistan,auto
AUTO-005431,16177.78,12954.68,0,Sindh,auto
AUTO-005432,23237.64,4380.12,0,GB,auto
AUTO-005433,18535.19,8867.5,0,AJK,auto
AUTO-005434,31069.02,3113.62,0,KPK,auto
AUTO-005435,16212.02,4769.45,0,Sindh,auto
AUTO-005436,21407.13,7587.71,0,Punjab,auto
AUTO-005437,39814.79,34603.82,0,KPK,auto
AUTO-005438,26131.91,8783.61,0,AJK,auto
AUTO-005439,21375.08,30446.75,0,AJK,auto
AUTO-005440,16301.75,9664.93,1,Balochistan,auto
AUTO-005441,16048.72,5945.16,0,GB,auto
AUTO-005442,14395.82,27763.71,0,Punjab,auto
AUTO-005443,16806.09,11494.39,0,Sindh,auto
AUTO-005444,32139.24,4845.58,0,Balochistan,auto
AUTO-005445,19713.44,11807.11,0,AJK,auto
AUTO-005446,11216.19,6411.99,0,Sindh,auto
AUTO-005447,53320.95,1650.4,0,AJK,auto
AUTO-005448,25847.85,17133.29,0,AJK,auto
AUTO-005449,10900.11,19456.71,0,Punjab,auto
AUTO-005450,17660.32,35254.68,0,KPK,auto
AUTO-005451,23282.17,11358.42,0,Sindh,auto
AUTO-005452,51652.61,6641.02,0,Punjab,auto
AUTO-005453,12656.72,15803.58,0,GB,auto
AUTO-005454,35883.05,15992.2,0,AJK,auto
AUTO-005455,44344.47,30050.21,0,AJK,auto
AUTO-005456,16085.49,7818.89,0,Punjab,auto
AUTO-005457,19172.71,7097.78,0,GB,auto
AUTO-005458,13119.37,4571.35,1,Sindh,auto
AUTO-005459,19895.91,12456.15,0,AJK,auto
AUTO-005460,21627.16,2348.17,0,GB,auto
AUTO-005461,30632.75,15076.16,0,Sindh,auto
AUTO-005462,37990.51,12968.36,0,Punjab,auto
AUTO-005463,15152.97,12939.71,0,AJK,auto
AUTO-005464,8236.56,9050.54,0,Balochistan,auto
AUTO-005465,21793.73,27622.41,0,Balochistan,auto
AUTO-005466,25508.54,16278.41,0,AJK,auto
AUTO-005467,24951.99,4985.75,0,KPK,auto
AUTO-005468,18707.19,5057.65,0,AJK,auto
AUTO-005469,23444.14,4008.86,0,AJK,auto
AUTO-005470,46991.52,12594.64,0,AJK,auto
AUTO-005471,26658.6,3640.55,0,Punjab,auto
AUTO-005472,18275.48,19277.88,0,AJK,auto
AUTO-005473,17152.53,23350.62,0,AJK,auto
AUTO-005474,20233.07,4010.96,0,Punjab,auto
AUTO-005475,49929.63,6985.29,0,AJK,auto
AUTO-005476,20097.48,8211.55,0,Balochistan,auto
AUTO-005477,21809.54,16435.3,0,Balochistan,auto
AUTO-005478,17306.6,29362.53,0,GB,auto
AUTO-005479,38158.04,2104.02,0,AJK,auto
AUTO-005480,58683.78,6282.07,0,Punjab,auto
AUTO-005481,27592.7,6549.78,0,AJK,auto
AUTO-005482,22957.19,2642.46,0,AJK,auto
AUTO-005483,22435.31,5496.75,0,GB,auto
AUTO-005484,6686.51,11409.65,0,Sindh,auto
AUTO-005485,31970.71,6483.77,0,GB,auto
AUTO-005486,23554.76,2355.02,0,KPK,auto
AUTO-005487,27287.15,80762.35,0,Punjab,auto
AUTO-005488,15433.09,10026.05,0,KPK,auto
AUTO-005489,18174.44,8860.47,0,Sindh,auto
AUTO-005490,17934.61,3366.6,0,KPK,auto
AUTO-005491,36710.26,9982.26,0,AJK,auto
AUTO-005492,18226.29,7105.53,0,Balochistan,auto
AUTO-005493,62400.6,1788.59,0,Punjab,auto
AUTO-005494,27321.55,3441.96,0,Punjab,auto
AUTO-005495,11639.49,15305.09,0,AJK,auto
AUTO-005496,20655.29,38377.02,0,GB,auto
AUTO-005497,15901.4,10869.68,0,KPK,auto
AUTO-005498,7352.6,19583.97,0,Punjab,auto
AUTO-005499,49007.84,7153.78,0,GB,auto
AUTO-005500,31306.19,7561.03,0,Sindh,auto
AUTO-005501,28756.06,19395.25,0,Sindh,auto
AUTO-005502,23925.54,30644.91,0,KPK,auto
AUTO-005503,11036.81,22945.51,0,Sindh,auto
AUTO-005504,17295.32,3452.69,0,Balochistan,auto
AUTO-005505,33553.3,7680.45,0,AJK,auto
AUTO-005506,13021.93,10117.48,0,Punjab,auto
AUTO-005507,6211.24,6583.08,1,GB,auto
AUTO-005508,19662.08,11051.11,0,AJK,auto
AUTO-005509,20519.3,15622.41,0,KPK,auto
AUTO-005510,23571.22,18074.33,0,AJK,auto
AUTO-005511,31705.94,31216.31,0,Punjab,auto
AUTO-005512,30296.97,6225.74,0,GB,auto
AUTO-005513,25068.94,2721.05,0,Punjab,auto
AUTO-005514,40045.26,10792.29,0,KPK,auto
AUTO-005515,10306.35,36572.39,0,Punjab,auto
AUTO-005516,28347.41,5532.63,0,Sindh,auto
AUTO-005517,30129.78,14037.36,0,GB,auto
AUTO-005518,11851.61,14137.65,0,GB,auto
AUTO-005519,10389.64,9444.18,0,AJK,auto
AUTO-005520,15169.3,8148.1,0,Balochistan,auto
AUTO-005521,15823.15,3870.96,0,Balochistan,auto
AUTO-005522,32103.16,1305.93,0,Balochistan,auto
AUTO-005523,16199.42,3329.31,0,KPK,auto
AUTO-005524,14354.6,5929.86,0,Balochistan,auto
AUTO-005525,16222.97,19495.48,0,GB,auto
AUTO-005526,38534.77,7461.39,0,GB,auto
AUTO-005527,22170.58,5349.61,0,AJK,auto
AUTO-005528,20138.21,3972.74,0,Punjab,auto
AUTO-005529,20847.67,13704.02,0,Sindh,auto
AUTO-005530,42025.43,24021.05,0,Balochistan,auto
AUTO-005531,15144.82,18972.55,0,Balochistan,auto
AUTO-005532,42521.03,13159.77,0,Balochistan,auto
AUTO-005533,24471.1,2488.69,0,Sindh,auto
AUTO-005534,20328.73,6115.98,0,AJK,auto
AUTO-005535,76914.54,38478.06,0,Balochistan,auto
AUTO-005536,12993.18,19881.81,0,Punjab,auto
AUTO-005537,18456.23,2368.47,0,KPK,auto
AUTO-005538,11893.94,7750.62,0,Sindh,auto
AUTO-005539,35462.5,10834.37,0,AJK,auto
AUTO-005540,51256.33,4404.02,0,GB,auto
AUTO-005541,50764.95,1277.47,0,Punjab,auto
AUTO-005542,40618.32,8769.71,0,Sindh,auto
AUTO-005543,19954.1,4314.74,0,GB,auto
AUTO-005544,18349.9,4328.28,0,Sindh,auto
AUTO-005545,9551.13,6101.29,1,KPK,auto
AUTO-005546,60957.78,7281.26,0,KPK,auto
AUTO-005547,27847.24,8044.42,0,GB,auto
AUTO-005548,17223.35,3995.04,0,GB,auto
AUTO-005549,42788.66,6794.25,0,AJK,auto
AUTO-005550,13542.9,1986.36,0,Balochistan,auto
AUTO-005551,26992.41,10392.41,0,GB,auto
AUTO-005552,20205.0,824.67,1,KPK,auto
AUTO-005553,30313.2,6427.93,0,AJK,auto
AUTO-005554,21337.33,16904.73,0,Sindh,auto
AUTO-005555,10663.01,3472.14,0,Balochistan,auto
AUTO-005556,22874.73,14373.54,0,Punjab,auto
AUTO-005557,37213.69,20426.46,0,Sindh,auto
AUTO-005558,21707.04,574.6,1,AJK,auto
AUTO-005559,32453.3,7178.96,0,Punjab,auto
AUTO-005560,13059.03,811.9,0,Sindh,auto
AUTO-005561,21739.14,7371.92,0,KPK,auto
AUTO-005562,16118.85,8056.73,0,AJK,auto
AUTO-005563,31999.98,1112.05,0,Punjab,auto
AUTO-005564,22376.03,37792.68,0,GB,auto
AUTO-005565,31102.29,10186.44,0,KPK,auto
AUTO-005566,37943.57,4108.37,0,GB,auto
AUTO-005567,31126.33,26168.29,0,GB,auto
AUTO-005568,25249.44,1926.59,0,Punjab,auto
AUTO-005569,13371.67,3031.05,0,Balochistan,auto
AUTO-005570,21995.8,1287.47,0,Balochistan,auto
AUTO-005571,16872.74,34229.26,0,AJK,auto
AUTO-005572,18545.23,10571.08,0,Punjab,auto
AUTO-005573,18264.84,13732.51,0,Balochistan,auto
AUTO-005574,13494.5,10309.29,0,Sindh,auto
AUTO-005575,8277.79,12823.24,0,Sindh,auto
AUTO-005576,15771.01,8625.36,0,Balochistan,auto
AUTO-005577,24262.56,10064.17,0,GB,auto
AUTO-005578,11225.14,8831.52,0,GB,auto
AUTO-005579,22199.86,4979.71,0,Balochistan,auto
AUTO-005580,56961.69,7806.41,0,AJK,auto
AUTO-005581,36736.58,10085.72,0,GB,auto
AUTO-005582,50099.72,8852.36,0,AJK,auto
AUTO-005583,26784.11,2484.39,0,Sindh,auto
AUTO-005584,39488.11,2762.83,0,KPK,auto
AUTO-005585,15336.91,19269.39,0,Punjab,auto
AUTO-005586,15959.82,6338.55,0,KPK,auto
AUTO-005587,5599.48,12936.14,0,AJK,auto
AUTO-005588,39857.77,3382.28,0,GB,auto
AUTO-005589,47579.72,2493.6,0,KPK,auto
AUTO-005590,16704.13,4126.24,0,AJK,auto
AUTO-005591,19399.92,6781.46,0,KPK,auto
AUTO-005592,15109.35,4759.45,0,Sindh,auto
AUTO-005593,26670.86,22814.39,0,AJK,auto
AUTO-005594,38656.35,9354.55,0,Sindh,auto
AUTO-005595,9215.24,35566.2,0,KPK,auto
AUTO-005596,27030.45,11198.4,0,Balochistan,auto
AUTO-005597,19180.78,1176.1,0,Balochistan,auto
AUTO-005598,23311.39,18860.65,0,Punjab,auto
AUTO-005599,27708.57,2422.02,0,Balochistan,auto
AUTO-005600,20048.28,9744.19,0,Punjab,auto
AUTO-005601,20914.68,4360.11,0,KPK,auto
AUTO-005602,19792.58,44988.8,0,Punjab,auto
AUTO-005603,35780.49,25634.09,0,Punjab,auto
AUTO-005604,27156.72,4476.26,0,Punjab,auto
AUTO-005605,24594.84,7318.16,0,Sindh,auto
AUTO-005606,11667.05,9854.45,0,Punjab,auto
AUTO-005607,18227.93,16167.06,1,GB,auto
AUTO-005608,34521.4,8294.28,0,AJK,auto
AUTO-005609,22445.56,3569.15,0,KPK,auto
AUTO-005610,30630.94,4563.99,0,Sindh,auto
AUTO-005611,53276.78,8074.08,0,AJK,auto
AUTO-005612,37023.31,21754.28,0,KPK,auto
AUTO-005613,23076.71,11410.28,0,Sindh,auto
AUTO-005614,17060.23,4364.54,0,KPK,auto
AUTO-005615,6143.96,13611.88,0,Balochistan,auto
AUTO-005616,20247.92,5945.63,0,KPK,auto
AUTO-005617,18713.37,16519.99,1,Balochistan,auto
AUTO-005618,26773.91,61182.0,0,Balochistan,auto
AUTO-005619,20395.05,6081.09,0,GB,auto
AUTO-005620,18766.1,15387.09,0,KPK,auto
AUTO-005621,9048.01,4463.49,0,Balochistan,auto
AUTO-005622,13766.81,7407.06,0,GB,auto
AUTO-005623,27954.28,8297.0,0,Sindh,auto
AUTO-005624,51945.68,6939.97,0,Balochistan,auto
AUTO-005625,20978.16,58128.48,0,Punjab,auto
AUTO-005626,25949.45,6340.58,0,Sindh,auto
AUTO-005627,35462.78,12958.16,0,GB,auto
AUTO-005628,14684.58,1730.09,0,Sindh,auto
AUTO-005629,26460.47,11448.31,0,Sindh,auto
AUTO-005630,15210.71,20204.16,0,Punjab,auto
AUTO-005631,33942.13,5313.05,0,Punjab,auto
AUTO-005632,23758.64,1087.7,0,Punjab,auto
AUTO-005633,25571.3,7856.36,0,Punjab,auto
AUTO-005634,14893.81,8215.25,0,GB,auto
AUTO-005635,31367.14,14461.71,0,Punjab,auto
AUTO-005636,62464.67,40486.44,0,GB,auto
AUTO-005637,13306.98,5978.69,0,GB,auto
AUTO-005638,18585.19,4084.56,0,AJK,auto
AUTO-005639,24730.78,3185.82,0,AJK,auto
AUTO-005640,32637.04,9494.45,0,Punjab,auto
AUTO-005641,16651.02,11890.36,0,GB,auto
AUTO-005642,5342.69,5236.85,0,Sindh,auto
AUTO-005643,43459.93,15107.49,0,Balochistan,auto
AUTO-005644,32217.11,11758.21,0,Balochistan,auto
AUTO-005645,9214.43,8388.23,0,AJK,auto
AUTO-005646,16255.97,3936.58,0,Punjab,auto
AUTO-005647,48247.11,5511.04,0,KPK,auto
AUTO-005648,45428.65,1160.02,0,Balochistan,auto
AUTO-005649,35218.26,9785.23,0,GB,auto
AUTO-005650,20169.84,8275.65,0,GB,auto
AUTO-005651,22959.65,9421.82,0,Balochistan,auto
AUTO-005652,20630.73,12130.22,0,Sindh,auto
AUTO-005653,38720.32,11033.12,0,Balochistan,auto
AUTO-005654,14215.37,7418.21,0,AJK,auto
AUTO-005655,14722.03,8424.8,0,Punjab,auto
AUTO-005656,36502.55,2634.76,0,Punjab,auto
AUTO-005657,21543.28,5079.78,0,GB,auto
AUTO-005658,43880.87,8436.96,0,Balochistan,auto
AUTO-005659,15744.46,4497.68,0,KPK,auto
AUTO-005660,21431.37,16124.91,0,AJK,auto
AUTO-005661,13888.18,4784.3,0,GB,auto
AUTO-005662,22107.7,9633.91,0,Balochistan,auto
AUTO-005663,10516.77,8895.07,0,AJK,auto
AUTO-005664,17260.63,14720.88,0,KPK,auto
AUTO-005665,10741.53,16657.78,0,GB,auto
AUTO-005666,31162.22,14118.29,0,AJK,auto
AUTO-005667,31517.39,1502.96,0,GB,auto
AUTO-005668,9273.06,21063.95,1,AJK,auto
AUTO-005669,42913.55,27497.4,0,AJK,auto
AUTO-005670,76780.62,5509.89,0,GB,auto
AUTO-005671,22539.02,9791.97,0,Punjab,auto
AUTO-005672,15985.59,3973.23,0,KPK,auto
AUTO-005673,90414.98,1704.96,0,GB,auto
AUTO-005674,11390.28,4487.4,0,Punjab,auto
AUTO-005675,22249.02,5260.01,0,Sindh,auto
AUTO-005676,24096.24,6100.46,0,Balochistan,auto
AUTO-005677,43155.87,3762.61,0,GB,auto
AUTO-005678,26367.03,4506.43,0,Punjab,auto
AUTO-005679,17165.95,8032.05,0,GB,auto
AUTO-005680,13689.82,4375.69,0,GB,auto
AUTO-005681,18566.03,12516.71,1,GB,auto
AUTO-005682,13313.53,13979.24,0,AJK,auto
AUTO-005683,22559.53,54410.38,0,Sindh,auto
AUTO-005684,16612.35,19941.21,0,KPK,auto
AUTO-005685,10435.63,9842.67,0,KPK,auto
AUTO-005686,41256.87,4933.42,0,GB,auto
AUTO-005687,17174.2,10249.64,1,Punjab,auto
AUTO-005688,11683.49,10522.56,0,GB,auto
AUTO-005689,20249.2,5374.12,0,AJK,auto
AUTO-005690,22792.48,15168.64,0,AJK,auto
AUTO-005691,9198.23,2647.9,1,GB,auto
AUTO-005692,25999.27,6664.03,0,KPK,auto
AUTO-005693,13048.41,12640.82,0,AJK,auto
AUTO-005694,51819.12,6437.74,0,Balochistan,auto
AUTO-005695,28623.41,6867.78,0,Punjab,auto
AUTO-005696,18034.65,7257.36,0,Punjab,auto
AUTO-005697,15175.17,4152.72,0,AJK,auto
AUTO-005698,20900.24,20725.51,0,KPK,auto
AUTO-005699,29923.38,3588.79,0,GB,auto
AUTO-005700,21747.47,10451.78,0,Balochistan,auto
AUTO-005701,19760.11,11281.49,0,Balochistan,auto
AUTO-005702,22678.78,3793.72,0,GB,auto
AUTO-005703,16286.15,8591.11,1,Balochistan,auto
AUTO-005704,18553.19,3913.92,0,Sindh,auto
AUTO-005705,7762.84,24657.44,0,AJK,auto
AUTO-005706,35841.55,3258.34,0,Balochistan,auto
AUTO-005707,25575.72,4802.45,0,AJK,auto
AUTO-005708,14962.05,3043.06,0,KPK,auto
AUTO-005709,56918.03,2734.88,0,KPK,auto
AUTO-005710,23005.95,28939.78,0,GB,auto
AUTO-005711,13120.46,12509.2,0,KPK,auto
AUTO-005712,33805.16,9065.53,1,Sindh,auto
AUTO-005713,26876.94,4792.17,0,KPK,auto
AUTO-005714,26830.38,16748.93,0,AJK,auto
AUTO-005715,17803.0,4190.7,0,Punjab,auto
AUTO-005716,27591.08,15289.34,0,Punjab,auto
AUTO-005717,19324.34,4031.89,0,AJK,auto
AUTO-005718,29084.79,4838.66,0,Punjab,auto
AUTO-005719,8497.5,14862.94,0,Balochistan,auto
AUTO-005720,17730.88,16172.41,0,Punjab,auto
AUTO-005721,52108.2,13068.74,0,Sindh,auto
AUTO-005722,15009.92,3499.1,1,KPK,auto
AUTO-005723,16286.32,5668.15,0,Punjab,auto
AUTO-005724,17606.43,9186.76,0,Punjab,auto
AUTO-005725,11999.22,4107.52,0,GB,auto
AUTO-005726,7301.68,24264.51,0,Sindh,auto
AUTO-005727,19627.89,1186.12,0,GB,auto
AUTO-005728,23574.71,4345.99,0,Sindh,auto
AUTO-005729,21455.74,5390.25,0,Punjab,auto
AUTO-005730,20487.31,832.84,0,Balochistan,auto
AUTO-005731,22505.62,2651.86,0,Punjab,auto
AUTO-005732,36732.63,13362.82,1,Balochistan,auto
AUTO-005733,20025.8,8301.79,0,GB,auto
AUTO-005734,16530.44,28524.22,0,KPK,auto
AUTO-005735,19138.12,27894.4,0,AJK,auto
AUTO-005736,29427.16,11457.93,0,KPK,auto
AUTO-005737,44623.39,10410.71,0,Punjab,auto
AUTO-005738,16089.6,8541.95,0,Punjab,auto
AUTO-005739,23143.45,968.68,0,Balochistan,auto
AUTO-005740,26086.64,2655.4,0,Sindh,auto
AUTO-005741,13409.4,8782.71,0,GB,auto
AUTO-005742,22252.48,13264.16,0,GB,auto
AUTO-005743,10584.68,10216.26,0,GB,auto
AUTO-005744,9094.95,3968.04,0,Balochistan,auto
AUTO-005745,26459.57,17152.94,0,Sindh,auto
AUTO-005746,18179.73,26527.98,1,Sindh,auto
AUTO-005747,24370.78,17160.95,0,Sindh,auto
AUTO-005748,21830.26,17884.32,1,Sindh,auto
AUTO-005749,13518.31,5180.31,0,Punjab,auto
AUTO-005750,21533.67,19163.2,0,AJK,auto
AUTO-005751,11889.96,9105.25,0,GB,auto
AUTO-005752,44156.09,12200.65,0,AJK,auto
AUTO-005753,11181.49,10854.61,0,KPK,auto
AUTO-005754,19972.42,7352.61,0,KPK,auto
AUTO-005755,13080.32,4072.44,0,KPK,auto
AUTO-005756,29296.13,7587.75,0,Balochistan,auto
AUTO-005757,18662.74,17843.76,1,KPK,auto
AUTO-005758,16994.87,5692.01,0,GB,auto
AUTO-005759,33745.45,16558.88,1,KPK,auto
AUTO-005760,22352.99,14612.85,0,KPK,auto
AUTO-005761,28518.9,6379.53,0,Punjab,auto
AUTO-005762,13485.05,24613.25,0,KPK,auto
AUTO-005763,10911.71,6097.06,0,AJK,auto
AUTO-005764,23239.39,27109.45,0,Punjab,auto
AUTO-005765,18780.55,11467.84,0,Sindh,auto
AUTO-005766,30128.21,8000.88,0,Balochistan,auto
AUTO-005767,21163.76,3982.87,0,Punjab,auto
AUTO-005768,24404.86,7550.67,0,Punjab,auto
AUTO-005769,9782.09,6884.26,0,AJK,auto
AUTO-005770,56625.71,2961.24,0,GB,auto
AUTO-005771,20289.91,6808.37,0,GB,auto
AUTO-005772,31219.35,4259.71,0,KPK,auto
AUTO-005773,14500.73,12949.25,1,Sindh,auto
AUTO-005774,25693.8,23040.86,0,AJK,auto
AUTO-005775,11482.48,3036.52,0,AJK,auto
AUTO-005776,27612.78,31883.57,0,Punjab,auto
AUTO-005777,18435.12,7311.17,0,Sindh,auto
AUTO-005778,22350.31,3714.44,0,AJK,auto
AUTO-005779,31225.4,14856.66,0,GB,auto
AUTO-005780,11893.29,5669.39,0,Balochistan,auto
AUTO-005781,15642.61,7590.18,0,Balochistan,auto
AUTO-005782,27685.45,5863.94,0,AJK,auto
AUTO-005783,62888.01,4215.86,0,Punjab,auto
AUTO-005784,20557.04,14460.81,0,Balochistan,auto
AUTO-005785,29601.14,6444.35,0,Punjab,auto
AUTO-005786,20879.32,2567.48,0,KPK,auto
AUTO-005787,58169.87,12592.39,0,KPK,auto
AUTO-005788,9194.76,3088.79,0,Punjab,auto
AUTO-005789,23093.59,3220.82,0,AJK,auto
AUTO-005790,9771.53,21037.99,0,KPK,auto
AUTO-005791,6289.99,3111.71,0,GB,auto
AUTO-005792,25558.65,1270.09,0,KPK,auto
AUTO-005793,23617.63,13336.89,0,GB,auto
AUTO-005794,19102.63,6354.44,0,Balochistan,auto
AUTO-005795,20887.43,6808.15,0,AJK,auto
AUTO-005796,103688.83,6300.6,0,Punjab,auto
AUTO-005797,19358.99,9753.06,1,KPK,auto
AUTO-005798,28426.08,4437.4,0,AJK,auto
AUTO-005799,15919.78,26394.0,0,KPK,auto
AUTO-005800,25530.17,2487.46,0,Balochistan,auto
AUTO-005801,19552.98,11566.87,0,AJK,auto
AUTO-005802,17939.15,13543.97,0,Sindh,auto
AUTO-005803,54690.72,4412.86,0,Balochistan,auto
AUTO-005804,39679.6,3572.47,0,Punjab,auto
AUTO-005805,23585.17,18283.23,0,AJK,auto
AUTO-005806,6959.72,3667.67,0,GB,auto
AUTO-005807,18388.77,4987.39,0,KPK,auto
AUTO-005808,85094.17,16479.08,0,GB,auto
AUTO-005809,19627.15,8331.45,0,AJK,auto
AUTO-005810,38238.91,1924.24,0,Punjab,auto
AUTO-005811,45295.87,32782.41,0,GB,auto
AUTO-005812,24574.93,5302.81,0,GB,auto
AUTO-005813,14459.24,5871.08,1,GB,auto
AUTO-005814,6518.14,9943.03,0,AJK,auto
AUTO-005815,31010.51,13360.55,0,KPK,auto
AUTO-005816,14656.25,38905.21,0,GB,auto
AUTO-005817,24054.45,2147.25,0,Balochistan,auto
AUTO-005818,11790.98,15689.73,0,Balochistan,auto
AUTO-005819,19290.75,14682.44,0,KPK,auto
AUTO-005820,22400.97,7260.97,0,Sindh,auto
AUTO-005821,25192.38,15211.68,0,Sindh,auto
AUTO-005822,12614.33,17110.01,0,Balochistan,auto
AUTO-005823,40072.9,2682.3,0,GB,auto
AUTO-005824,16342.96,32853.49,0,Punjab,auto
AUTO-005825,9535.39,2328.52,0,AJK,auto
AUTO-005826,20857.9,3267.39,0,KPK,auto
AUTO-005827,22408.32,6571.98,0,Punjab,auto
AUTO-005828,23868.02,37795.77,1,GB,auto
AUTO-005829,43523.93,6332.15,1,AJK,auto
AUTO-005830,19570.44,7898.7,0,Balochistan,auto
AUTO-005831,20747.69,25480.35,0,KPK,auto
AUTO-005832,12687.95,6372.49,0,Punjab,auto
AUTO-005833,33199.06,3156.6,0,AJK,auto
AUTO-005834,24152.77,5803.47,0,Balochistan,auto
AUTO-005835,17854.06,24261.2,0,Balochistan,auto
AUTO-005836,8498.65,8575.74,0,AJK,auto
AUTO-005837,45351.84,37969.05,0,Sindh,auto
AUTO-005838,11922.23,14622.96,0,Sindh,auto
AUTO-005839,16388.92,4837.5,0,AJK,auto
AUTO-005840,26348.65,8441.04,0,AJK,auto
AUTO-005841,12109.2,4094.6,0,AJK,auto
AUTO-005842,10438.38,4746.93,0,Balochistan,auto
AUTO-005843,7616.15,291637.65,0,GB,auto
AUTO-005844,31586.92,18304.45,0,GB,auto
AUTO-005845,16771.01,16137.13,0,KPK,auto
AUTO-005846,95190.46,4921.93,0,Balochistan,auto
AUTO-005847,13397.49,28443.28,0,Balochistan,auto
AUTO-005848,13894.86,19526.59,0,Sindh,auto
AUTO-005849,16602.42,36508.38,0,AJK,auto
AUTO-005850,24873.73,35118.78,0,Balochistan,auto
AUTO-005851,17411.71,2481.77,0,Balochistan,auto
AUTO-005852,29916.52,3334.67,0,AJK,auto
AUTO-005853,13503.52,3629.93,0,GB,auto
AUTO-005854,11039.16,3807.95,0,KPK,auto
AUTO-005855,8963.29,10496.13,0,Sindh,auto
AUTO-005856,7246.06,5149.0,0,Punjab,auto
AUTO-005857,16999.95,42534.84,0,GB,auto
AUTO-005858,18949.06,37188.09,0,Balochistan,auto
AUTO-005859,16063.12,8061.3,0,KPK,auto
AUTO-005860,41015.4,38725.79,0,Punjab,auto
AUTO-005861,40701.29,26649.02,0,GB,auto
AUTO-005862,18631.3,5650.14,0,GB,auto
AUTO-005863,8982.55,1623.97,0,AJK,auto
AUTO-005864,16591.53,6806.45,0,Punjab,auto
AUTO-005865,16319.06,4838.22,0,AJK,auto
AUTO-005866,15858.05,9558.68,0,GB,auto
AUTO-005867,15539.5,8702.65,0,GB,auto
AUTO-005868,15887.19,8522.07,0,GB,auto
AUTO-005869,18155.51,12319.61,1,KPK,auto
AUTO-005870,16030.2,3071.69,0,GB,auto
AUTO-005871,24444.52,11260.86,0,Punjab,auto
AUTO-005872,26375.33,5700.49,0,Sindh,auto
AUTO-005873,13970.14,9508.92,0,KPK,auto
AUTO-005874,41586.57,17429.65,0,Punjab,auto
AUTO-005875,13493.57,3042.64,0,Balochistan,auto
AUTO-005876,9809.43,6470.22,0,Punjab,auto
AUTO-005877,26645.86,7370.0,0,Punjab,auto
AUTO-005878,14636.83,5370.01,0,Sindh,auto
AUTO-005879,25864.99,16644.97,0,KPK,auto
AUTO-005880,6622.09,4553.67,0,Balochistan,auto
AUTO-005881,44188.86,5196.18,0,GB,auto
AUTO-005882,30827.02,4591.97,0,KPK,auto
AUTO-005883,10402.09,19411.95,0,KPK,auto
AUTO-005884,10515.56,5464.59,0,Balochistan,auto
AUTO-005885,50824.46,11708.1,0,Balochistan,auto
AUTO-005886,15234.38,39362.31,0,Sindh,auto
AUTO-005887,14514.56,7632.31,0,AJK,auto
AUTO-005888,7093.78,19725.13,0,Sindh,auto
AUTO-005889,18483.08,30855.9,0,GB,auto
AUTO-005890,19656.04,18430.34,0,Balochistan,auto
AUTO-005891,31500.12,7994.9,1,Punjab,auto
AUTO-005892,10943.06,13543.83,0,Punjab,auto
AUTO-005893,10299.56,2893.14,0,KPK,auto
AUTO-005894,27597.52,4341.46,0,KPK,auto
AUTO-005895,36437.91,4995.34,0,AJK,auto
AUTO-005896,10040.92,48654.02,0,AJK,auto
AUTO-005897,37826.19,4229.89,0,AJK,auto
AUTO-005898,22443.83,4179.8,0,AJK,auto
AUTO-005899,38021.33,3515.24,0,Punjab,auto
AUTO-005900,21266.53,12680.86,0,Balochistan,auto
AUTO-005901,6240.78,9082.43,1,GB,auto
AUTO-005902,20414.82,19329.88,0,GB,auto
AUTO-005903,37424.17,13863.4,0,AJK,auto
AUTO-005904,14088.68,2685.68,0,Sindh,auto
AUTO-005905,18142.59,4247.89,1,GB,auto
AUTO-005906,20169.63,24155.39,0,AJK,auto
AUTO-005907,5168.01,6886.8,0,Punjab,auto
AUTO-005908,50801.13,20953.76,0,KPK,auto
AUTO-005909,14035.04,7188.63,0,Sindh,auto
AUTO-005910,28363.76,3736.39,0,AJK,auto
AUTO-005911,21092.01,6357.51,0,Punjab,auto
AUTO-005912,41307.92,3735.21,0,KPK,auto
AUTO-005913,26984.77,5154.15,0,AJK,auto
AUTO-005914,19585.36,9516.1,0,Punjab,auto
AUTO-005915,14090.31,12201.13,0,Punjab,auto
AUTO-005916,32824.33,2270.71,0,Balochistan,auto
AUTO-005917,8632.41,7991.27,0,Punjab,auto
AUTO-005918,30422.73,5068.03,1,AJK,auto
AUTO-005919,12714.24,4823.56,0,Punjab,auto
AUTO-005920,41197.87,9010.52,0,Sindh,auto
AUTO-005921,23876.49,5216.79,0,Punjab,auto
AUTO-005922,30395.87,24482.42,0,Punjab,auto
AUTO-005923,22948.19,20961.64,0,GB,auto
AUTO-005924,9171.09,20857.37,0,Sindh,auto
AUTO-005925,14323.19,5453.82,0,AJK,auto
AUTO-005926,30828.49,3751.84,0,KPK,auto
AUTO-005927,23940.52,8652.68,0,Balochistan,auto
AUTO-005928,39755.16,7184.79,0,GB,auto
AUTO-005929,26947.27,4978.79,0,KPK,auto
AUTO-005930,13584.02,3163.43,0,AJK,auto
AUTO-005931,14793.87,7838.37,0,AJK,auto
AUTO-005932,23189.59,5864.92,0,GB,auto
AUTO-005933,6925.59,14054.21,0,Sindh,auto
AUTO-005934,50854.35,13795.32,0,KPK,auto
AUTO-005935,27470.65,19548.23,0,Punjab,auto
AUTO-005936,40681.04,2958.87,0,Sindh,auto
AUTO-005937,9993.58,11168.43,0,Sindh,auto
AUTO-005938,41039.18,4527.96,0,Balochistan,auto
AUTO-005939,67221.57,3052.35,0,Sindh,auto
AUTO-005940,11379.41,5750.94,0,KPK,auto
AUTO-005941,32393.11,19052.7,0,AJK,auto
AUTO-005942,22038.69,6015.8,0,GB,auto
AUTO-005943,10175.96,28349.47,0,Balochistan,auto
AUTO-005944,28182.09,12570.43,0,GB,auto
AUTO-005945,33416.38,5911.93,0,GB,auto
AUTO-005946,16308.42,20497.1,0,Punjab,auto
AUTO-005947,39456.67,11571.7,0,KPK,auto
AUTO-005948,9572.2,3842.78,0,Punjab,auto
AUTO-005949,10431.88,35847.97,0,Sindh,auto
AUTO-005950,23583.41,9972.46,0,KPK,auto
AUTO-005951,22307.82,8225.85,0,GB,auto
AUTO-005952,15393.69,4087.03,0,Balochistan,auto
AUTO-005953,33017.64,20819.19,0,GB,auto
AUTO-005954,28722.82,12256.61,0,Balochistan,auto
AUTO-005955,33828.86,13405.1,0,Punjab,auto
AUTO-005956,20711.24,5399.03,0,AJK,auto
AUTO-005957,29771.0,15792.34,0,GB,auto
AUTO-005958,17626.78,16805.32,0,Balochistan,auto
AUTO-005959,61507.19,4745.62,0,Punjab,auto
AUTO-005960,14672.45,2608.18,0,AJK,auto
AUTO-005961,63110.9,12901.49,0,KPK,auto
AUTO-005962,22414.07,2301.51,0,Balochistan,auto
AUTO-005963,11072.77,9150.95,0,Balochistan,auto
AUTO-005964,43653.54,5665.8,0,GB,auto
AUTO-005965,23457.62,21481.17,0,GB,auto
AUTO-005966,33710.41,5917.83,0,Punjab,auto
AUTO-005967,40616.43,19649.72,0,Balochistan,auto
AUTO-005968,26081.4,5370.26,0,Punjab,auto
AUTO-005969,16381.04,18033.62,0,Balochistan,auto
AUTO-005970,35877.18,42119.8,0,Punjab,auto
AUTO-005971,22034.79,3448.04,0,Balochistan,auto
AUTO-005972,31036.8,10235.61,0,KPK,auto
AUTO-005973,7503.57,73059.24,0,GB,auto
AUTO-005974,27542.65,8546.45,0,KPK,auto
AUTO-005975,16005.81,8513.69,0,Punjab,auto
AUTO-005976,50345.01,15226.6,0,KPK,auto
AUTO-005977,30077.83,8373.81,1,Punjab,auto
AUTO-005978,24833.0,2067.76,0,GB,auto
AUTO-005979,28089.61,20046.9,0,Punjab,auto
AUTO-005980,13370.15,1632.13,0,GB,auto
AUTO-005981,49594.16,5805.53,0,Sindh,auto
AUTO-005982,59616.35,21288.89,0,KPK,auto
AUTO-005983,26808.03,6092.21,0,Sindh,auto
AUTO-005984,48786.15,4651.95,0,GB,auto
AUTO-005985,16571.27,16373.36,0,GB,auto
AUTO-005986,14786.11,4101.5,0,Sindh,auto
AUTO-005987,22481.82,3047.93,0,GB,auto
AUTO-005988,27377.33,10093.14,0,Balochistan,auto
AUTO-005989,18088.05,6999.97,0,Punjab,auto
AUTO-005990,28821.71,2996.08,0,AJK,auto
AUTO-005991,25672.99,13488.09,1,Sindh,auto
AUTO-005992,13371.04,11749.78,1,Balochistan,auto
AUTO-005993,28549.55,6076.57,0,KPK,auto
AUTO-005994,33920.14,6418.47,0,AJK,auto
AUTO-005995,23998.21,11805.42,0,GB,auto
AUTO-005996,39195.77,21000.24,0,Punjab,auto
AUTO-005997,11983.65,6462.46,0,Balochistan,auto
AUTO-005998,27832.93,13680.83,0,AJK,auto
AUTO-005999,12269.35,12735.65,0,Punjab,auto
AUTO-006000,12619.01,16373.93,0,Punjab,auto
AUTO-006001,16067.19,8361.95,0,AJK,auto
AUTO-006002,13752.42,3905.49,0,Balochistan,auto
AUTO-006003,16747.46,5597.08,0,GB,auto
AUTO-006004,19789.86,10660.31,0,AJK,auto
AUTO-006005,33475.77,34709.6,0,Sindh,auto
AUTO-006006,18758.84,5501.55,0,Punjab,auto
AUTO-006007,9968.52,15426.31,0,KPK,auto
AUTO-006008,38950.0,6232.64,0,GB,auto
AUTO-006009,14493.49,8851.79,0,AJK,auto
AUTO-006010,21389.17,27236.61,0,AJK,auto
AUTO-006011,27536.52,14934.57,1,Punjab,auto
AUTO-006012,24338.27,3001.78,1,Punjab,auto
AUTO-006013,38066.49,5125.69,0,AJK,auto
AUTO-006014,27987.17,22136.37,0,KPK,auto
AUTO-006015,14319.04,9077.03,1,Punjab,auto
AUTO-006016,65465.67,3232.23,0,Punjab,auto
AUTO-006017,24274.14,4208.4,0,Sindh,auto
AUTO-006018,20462.1,14225.55,0,Balochistan,auto
AUTO-006019,35666.34,17953.28,1,Sindh,auto
AUTO-006020,24952.4,8219.66,0,KPK,auto
AUTO-006021,26892.81,58703.29,0,Balochistan,auto
AUTO-006022,76580.06,15667.16,0,AJK,auto
AUTO-006023,19195.66,6668.93,0,KPK,auto
AUTO-006024,18790.74,4219.34,0,KPK,auto
AUTO-006025,23348.53,3714.85,1,Sindh,auto
AUTO-006026,37637.57,10597.11,0,Balochistan,auto
AUTO-006027,10370.63,5480.65,0,KPK,auto
AUTO-006028,8243.84,30914.95,1,Balochistan,auto
AUTO-006029,16423.07,26187.81,0,GB,auto
AUTO-006030,9730.67,13446.22,0,AJK,auto
AUTO-006031,17811.23,3155.19,0,Balochistan,auto
AUTO-006032,28317.91,4732.58,0,Sindh,auto
AUTO-006033,14109.81,22126.74,0,Sindh,auto
AUTO-006034,10792.28,5164.41,1,KPK,auto
AUTO-006035,22803.48,19884.85,0,Balochistan,auto
AUTO-006036,33903.44,11845.26,0,Sindh,auto
AUTO-006037,9438.13,8445.38,0,Punjab,auto
AUTO-006038,33193.73,4618.08,0,Sindh,auto
AUTO-006039,33145.2,7514.61,0,AJK,auto
AUTO-006040,35491.29,9430.63,0,Punjab,auto
AUTO-006041,40507.41,18509.35,0,Balochistan,auto
AUTO-006042,66237.83,3989.46,0,GB,auto
AUTO-006043,18434.04,6566.57,0,KPK,auto
AUTO-006044,23266.87,8398.92,0,Punjab,auto
AUTO-006045,17886.13,13768.56,0,Sindh,auto
AUTO-006046,22048.25,3917.58,0,KPK,auto
AUTO-006047,47402.8,2826.36,0,GB,auto
AUTO-006048,11242.91,13893.44,0,GB,auto
AUTO-006049,14320.9,2405.81,0,KPK,auto
AUTO-006050,43852.65,22651.55,0,KPK,auto
AUTO-006051,36681.15,7152.8,0,KPK,auto
AUTO-006052,18369.27,2349.54,0,Balochistan,auto
AUTO-006053,33765.71,5517.41,0,Balochistan,auto
AUTO-006054,26123.95,10974.16,0,Balochistan,auto
AUTO-006055,46636.43,5291.41,0,Sindh,auto
AUTO-006056,22862.53,8233.97,0,Balochistan,auto
AUTO-006057,36783.92,14648.05,0,KPK,auto
AUTO-006058,82537.33,6892.9,0,Punjab,auto
AUTO-006059,29704.37,3828.98,0,Punjab,auto
AUTO-006060,22576.48,6379.29,0,GB,auto
AUTO-006061,31609.83,25131.37,0,Punjab,auto
AUTO-006062,18349.54,31196.2,0,Punjab,auto
AUTO-006063,72691.8,1610.11,0,Punjab,auto
AUTO-006064,24101.65,19396.0,0,GB,auto
AUTO-006065,19216.67,9898.3,0,AJK,auto
AUTO-006066,14503.65,16969.72,0,Punjab,auto
AUTO-006067,38124.41,5216.64,0,Punjab,auto
AUTO-006068,33982.25,1969.21,0,Punjab,auto
AUTO-006069,17176.94,12933.69,0,GB,auto
AUTO-006070,29384.59,3816.99,0,Sindh,auto
AUTO-006071,10360.15,2668.75,0,AJK,auto
AUTO-006072,24160.76,2822.22,0,Punjab,auto
AUTO-006073,27622.29,13104.76,0,GB,auto
AUTO-006074,51723.37,9059.43,0,GB,auto
AUTO-006075,14981.79,15153.29,0,Balochistan,auto
AUTO-006076,11623.96,13839.2,0,Sindh,auto
AUTO-006077,14076.84,5786.33,0,GB,auto
AUTO-006078,11290.49,7658.88,0,GB,auto
AUTO-006079,42973.06,5382.19,0,AJK,auto
AUTO-006080,47777.96,6848.18,0,Balochistan,auto
AUTO-006081,25851.1,3737.59,0,Balochistan,auto
AUTO-006082,40564.46,11074.36,0,Sindh,auto
AUTO-006083,23552.31,19150.74,0,GB,auto
AUTO-006084,21003.5,4216.28,0,Balochistan,auto
AUTO-006085,18647.76,22584.42,0,KPK,auto
AUTO-006086,18860.11,8873.43,0,Sindh,auto
AUTO-006087,10158.84,9826.75,0,Sindh,auto
AUTO-006088,25137.79,2080.69,0,KPK,auto
AUTO-006089,21586.71,1908.72,0,Sindh,auto
AUTO-006090,31974.06,9093.3,0,Balochistan,auto
AUTO-006091,23080.92,15241.63,0,Balochistan,auto
AUTO-006092,20305.52,4735.75,0,Balochistan,auto
AUTO-006093,14248.45,30824.81,0,KPK,auto
AUTO-006094,22835.61,14587.92,0,Balochistan,auto
AUTO-006095,31860.38,3917.96,0,KPK,auto
AUTO-006096,12435.75,8305.55,0,KPK,auto
AUTO-006097,23011.21,58779.2,0,KPK,auto
AUTO-006098,24748.53,2998.74,0,Sindh,auto
AUTO-006099,15382.22,12364.89,0,AJK,auto
AUTO-006100,16416.99,6259.18,0,GB,auto
AUTO-006101,24718.46,14264.33,0,KPK,auto
AUTO-006102,12497.57,22332.96,0,Balochistan,auto
AUTO-006103,26237.94,5949.19,0,KPK,auto
AUTO-006104,14077.36,19833.54,0,GB,auto
AUTO-006105,37474.91,47904.4,1,Punjab,auto
AUTO-006106,70892.07,8544.3,0,Sindh,auto
AUTO-006107,14323.0,15182.69,0,Balochistan,auto
AUTO-006108,28770.45,5052.55,0,Sindh,auto
AUTO-006109,15315.63,8228.9,0,Sindh,auto
AUTO-006110,37066.8,7035.05,0,Punjab,auto
AUTO-006111,11700.31,15329.72,0,KPK,auto
AUTO-006112,28009.34,21242.11,0,Balochistan,auto
AUTO-006113,14235.66,7422.54,0,AJK,auto
AUTO-006114,19860.89,27636.66,1,Sindh,auto
AUTO-006115,13154.08,27557.72,0,GB,auto
AUTO-006116,33228.9,15954.29,0,AJK,auto
AUTO-006117,14494.29,5362.46,0,AJK,auto
AUTO-006118,29027.01,4966.83,0,KPK,auto
AUTO-006119,18544.92,4230.58,0,AJK,auto
AUTO-006120,20801.16,17315.08,0,Balochistan,auto
AUTO-006121,23715.35,3073.54,0,KPK,auto
AUTO-006122,15049.31,13925.4,0,GB,auto
AUTO-006123,24469.52,3412.2,0,AJK,auto
AUTO-006124,47342.67,15659.56,0,KPK,auto
AUTO-006125,14927.38,8215.48,0,Balochistan,auto
AUTO-006126,39573.11,23550.7,0,Sindh,auto
AUTO-006127,46585.7,20194.46,1,Punjab,auto
AUTO-006128,14646.0,25541.31,0,KPK,auto
AUTO-006129,10641.03,26072.98,0,GB,auto
AUTO-006130,25616.21,9089.77,1,Punjab,auto
AUTO-006131,16752.39,3206.6,0,Sindh,auto
AUTO-006132,56066.94,3491.13,0,GB,auto
AUTO-006133,22413.16,1526.18,0,Balochistan,auto
AUTO-006134,14748.55,3405.23,0,GB,auto
AUTO-006135,12412.02,8561.74,0,Sindh,auto
AUTO-006136,37985.22,5178.53,0,Punjab,auto
AUTO-006137,16554.41,7015.6,0,Balochistan,auto
AUTO-006138,22514.49,12018.14,0,GB,auto
AUTO-006139,35521.78,6353.42,0,AJK,auto
AUTO-006140,17289.78,3302.84,0,AJK,auto
AUTO-006141,21526.4,7765.24,0,KPK,auto
AUTO-006142,21844.75,3948.96,0,AJK,auto
AUTO-006143,30997.51,6524.83,0,GB,auto
AUTO-006144,29595.34,23723.5,0,Punjab,auto
AUTO-006145,19730.94,6526.3,0,AJK,auto
AUTO-006146,22738.72,33415.2,0,KPK,auto
AUTO-006147,18290.01,25471.33,0,Balochistan,auto
AUTO-006148,10521.69,5097.76,0,AJK,auto
AUTO-006149,25054.29,3331.24,0,KPK,auto
AUTO-006150,56732.12,7769.47,0,AJK,auto
AUTO-006151,14159.49,20387.19,0,AJK,auto
AUTO-006152,14965.24,5474.45,0,GB,auto
AUTO-006153,14251.77,16755.34,0,Punjab,auto
AUTO-006154,31643.75,21306.17,0,KPK,auto
AUTO-006155,27563.36,4362.41,0,KPK,auto
AUTO-006156,20347.86,4718.09,0,Sindh,auto
AUTO-006157,13918.73,14330.27,0,Sindh,auto
AUTO-006158,23067.69,9149.72,0,KPK,auto
AUTO-006159,10073.76,4680.46,1,GB,auto
AUTO-006160,23664.07,6113.51,0,Punjab,auto
AUTO-006161,34056.02,7658.6,0,AJK,auto
AUTO-006162,11782.85,2317.2,0,Balochistan,auto
AUTO-006163,10236.76,14950.72,0,GB,auto
AUTO-006164,48519.4,5525.04,0,AJK,auto
AUTO-006165,16221.94,873.95,0,Balochistan,auto
AUTO-006166,38869.84,7949.81,0,Punjab,auto
AUTO-006167,20394.1,4477.15,0,Sindh,auto
AUTO-006168,20313.13,31290.12,0,KPK,auto
AUTO-006169,27424.89,5072.78,1,Punjab,auto
AUTO-006170,14157.51,3367.36,0,Balochistan,auto
AUTO-006171,23535.11,12165.34,0,GB,auto
AUTO-006172,18201.43,4777.35,0,KPK,auto
AUTO-006173,11381.6,4343.5,0,Balochistan,auto
AUTO-006174,26075.23,12180.62,0,AJK,auto
AUTO-006175,19309.38,3524.97,0,AJK,auto
AUTO-006176,20363.26,2525.47,0,GB,auto
AUTO-006177,12027.12,32234.69,0,AJK,auto
AUTO-006178,48810.47,12882.16,0,KPK,auto
AUTO-006179,34144.51,6559.26,0,Sindh,auto
AUTO-006180,35670.45,8080.57,0,Sindh,auto
AUTO-006181,18906.81,12145.23,0,Balochistan,auto
AUTO-006182,9278.07,17653.16,0,Sindh,auto
AUTO-006183,58481.09,4425.86,0,Sindh,auto
AUTO-006184,21363.76,10860.82,0,Balochistan,auto
AUTO-006185,15147.64,5402.61,0,Balochistan,auto
AUTO-006186,27130.15,6966.13,0,Balochistan,auto
AUTO-006187,39480.43,9214.69,0,KPK,auto
AUTO-006188,21774.06,8059.91,0,Balochistan,auto
AUTO-006189,41743.02,14595.28,0,KPK,auto
AUTO-006190,37854.3,11964.14,0,KPK,auto
AUTO-006191,12859.13,2424.7,0,KPK,auto
AUTO-006192,15726.54,2734.6,0,Balochistan,auto
AUTO-006193,35552.6,6028.34,0,Sindh,auto
AUTO-006194,5674.25,34992.89,1,GB,auto
AUTO-006195,20440.47,4099.94,0,GB,auto
AUTO-006196,10770.7,6859.72,0,Sindh,auto
AUTO-006197,17356.51,5276.0,0,Balochistan,auto
AUTO-006198,18969.54,5201.82,1,Sindh,auto
AUTO-006199,18414.21,9344.95,0,Balochistan,auto
AUTO-006200,16711.78,24850.22,1,KPK,auto
AUTO-006201,12726.33,11669.98,0,AJK,auto
AUTO-006202,69283.05,4260.64,1,Punjab,auto
AUTO-006203,56034.96,73319.63,0,GB,auto
AUTO-006204,12319.85,8628.78,0,Balochistan,auto
AUTO-006205,48584.43,5106.26,0,KPK,auto
AUTO-006206,18038.57,25076.27,0,AJK,auto
AUTO-006207,23496.19,5567.73,0,KPK,auto
AUTO-006208,21340.52,30648.25,0,Punjab,auto
AUTO-006209,15837.34,4037.92,0,GB,auto
AUTO-006210,36023.48,25438.63,0,Sindh,auto
AUTO-006211,23457.45,9517.03,0,Sindh,auto
AUTO-006212,17356.53,22761.86,0,KPK,auto
AUTO-006213,11472.47,37101.5,0,Punjab,auto
AUTO-006214,14089.74,3274.48,0,KPK,auto
AUTO-006215,9694.46,22485.31,0,Sindh,auto
AUTO-006216,22161.5,2625.11,0,KPK,auto
AUTO-006217,12108.55,3506.08,0,AJK,auto
AUTO-006218,19287.64,4261.06,0,Punjab,auto
AUTO-006219,43697.71,12123.6,1,Sindh,auto
AUTO-006220,40120.78,8319.96,0,GB,auto
AUTO-006221,21673.85,7088.94,0,GB,auto
AUTO-006222,21087.96,9108.73,0,KPK,auto
AUTO-006223,56383.81,13004.25,0,Punjab,auto
AUTO-006224,28577.59,13830.04,0,KPK,auto
AUTO-006225,18696.6,19444.77,0,Sindh,auto
AUTO-006226,10796.65,34753.23,0,Punjab,auto
AUTO-006227,26820.9,7965.78,0,Sindh,auto
AUTO-006228,33344.96,5340.79,0,AJK,auto
AUTO-006229,16061.4,13237.76,0,AJK,auto
AUTO-006230,25478.78,3244.11,0,GB,auto
AUTO-006231,18365.21,4708.09,0,Balochistan,auto
AUTO-006232,20090.13,18024.82,0,Punjab,auto
AUTO-006233,6349.23,7337.09,0,AJK,auto
AUTO-006234,19714.49,3082.35,0,Balochistan,auto
AUTO-006235,35763.56,2460.59,0,GB,auto
AUTO-006236,16063.4,8425.12,0,Punjab,auto
AUTO-006237,22612.61,20201.6,0,Sindh,auto
AUTO-006238,15093.58,19986.99,0,KPK,auto
AUTO-006239,26376.29,8854.71,0,KPK,auto
AUTO-006240,19766.39,40421.92,0,Sindh,auto
AUTO-006241,13771.81,7451.3,0,AJK,auto
AUTO-006242,42884.93,7252.82,0,KPK,auto
AUTO-006243,35047.73,1039.04,0,Sindh,auto
AUTO-006244,16277.62,5665.27,0,Balochistan,auto
AUTO-006245,28251.28,16020.3,0,Balochistan,auto
AUTO-006246,28816.57,28315.63,0,Sindh,auto
AUTO-006247,30368.18,4170.59,1,Punjab,auto
AUTO-006248,9441.52,11728.79,0,AJK,auto
AUTO-006249,36435.66,18722.91,0,AJK,auto
AUTO-006250,16566.71,8176.07,0,Sindh,auto
AUTO-006251,18418.04,1304.24,0,KPK,auto
AUTO-006252,82367.06,9875.7,0,GB,auto
AUTO-006253,25615.08,14900.42,0,AJK,auto
AUTO-006254,18157.5,3797.36,0,AJK,auto
AUTO-006255,7312.59,6612.23,0,Balochistan,auto
AUTO-006256,44129.42,3215.07,0,Balochistan,auto
AUTO-006257,11241.81,1036.79,0,Balochistan,auto
AUTO-006258,13336.78,18427.58,0,GB,auto
AUTO-006259,18663.48,8078.82,0,AJK,auto
AUTO-006260,44721.33,29089.72,0,AJK,auto
AUTO-006261,32422.89,16088.46,1,GB,auto
AUTO-006262,20354.99,6103.59,0,AJK,auto
AUTO-006263,25697.42,7581.42,0,KPK,auto
AUTO-006264,16314.46,12745.61,0,KPK,auto
AUTO-006265,23619.47,17562.25,0,KPK,auto
AUTO-006266,22849.13,10489.57,0,Punjab,auto
AUTO-006267,35752.84,19623.33,0,AJK,auto
AUTO-006268,35724.39,6391.12,0,GB,auto
AUTO-006269,28197.5,3649.28,0,AJK,auto
AUTO-006270,18376.47,7693.67,0,GB,auto
AUTO-006271,31917.55,9548.58,0,Sindh,auto
AUTO-006272,21036.53,3098.8,0,Sindh,auto
AUTO-006273,12823.6,2781.16,0,Punjab,auto
AUTO-006274,18004.12,11590.13,0,Sindh,auto
AUTO-006275,22977.33,5854.2,0,KPK,auto
AUTO-006276,34721.28,7096.29,0,Punjab,auto
AUTO-006277,20095.19,6076.88,0,Punjab,auto
AUTO-006278,12032.91,27350.24,0,Punjab,auto
AUTO-006279,22660.32,22234.69,0,Balochistan,auto
AUTO-006280,23312.1,3011.27,0,Sindh,auto
AUTO-006281,24171.24,5291.02,0,AJK,auto
AUTO-006282,34889.31,15994.55,0,Balochistan,auto
AUTO-006283,36660.74,13115.49,0,GB,auto
AUTO-006284,16364.91,7838.74,0,KPK,auto
AUTO-006285,16186.43,3261.43,0,Balochistan,auto
AUTO-006286,13093.89,4693.66,0,KPK,auto
AUTO-006287,31238.54,5359.29,0,AJK,auto
AUTO-006288,45451.91,10113.19,0,AJK,auto
AUTO-006289,18815.93,31665.46,0,Sindh,auto
AUTO-006290,19521.75,4677.39,0,GB,auto
AUTO-006291,45861.96,3565.9,0,Balochistan,auto
AUTO-006292,28361.25,7428.88,0,AJK,auto
AUTO-006293,27395.06,18497.51,1,KPK,auto
AUTO-006294,12143.41,2546.55,0,AJK,auto
AUTO-006295,30926.36,25923.56,1,Sindh,auto
AUTO-006296,13841.57,7061.23,0,KPK,auto
AUTO-006297,12493.83,4503.2,0,Punjab,auto
AUTO-006298,18520.14,2252.62,0,GB,auto
AUTO-006299,16433.93,14260.04,0,Sindh,auto
AUTO-006300,19716.28,7066.09,1,Sindh,auto
AUTO-006301,10716.17,9288.8,1,Punjab,auto
AUTO-006302,35575.35,3941.63,0,GB,auto
AUTO-006303,38709.61,6277.48,1,AJK,auto
AUTO-006304,8319.26,5490.28,0,Sindh,auto
AUTO-006305,35926.44,7476.54,0,Punjab,auto
AUTO-006306,14687.26,4742.68,0,GB,auto
AUTO-006307,33809.18,2374.77,0,Punjab,auto
AUTO-006308,21285.4,71883.34,0,GB,auto
AUTO-006309,22345.67,2722.42,0,Sindh,auto
AUTO-006310,20079.43,9369.05,0,Balochistan,auto
AUTO-006311,40378.98,1963.29,0,Sindh,auto
AUTO-006312,11851.46,1639.85,0,GB,auto
AUTO-006313,29849.4,8762.72,0,Balochistan,auto
AUTO-006314,38202.84,9316.05,0,AJK,auto
AUTO-006315,31513.46,22230.03,0,Punjab,auto
AUTO-006316,70428.23,11154.94,0,KPK,auto
AUTO-006317,16907.74,7187.88,0,Sindh,auto
AUTO-006318,35548.47,3790.75,0,KPK,auto
AUTO-006319,20888.51,26881.93,0,AJK,auto
AUTO-006320,40810.84,17035.95,0,Sindh,auto
AUTO-006321,21941.95,2989.72,0,KPK,auto
AUTO-006322,18143.4,8352.96,0,AJK,auto
AUTO-006323,42320.89,9092.83,0,Balochistan,auto
AUTO-006324,17226.76,6145.51,0,AJK,auto
AUTO-006325,10868.64,15025.14,0,Sindh,auto
AUTO-006326,17010.34,15762.46,0,GB,auto
AUTO-006327,30016.92,6957.75,0,GB,auto
AUTO-006328,44179.64,6472.42,0,GB,auto
AUTO-006329,23285.0,26880.78,0,Sindh,auto
AUTO-006330,42578.24,17090.38,0,Sindh,auto
AUTO-006331,11169.17,8586.0,1,AJK,auto
AUTO-006332,17647.83,2200.92,0,Sindh,auto
AUTO-006333,19066.96,10670.09,0,AJK,auto
AUTO-006334,20800.25,14164.11,0,GB,auto
AUTO-006335,22972.36,894.61,0,Punjab,auto
AUTO-006336,31115.32,9911.94,0,Punjab,auto
AUTO-006337,17634.22,5806.0,0,Punjab,auto
AUTO-006338,23612.09,6790.75,0,KPK,auto
AUTO-006339,21535.08,3920.97,0,Punjab,auto
AUTO-006340,13864.06,7197.21,0,Punjab,auto
AUTO-006341,20809.54,24676.17,0,AJK,auto
AUTO-006342,20499.8,5669.64,0,AJK,auto
AUTO-006343,20281.4,17543.85,0,GB,auto
AUTO-006344,22379.03,4251.11,0,Sindh,auto
AUTO-006345,22875.84,14868.57,0,Sindh,auto
AUTO-006346,17744.88,8113.83,0,Sindh,auto
AUTO-006347,41620.89,10738.81,0,GB,auto
AUTO-006348,12274.26,8149.59,0,AJK,auto
AUTO-006349,15359.89,13538.6,0,AJK,auto
AUTO-006350,88431.35,1038.91,0,Punjab,auto
AUTO-006351,13108.34,2602.27,0,Balochistan,auto
AUTO-006352,11193.88,11312.51,0,AJK,auto
AUTO-006353,31800.53,1579.98,0,GB,auto
AUTO-006354,7796.58,5300.39,1,Balochistan,auto
AUTO-006355,19581.94,7758.37,0,AJK,auto
AUTO-006356,64402.8,4177.58,0,GB,auto
AUTO-006357,10173.4,4659.91,0,AJK,auto
AUTO-006358,8176.49,10069.49,0,KPK,auto
AUTO-006359,10408.83,18168.34,1,Balochistan,auto
AUTO-006360,34516.05,3764.01,0,KPK,auto
AUTO-006361,38653.34,5115.11,0,Punjab,auto
AUTO-006362,17046.59,4514.24,1,KPK,auto
AUTO-006363,30995.78,1167.82,0,KPK,auto
AUTO-006364,44140.26,9075.82,0,GB,auto
AUTO-006365,53834.68,17116.09,0,Punjab,auto
AUTO-006366,19473.94,18275.46,0,Balochistan,auto
AUTO-006367,6969.26,4037.52,0,Sindh,auto
AUTO-006368,14611.45,2976.91,0,AJK,auto
AUTO-006369,17793.67,8244.36,0,GB,auto
AUTO-006370,19351.6,15731.48,0,Balochistan,auto
AUTO-006371,20051.72,9171.72,0,Punjab,auto
AUTO-006372,38539.82,10213.28,0,KPK,auto
AUTO-006373,41656.56,20200.54,0,Sindh,auto
AUTO-006374,20214.66,4485.88,0,KPK,auto
AUTO-006375,38148.53,6795.55,1,AJK,auto
AUTO-006376,26339.65,29961.98,0,Punjab,auto
AUTO-006377,22748.47,6922.63,0,Sindh,auto
AUTO-006378,34657.59,2939.9,0,Balochistan,auto
AUTO-006379,22836.74,4743.43,0,Balochistan,auto
AUTO-006380,61630.1,3825.54,0,Punjab,auto
AUTO-006381,10729.95,10783.04,0,Punjab,auto
AUTO-006382,17024.6,3957.0,0,GB,auto
AUTO-006383,20676.24,10065.08,0,KPK,auto
AUTO-006384,27439.16,4496.92,0,Sindh,auto
AUTO-006385,41522.06,1482.22,0,AJK,auto
AUTO-006386,21759.39,10355.74,0,Punjab,auto
AUTO-006387,10817.12,9124.98,0,Sindh,auto
AUTO-006388,33565.6,12261.34,0,GB,auto
AUTO-006389,32127.88,4729.67,0,Punjab,auto
AUTO-006390,8342.1,4343.19,0,Punjab,auto
AUTO-006391,21984.61,11172.08,0,Balochistan,auto
AUTO-006392,9946.03,27315.67,0,Sindh,auto
AUTO-006393,15798.57,8175.8,0,Balochistan,auto
AUTO-006394,14024.98,11380.63,0,GB,auto
AUTO-006395,33012.2,6264.97,0,Balochistan,auto
AUTO-006396,23351.47,2356.88,0,GB,auto
AUTO-006397,11581.97,17569.92,0,Sindh,auto
AUTO-006398,34201.78,16759.68,0,GB,auto
AUTO-006399,10754.69,14308.65,0,GB,auto
AUTO-006400,25979.34,7005.45,0,Balochistan,auto
AUTO-006401,14661.71,13064.38,0,KPK,auto
AUTO-006402,18345.9,16564.37,0,AJK,auto
AUTO-006403,28343.0,29617.69,0,AJK,auto
AUTO-006404,28587.5,17868.97,0,KPK,auto
AUTO-006405,42979.76,8527.55,0,Punjab,auto
AUTO-006406,21138.96,2845.22,0,Balochistan,auto
AUTO-006407,25673.78,9177.65,0,AJK,auto
AUTO-006408,17696.66,9949.34,0,Sindh,auto
AUTO-006409,24124.78,14288.69,0,GB,auto
AUTO-006410,27439.61,23935.39,0,GB,auto
AUTO-006411,20969.94,7509.17,1,Punjab,auto
AUTO-006412,8938.52,43511.9,0,AJK,auto
AUTO-006413,25996.97,1983.41,0,Balochistan,auto
AUTO-006414,26430.68,11332.99,1,AJK,auto
AUTO-006415,15676.42,4277.76,0,Balochistan,auto
AUTO-006416,11588.94,1762.03,0,Punjab,auto
AUTO-006417,46071.03,6895.2,0,GB,auto
AUTO-006418,28161.83,2525.67,0,KPK,auto
AUTO-006419,19642.67,7121.39,0,GB,auto
AUTO-006420,12475.02,8331.64,0,Balochistan,auto
AUTO-006421,14604.61,19827.66,0,Balochistan,auto
AUTO-006422,42247.28,2425.84,0,Punjab,auto
AUTO-006423,23595.96,16760.1,0,Punjab,auto
AUTO-006424,16725.78,8764.5,0,Sindh,auto
AUTO-006425,28419.89,18454.79,0,GB,auto
AUTO-006426,14658.87,5736.47,0,GB,auto
AUTO-006427,46649.69,2791.14,0,Punjab,auto
AUTO-006428,43321.32,3059.48,0,AJK,auto
AUTO-006429,17443.34,2882.91,0,Balochistan,auto
AUTO-006430,16085.36,11875.72,0,KPK,auto
AUTO-006431,5948.73,26411.05,0,Punjab,auto
AUTO-006432,10500.83,5156.63,0,Balochistan,auto
AUTO-006433,11274.12,13404.0,0,KPK,auto
AUTO-006434,23566.82,2395.26,0,Sindh,auto
AUTO-006435,18711.3,9360.53,0,AJK,auto
AUTO-006436,11241.1,13833.52,0,Sindh,auto
AUTO-006437,19137.75,2544.02,0,Punjab,auto
AUTO-006438,28358.12,6883.57,0,AJK,auto
AUTO-006439,28678.98,14367.64,0,Sindh,auto
AUTO-006440,8519.94,775.09,0,Balochistan,auto
AUTO-006441,20658.21,23584.91,0,Punjab,auto
AUTO-006442,11029.51,10753.04,0,GB,auto
AUTO-006443,34574.25,14376.96,1,Sindh,auto
AUTO-006444,32600.18,5824.48,0,AJK,auto
AUTO-006445,14058.56,2042.28,0,AJK,auto
AUTO-006446,15017.59,12422.32,0,GB,auto
AUTO-006447,17489.68,7585.0,0,KPK,auto
AUTO-006448,7140.97,8313.97,0,AJK,auto
AUTO-006449,26055.5,19342.99,0,AJK,auto
AUTO-006450,19217.52,14907.97,0,Punjab,auto
AUTO-006451,35777.97,37683.96,0,AJK,auto
AUTO-006452,12718.28,9164.42,0,KPK,auto
AUTO-006453,16162.33,4661.21,0,AJK,auto
AUTO-006454,10370.67,6969.28,0,KPK,auto
AUTO-006455,13331.1,11299.69,0,Balochistan,auto
AUTO-006456,12197.78,18263.96,0,KPK,auto
AUTO-006457,36242.47,2505.82,0,Punjab,auto
AUTO-006458,15535.28,8158.62,0,Sindh,auto
AUTO-006459,23437.39,29367.19,0,GB,auto
AUTO-006460,18208.04,6686.41,0,Sindh,auto
AUTO-006461,11675.73,17065.42,0,Balochistan,auto
AUTO-006462,20248.78,12022.01,0,Punjab,auto
AUTO-006463,29719.29,17408.06,0,Balochistan,auto
AUTO-006464,12041.57,4239.46,0,Balochistan,auto
AUTO-006465,33009.69,4254.27,0,AJK,auto
AUTO-006466,14402.25,8235.57,0,AJK,auto
AUTO-006467,17300.8,2378.49,0,Punjab,auto
AUTO-006468,28719.79,6530.3,0,Sindh,auto
AUTO-006469,15808.17,9919.93,0,KPK,auto
AUTO-006470,22444.2,33782.85,0,AJK,auto
AUTO-006471,18819.61,11183.27,0,Punjab,auto
AUTO-006472,23498.32,13362.17,0,Punjab,auto
AUTO-006473,6698.44,20569.83,0,Sindh,auto
AUTO-006474,8823.37,3745.36,0,Punjab,auto
AUTO-006475,29970.94,7100.6,0,GB,auto
AUTO-006476,36996.95,56405.96,0,Punjab,auto
AUTO-006477,13971.25,7606.07,1,Sindh,auto
AUTO-006478,19496.41,19794.21,0,AJK,auto
AUTO-006479,25523.62,17518.11,0,Sindh,auto
AUTO-006480,31151.22,2483.71,0,Balochistan,auto
AUTO-006481,7991.72,10387.76,0,AJK,auto
AUTO-006482,14143.07,9112.46,0,Balochistan,auto
AUTO-006483,18652.03,10550.91,0,Punjab,auto
AUTO-006484,31306.16,4432.46,0,Balochistan,auto
AUTO-006485,76819.61,3315.83,0,Sindh,auto
AUTO-006486,19653.23,5536.91,0,Sindh,auto
AUTO-006487,10899.93,7493.3,0,KPK,auto
AUTO-006488,26933.71,20910.1,0,GB,auto
AUTO-006489,42637.86,34677.58,0,Punjab,auto
AUTO-006490,23248.76,24767.27,0,Sindh,auto
AUTO-006491,13998.08,16125.36,0,AJK,auto
AUTO-006492,35560.72,3628.33,0,Sindh,auto
AUTO-006493,30692.48,5842.32,0,AJK,auto
AUTO-006494,13186.64,9584.87,0,Punjab,auto
AUTO-006495,26654.49,4885.61,0,GB,auto
AUTO-006496,36265.89,12858.55,0,KPK,auto
AUTO-006497,39773.06,14420.25,0,KPK,auto
AUTO-006498,21306.67,12444.48,0,Balochistan,auto
AUTO-006499,18415.73,18400.03,0,Sindh,auto
AUTO-006500,40685.9,3929.73,0,Punjab,auto
AUTO-006501,12027.12,17090.24,0,Balochistan,auto
AUTO-006502,27427.18,4644.71,0,Punjab,auto
AUTO-006503,11103.18,3817.12,0,Punjab,auto
AUTO-006504,37522.2,12402.99,0,Balochistan,auto
AUTO-006505,19360.25,21433.25,0,Punjab,auto
AUTO-006506,41535.0,11973.02,0,Balochistan,auto
AUTO-006507,28161.37,8239.07,0,GB,auto
AUTO-006508,11948.84,10385.06,0,Sindh,auto
AUTO-006509,44905.42,9037.53,1,Balochistan,auto
AUTO-006510,47840.25,3291.96,0,Sindh,auto
AUTO-006511,34239.77,2998.61,0,KPK,auto
AUTO-006512,15051.1,7607.88,0,Balochistan,auto
AUTO-006513,18901.43,8637.65,0,GB,auto
AUTO-006514,23687.76,8176.88,0,KPK,auto
AUTO-006515,15493.02,13917.21,0,Balochistan,auto
AUTO-006516,51337.32,6820.03,0,Punjab,auto
AUTO-006517,23674.72,12713.04,0,KPK,auto
AUTO-006518,5700.6,7217.98,0,AJK,auto
AUTO-006519,26099.67,34845.77,0,AJK,auto
AUTO-006520,18507.31,8643.57,0,AJK,auto
AUTO-006521,21216.55,52710.93,0,KPK,auto
AUTO-006522,18318.93,10738.7,0,Sindh,auto
AUTO-006523,32975.6,6829.85,0,Balochistan,auto
AUTO-006524,38555.11,3945.94,0,Punjab,auto
AUTO-006525,25375.17,2554.7,0,Punjab,auto
AUTO-006526,18589.36,3665.96,0,KPK,auto
AUTO-006527,21575.88,4009.07,0,AJK,auto
AUTO-006528,22243.38,11112.83,0,GB,auto
AUTO-006529,14746.85,5319.14,0,Punjab,auto
AUTO-006530,29421.01,9410.13,0,GB,auto
AUTO-006531,27723.1,22597.23,0,GB,auto
AUTO-006532,47582.51,7553.4,0,Punjab,auto
AUTO-006533,41261.08,42758.59,0,Sindh,auto
AUTO-006534,15633.36,3163.24,0,Punjab,auto
AUTO-006535,33194.82,7183.44,0,Punjab,auto
AUTO-006536,13691.4,5263.49,0,Balochistan,auto
AUTO-006537,31193.53,17140.6,0,Punjab,auto
AUTO-006538,17012.32,1350.41,0,Balochistan,auto
AUTO-006539,13205.3,2554.23,0,AJK,auto
AUTO-006540,25337.04,7436.25,0,Sindh,auto
AUTO-006541,5783.22,28032.01,0,GB,auto
AUTO-006542,9177.52,9707.69,0,Punjab,auto
AUTO-006543,20155.93,2748.37,0,Sindh,auto
AUTO-006544,22953.39,3109.65,0,GB,auto
AUTO-006545,18312.53,30896.3,1,Sindh,auto
AUTO-006546,9999.41,4929.99,0,GB,auto
AUTO-006547,14633.29,3810.93,0,GB,auto
AUTO-006548,26785.2,26420.57,0,Sindh,auto
AUTO-006549,29463.01,18194.55,0,KPK,auto
AUTO-006550,21848.52,22454.53,0,Balochistan,auto
AUTO-006551,39277.88,3789.41,0,GB,auto
AUTO-006552,26868.19,2392.07,0,GB,auto
AUTO-006553,15157.82,9013.99,1,GB,auto
AUTO-006554,19144.08,10594.61,0,GB,auto
AUTO-006555,10922.36,10847.41,0,Sindh,auto
AUTO-006556,20867.13,26437.72,0,GB,auto
AUTO-006557,38409.12,2024.31,0,AJK,auto
AUTO-006558,31027.99,16119.03,0,Punjab,auto
AUTO-006559,44400.44,3370.11,0,GB,auto
AUTO-006560,18931.02,16068.05,1,Sindh,auto
AUTO-006561,43176.42,5541.58,0,GB,auto
AUTO-006562,19997.21,4225.2,0,Sindh,auto
AUTO-006563,45972.22,4974.49,0,GB,auto
AUTO-006564,21787.06,2549.14,0,Punjab,auto
AUTO-006565,31370.26,8369.45,0,GB,auto
AUTO-006566,46053.37,4367.13,0,AJK,auto
AUTO-006567,19995.97,15199.82,1,GB,auto
AUTO-006568,24567.86,13521.62,0,GB,auto
AUTO-006569,41958.31,31273.48,0,Sindh,auto
AUTO-006570,20609.31,10862.39,0,Sindh,auto
AUTO-006571,11379.33,12290.01,0,GB,auto
AUTO-006572,64312.13,24836.75,0,AJK,auto
AUTO-006573,17415.53,4904.31,0,Sindh,auto
AUTO-006574,23846.15,2463.64,0,AJK,auto
AUTO-006575,39261.64,9509.77,0,Sindh,auto
AUTO-006576,16248.45,2596.43,0,Punjab,auto
AUTO-006577,13307.27,57707.99,0,AJK,auto
AUTO-006578,25005.94,25962.24,0,Punjab,auto
AUTO-006579,8986.35,45760.71,0,Punjab,auto
AUTO-006580,19073.34,8518.18,0,Sindh,auto
AUTO-006581,24897.42,12587.49,0,AJK,auto
AUTO-006582,19245.34,5610.64,0,KPK,auto
AUTO-006583,10180.96,16421.39,0,Punjab,auto
AUTO-006584,48878.31,3064.27,0,Punjab,auto
AUTO-006585,23196.79,1059.47,0,Punjab,auto
AUTO-006586,45052.15,4304.57,0,Sindh,auto
AUTO-006587,19340.99,2529.11,0,Sindh,auto
AUTO-006588,14185.76,26432.28,0,Punjab,auto
AUTO-006589,25199.78,34632.3,0,GB,auto
AUTO-006590,19773.67,2637.68,0,Sindh,auto
AUTO-006591,12223.54,22773.95,0,Sindh,auto
AUTO-006592,45930.84,17345.84,0,Sindh,auto
AUTO-006593,16136.92,2308.1,0,Balochistan,auto
AUTO-006594,8776.8,5930.04,0,AJK,auto
AUTO-006595,42791.0,5094.26,0,Sindh,auto
AUTO-006596,17117.4,14741.12,0,Balochistan,auto
AUTO-006597,16253.9,3032.0,0,Balochistan,auto
AUTO-006598,9111.62,7486.84,0,Sindh,auto
AUTO-006599,52599.97,4680.93,0,GB,auto
AUTO-006600,11559.46,11833.3,0,Balochistan,auto
AUTO-006601,22679.68,6812.85,0,KPK,auto
AUTO-006602,34763.04,5280.64,0,Balochistan,auto
AUTO-006603,27196.91,6831.93,0,AJK,auto
AUTO-006604,21379.18,41308.94,0,Balochistan,auto
AUTO-006605,9406.6,5805.03,0,Sindh,auto
AUTO-006606,14693.16,3523.45,0,GB,auto
AUTO-006607,24194.97,12922.78,0,Punjab,auto
AUTO-006608,14859.77,7224.12,1,KPK,auto
AUTO-006609,24383.93,2611.85,0,Balochistan,auto
AUTO-006610,30973.02,48300.49,0,GB,auto
AUTO-006611,35640.98,6112.05,0,KPK,auto
AUTO-006612,11931.18,5989.15,1,AJK,auto
AUTO-006613,66060.29,9208.37,0,Balochistan,auto
AUTO-006614,32329.64,32341.08,0,Balochistan,auto
AUTO-006615,22007.6,2113.72,0,KPK,auto
AUTO-006616,37978.23,10105.03,0,Balochistan,auto
AUTO-006617,71876.45,43037.1,0,Balochistan,auto
AUTO-006618,10728.3,8982.05,0,Punjab,auto
AUTO-006619,19680.21,3016.14,0,KPK,auto
AUTO-006620,6706.18,4940.8,0,Sindh,auto
AUTO-006621,24253.73,9561.56,0,Sindh,auto
AUTO-006622,26441.69,23497.35,0,AJK,auto
AUTO-006623,21599.36,6176.65,0,Punjab,auto
AUTO-006624,15878.69,15698.52,0,KPK,auto
AUTO-006625,7904.94,2570.11,0,KPK,auto
AUTO-006626,26549.52,2553.0,0,Punjab,auto
AUTO-006627,45602.47,5506.91,0,Punjab,auto
AUTO-006628,16391.05,25601.93,0,AJK,auto
AUTO-006629,27447.49,8562.09,0,Sindh,auto
AUTO-006630,10056.03,10217.42,0,GB,auto
AUTO-006631,27683.91,10121.97,0,KPK,auto
AUTO-006632,18093.51,19680.16,0,GB,auto
AUTO-006633,15044.85,4973.22,0,Punjab,auto
AUTO-006634,15060.31,14053.52,1,KPK,auto
AUTO-006635,18091.44,4168.43,0,Sindh,auto
AUTO-006636,26667.92,39601.34,0,KPK,auto
AUTO-006637,11429.1,4271.36,0,GB,auto
AUTO-006638,18059.77,4000.16,0,KPK,auto
AUTO-006639,21574.43,12578.39,0,Punjab,auto
AUTO-006640,12714.27,8637.17,0,Punjab,auto
AUTO-006641,54086.11,10524.72,0,Punjab,auto
AUTO-006642,14375.09,9719.13,0,Sindh,auto
AUTO-006643,15760.81,3386.95,0,Balochistan,auto
AUTO-006644,13505.42,29457.01,1,Sindh,auto
AUTO-006645,54135.21,16561.46,0,Punjab,auto
AUTO-006646,29040.67,24032.44,0,AJK,auto
AUTO-006647,13790.07,5309.94,0,KPK,auto
AUTO-006648,38296.58,11307.47,0,KPK,auto
AUTO-006649,24351.52,9489.06,0,GB,auto
AUTO-006650,25049.94,19978.3,0,KPK,auto
AUTO-006651,18541.4,20500.38,0,GB,auto
AUTO-006652,15142.97,9456.34,0,KPK,auto
AUTO-006653,26078.93,2405.8,0,AJK,auto
AUTO-006654,16771.84,33648.69,0,GB,auto
AUTO-006655,54632.15,12642.13,1,Punjab,auto
AUTO-006656,11676.74,4980.32,0,Balochistan,auto
AUTO-006657,47480.69,11217.54,1,KPK,auto
AUTO-006658,20833.98,2419.04,0,GB,auto
AUTO-006659,25579.41,18850.27,0,Balochistan,auto
AUTO-006660,33408.94,2497.46,0,GB,auto
AUTO-006661,16072.67,6790.86,0,Sindh,auto
AUTO-006662,33932.35,9853.32,0,Sindh,auto
AUTO-006663,5688.65,18602.88,0,KPK,auto
AUTO-006664,15367.42,8824.05,0,Punjab,auto
AUTO-006665,13876.73,13466.63,0,AJK,auto
AUTO-006666,11769.27,7922.53,0,GB,auto
AUTO-006667,19781.9,7897.1,0,KPK,auto
AUTO-006668,26712.18,8676.57,0,Sindh,auto
AUTO-006669,31298.64,6965.7,0,Sindh,auto
AUTO-006670,24845.66,2102.21,0,GB,auto
AUTO-006671,15790.33,4382.35,0,GB,auto
AUTO-006672,26489.62,9855.84,0,GB,auto
AUTO-006673,23438.68,6638.91,0,Balochistan,auto
AUTO-006674,35172.79,7153.47,0,AJK,auto
AUTO-006675,32482.88,6256.13,0,GB,auto
AUTO-006676,22364.68,4060.74,0,GB,auto
AUTO-006677,14064.0,5461.73,0,KPK,auto
AUTO-006678,15891.27,6339.37,0,Punjab,auto
AUTO-006679,16732.45,8136.49,0,Balochistan,auto
AUTO-006680,18814.19,11100.03,0,AJK,auto
AUTO-006681,25185.54,7013.27,0,Balochistan,auto
AUTO-006682,31495.1,3555.59,0,GB,auto
AUTO-006683,21470.62,2647.93,0,Punjab,auto
AUTO-006684,22204.77,64728.04,0,GB,auto
AUTO-006685,23662.65,3281.8,0,Sindh,auto
AUTO-006686,17018.35,5351.33,0,GB,auto
AUTO-006687,13867.51,12253.91,0,KPK,auto
AUTO-006688,9157.07,10814.99,0,KPK,auto
AUTO-006689,15559.48,12291.86,0,Punjab,auto
AUTO-006690,27905.32,5686.36,0,GB,auto
AUTO-006691,15499.21,9806.95,0,KPK,auto
AUTO-006692,19557.15,8510.66,0,KPK,auto
AUTO-006693,27811.8,6312.55,0,GB,auto
AUTO-006694,28576.64,9860.85,0,Balochistan,auto
AUTO-006695,12838.88,18850.46,0,Punjab,auto
AUTO-006696,36262.15,7960.44,0,Balochistan,auto
AUTO-006697,38703.1,8002.92,0,KPK,auto
AUTO-006698,12519.91,19044.41,0,GB,auto
AUTO-006699,14589.85,17484.82,1,AJK,auto
AUTO-006700,39956.45,28771.75,0,GB,auto
AUTO-006701,20467.08,1988.26,0,AJK,auto
AUTO-006702,7259.83,16715.56,0,Balochistan,auto
AUTO-006703,10939.76,13111.75,0,Sindh,auto
AUTO-006704,19444.42,3989.73,0,GB,auto
AUTO-006705,12313.83,9909.71,0,Sindh,auto
AUTO-006706,17913.11,18786.57,0,Punjab,auto
AUTO-006707,22386.16,4174.18,1,AJK,auto
AUTO-006708,45758.25,11545.49,0,AJK,auto
AUTO-006709,19049.06,16270.08,0,Balochistan,auto
AUTO-006710,37656.88,3439.85,0,GB,auto
AUTO-006711,44998.3,7231.28,0,KPK,auto
AUTO-006712,45123.34,10309.02,0,Punjab,auto
AUTO-006713,25396.77,4285.94,0,Balochistan,auto
AUTO-006714,8253.19,4010.53,0,Sindh,auto
AUTO-006715,27733.95,7273.29,0,GB,auto
AUTO-006716,37205.06,15387.52,0,KPK,auto
AUTO-006717,21151.51,13561.46,0,Punjab,auto
AUTO-006718,52695.85,4067.85,0,GB,auto
AUTO-006719,33857.53,13653.27,0,KPK,auto
AUTO-006720,29264.68,4151.6,0,Sindh,auto
AUTO-006721,37918.35,2234.7,0,Balochistan,auto
AUTO-006722,26021.67,6040.76,0,Balochistan,auto
AUTO-006723,6333.41,19898.02,0,AJK,auto
AUTO-006724,17161.62,13694.76,0,GB,auto
AUTO-006725,40078.05,8092.9,0,Balochistan,auto
AUTO-006726,14708.85,5805.93,0,AJK,auto
AUTO-006727,19697.83,5932.44,0,Balochistan,auto
AUTO-006728,13063.56,8839.87,0,Punjab,auto
AUTO-006729,53742.6,3446.97,0,GB,auto
AUTO-006730,51059.47,6133.46,0,Sindh,auto
AUTO-006731,14158.43,6819.52,0,GB,auto
AUTO-006732,23709.92,2749.41,0,GB,auto
AUTO-006733,15673.91,4143.27,1,KPK,auto
AUTO-006734,29955.62,11253.17,0,Sindh,auto
AUTO-006735,28419.8,8164.98,0,Sindh,auto
AUTO-006736,33052.51,6329.59,0,AJK,auto
AUTO-006737,26002.79,3908.3,0,AJK,auto
AUTO-006738,95578.49,28609.09,0,Punjab,auto
AUTO-006739,13174.5,4144.83,0,KPK,auto
AUTO-006740,9364.66,9909.75,0,Balochistan,auto
AUTO-006741,18096.16,5484.63,0,Balochistan,auto
AUTO-006742,10056.82,8341.71,0,Sindh,auto
AUTO-006743,10443.85,11685.31,0,GB,auto
AUTO-006744,13350.95,2707.54,0,Punjab,auto
AUTO-006745,13889.74,8060.31,0,GB,auto
AUTO-006746,13666.34,21006.41,0,KPK,auto
AUTO-006747,28541.36,33163.38,0,Balochistan,auto
AUTO-006748,17101.23,7302.62,0,Sindh,auto
AUTO-006749,20135.56,8377.84,0,Punjab,auto
AUTO-006750,34444.91,47527.63,0,KPK,auto
AUTO-006751,15015.51,20089.24,0,GB,auto
AUTO-006752,19297.43,4945.2,0,Sindh,auto
AUTO-006753,26446.52,4938.48,0,Sindh,auto
AUTO-006754,8343.32,17417.65,0,GB,auto
AUTO-006755,6684.5,3608.94,0,Punjab,auto
AUTO-006756,26188.05,19344.85,0,Punjab,auto
AUTO-006757,28169.84,10587.61,0,Punjab,auto
AUTO-006758,61827.9,12260.97,0,Punjab,auto
AUTO-006759,23838.27,6598.6,0,KPK,auto
AUTO-006760,33185.55,4895.84,0,Punjab,auto
AUTO-006761,19975.54,26097.49,0,Punjab,auto
AUTO-006762,25555.65,6651.58,0,Punjab,auto
AUTO-006763,50697.32,5832.8,0,KPK,auto
AUTO-006764,7615.98,7599.9,1,Balochistan,auto
AUTO-006765,27086.97,9456.12,0,Sindh,auto
AUTO-006766,64073.96,3552.26,0,AJK,auto
AUTO-006767,25362.25,5156.96,0,GB,auto
AUTO-006768,50276.17,4942.24,0,Sindh,auto
AUTO-006769,16081.0,15934.22,0,KPK,auto
AUTO-006770,21676.33,3988.74,0,GB,auto
AUTO-006771,22398.79,1989.0,0,Punjab,auto
AUTO-006772,7267.77,1679.62,1,KPK,auto
AUTO-006773,12282.26,2499.12,0,Balochistan,auto
AUTO-006774,12728.04,24082.26,0,AJK,auto
AUTO-006775,33224.17,8208.83,0,Balochistan,auto
AUTO-006776,34066.73,12100.47,0,Punjab,auto
AUTO-006777,25900.52,12446.44,0,KPK,auto
AUTO-006778,33258.03,8475.6,0,KPK,auto
AUTO-006779,20290.85,7632.53,1,Punjab,auto
AUTO-006780,40173.62,18687.71,0,Punjab,auto
AUTO-006781,22123.47,9106.98,1,AJK,auto
AUTO-006782,22673.04,24816.85,0,Balochistan,auto
AUTO-006783,19287.33,13315.23,0,Punjab,auto
AUTO-006784,31014.97,4943.17,0,Punjab,auto
AUTO-006785,17843.61,5444.13,0,Balochistan,auto
AUTO-006786,35890.06,4527.97,0,Punjab,auto
AUTO-006787,12505.52,21461.98,0,GB,auto
AUTO-006788,12715.05,5860.32,0,AJK,auto
AUTO-006789,31061.16,4277.92,0,AJK,auto
AUTO-006790,21072.58,10465.32,1,Balochistan,auto
AUTO-006791,17554.3,7497.06,0,Sindh,auto
AUTO-006792,34373.08,10256.38,0,AJK,auto
AUTO-006793,16258.47,36748.44,0,KPK,auto
AUTO-006794,19928.37,16822.23,0,KPK,auto
AUTO-006795,44338.74,8280.08,0,Sindh,auto
AUTO-006796,47551.62,2626.12,0,AJK,auto
AUTO-006797,48348.92,5431.82,0,Punjab,auto
AUTO-006798,19128.55,14311.76,0,GB,auto
AUTO-006799,40755.72,3175.33,0,Sindh,auto
AUTO-006800,13705.1,44926.19,0,Punjab,auto
AUTO-006801,13996.3,8197.08,0,GB,auto
AUTO-006802,6800.64,8426.01,0,KPK,auto
AUTO-006803,50839.76,4753.73,0,GB,auto
AUTO-006804,14299.93,12056.87,0,Sindh,auto
AUTO-006805,20676.1,3208.63,0,AJK,auto
AUTO-006806,13972.38,45794.26,0,KPK,auto
AUTO-006807,31181.57,23245.83,0,AJK,auto
AUTO-006808,18254.8,17808.61,0,Punjab,auto
AUTO-006809,11471.16,2664.19,0,AJK,auto
AUTO-006810,27469.49,9550.33,0,GB,auto
AUTO-006811,10755.1,21317.19,0,Sindh,auto
AUTO-006812,14491.2,13023.16,0,Punjab,auto
AUTO-006813,7681.39,3634.81,0,Sindh,auto
AUTO-006814,10807.77,4817.09,0,GB,auto
AUTO-006815,24083.07,5644.58,0,Punjab,auto
AUTO-006816,8248.05,5000.28,0,Sindh,auto
AUTO-006817,10503.11,27529.77,0,KPK,auto
AUTO-006818,22000.39,1742.7,0,Sindh,auto
AUTO-006819,16784.26,13694.3,0,KPK,auto
AUTO-006820,59636.22,2881.76,0,GB,auto
AUTO-006821,55102.38,3755.58,0,Balochistan,auto
AUTO-006822,14271.77,1623.29,0,AJK,auto
AUTO-006823,29102.19,5222.63,0,Punjab,auto
AUTO-006824,32036.82,27135.15,0,AJK,auto
AUTO-006825,16338.19,10015.2,0,GB,auto
AUTO-006826,10427.79,3106.68,0,KPK,auto
AUTO-006827,21891.44,18282.84,0,KPK,auto
AUTO-006828,20202.81,21699.48,0,KPK,auto
AUTO-006829,17714.13,8806.43,0,Sindh,auto
AUTO-006830,27478.48,41266.21,0,AJK,auto
AUTO-006831,15133.03,15634.75,0,KPK,auto
AUTO-006832,12382.03,13990.33,0,Balochistan,auto
AUTO-006833,23261.19,4261.16,0,GB,auto
AUTO-006834,26715.12,13385.39,0,KPK,auto
AUTO-006835,12230.37,9637.65,0,AJK,auto
AUTO-006836,35032.98,12281.67,0,KPK,auto
AUTO-006837,9088.45,4685.99,0,KPK,auto
AUTO-006838,16497.16,8977.52,0,Punjab,auto
AUTO-006839,19360.61,4215.45,0,KPK,auto
AUTO-006840,16024.73,1454.32,0,AJK,auto
AUTO-006841,16605.18,18009.3,0,GB,auto
AUTO-006842,56136.26,2435.94,0,Punjab,auto
AUTO-006843,14393.87,8828.58,0,Punjab,auto
AUTO-006844,74653.36,10576.63,0,KPK,auto
AUTO-006845,27407.26,10522.28,0,KPK,auto
AUTO-006846,23063.98,6460.98,0,Balochistan,auto
AUTO-006847,27948.54,10066.51,0,AJK,auto
AUTO-006848,78038.99,11810.85,0,GB,auto
AUTO-006849,13402.59,14588.25,0,AJK,auto
AUTO-006850,12579.09,32427.21,0,Sindh,auto
AUTO-006851,15101.76,9772.77,0,GB,auto
AUTO-006852,22383.33,8529.1,0,Sindh,auto
AUTO-006853,9293.91,3923.02,0,AJK,auto
AUTO-006854,22273.87,11484.54,0,KPK,auto
AUTO-006855,51368.15,13820.48,0,Punjab,auto
AUTO-006856,23758.69,6947.64,0,Balochistan,auto
AUTO-006857,19027.82,12527.61,0,KPK,auto
AUTO-006858,16170.11,6412.39,0,GB,auto
AUTO-006859,34518.68,13860.44,0,GB,auto
AUTO-006860,14575.3,16815.93,0,Punjab,auto
AUTO-006861,55447.84,16628.98,0,GB,auto
AUTO-006862,57912.0,8904.17,0,AJK,auto
AUTO-006863,25043.65,3526.37,0,GB,auto
AUTO-006864,21900.01,4966.49,0,KPK,auto
AUTO-006865,36876.5,13044.55,0,GB,auto
AUTO-006866,38078.28,57471.81,0,Balochistan,auto
AUTO-006867,14720.61,6169.81,0,GB,auto
AUTO-006868,16927.97,11668.76,0,Sindh,auto
AUTO-006869,11371.05,5193.47,1,Punjab,auto
AUTO-006870,27025.4,3717.57,0,KPK,auto
AUTO-006871,30739.81,4717.09,0,Balochistan,auto
AUTO-006872,11215.33,1531.53,0,KPK,auto
AUTO-006873,17542.83,23926.65,0,AJK,auto
AUTO-006874,11230.33,1360.89,0,Punjab,auto
AUTO-006875,14053.13,6561.26,0,AJK,auto
AUTO-006876,29013.27,3157.38,0,GB,auto
AUTO-006877,15264.1,3993.79,0,AJK,auto
AUTO-006878,18950.53,24372.68,0,GB,auto
AUTO-006879,9762.89,9517.18,0,Sindh,auto
AUTO-006880,24185.17,3743.15,0,AJK,auto
AUTO-006881,21544.23,5056.28,0,Balochistan,auto
AUTO-006882,15298.66,4392.33,0,Punjab,auto
AUTO-006883,20040.15,7825.66,0,Sindh,auto
AUTO-006884,24104.35,9305.06,0,KPK,auto
AUTO-006885,14655.43,36918.2,0,AJK,auto
AUTO-006886,10528.79,1749.28,0,KPK,auto
AUTO-006887,54327.58,7880.53,0,Sindh,auto
AUTO-006888,16048.39,6295.22,0,KPK,auto
AUTO-006889,20986.19,17278.86,0,Balochistan,auto
AUTO-006890,36512.86,10762.84,0,Sindh,auto
AUTO-006891,128608.42,12994.61,0,Punjab,auto
AUTO-006892,11822.46,10679.37,0,Punjab,auto
AUTO-006893,27581.86,3844.53,0,Punjab,auto
AUTO-006894,15463.29,21354.39,0,Punjab,auto
AUTO-006895,16824.73,15348.97,0,Sindh,auto
AUTO-006896,15365.71,16855.36,0,Sindh,auto
AUTO-006897,12546.19,22275.44,0,GB,auto
AUTO-006898,21576.38,11317.89,1,Sindh,auto
AUTO-006899,10538.06,26497.19,0,AJK,auto
AUTO-006900,35362.38,10961.14,0,GB,auto
AUTO-006901,22640.63,6800.51,0,Sindh,auto
AUTO-006902,27206.67,8060.39,0,Sindh,auto
AUTO-006903,17446.7,7949.98,0,Sindh,auto
AUTO-006904,18331.9,5348.05,0,Punjab,auto
AUTO-006905,25432.47,29896.93,0,Balochistan,auto
AUTO-006906,12307.63,10270.55,0,Punjab,auto
AUTO-006907,18416.55,8741.1,0,GB,auto
AUTO-006908,14331.19,11054.79,1,Balochistan,auto
AUTO-006909,14111.08,87893.72,0,Balochistan,auto
AUTO-006910,7670.07,3276.79,0,Balochistan,auto
AUTO-006911,43030.45,4121.49,0,GB,auto
AUTO-006912,15626.61,2685.29,0,GB,auto
AUTO-006913,39406.58,6727.24,0,Punjab,auto
AUTO-006914,37586.35,9861.71,0,AJK,auto
AUTO-006915,11579.6,5584.45,1,KPK,auto
AUTO-006916,12782.01,5261.75,0,AJK,auto
AUTO-006917,79241.19,9080.86,0,Punjab,auto
AUTO-006918,52863.21,5422.51,0,Balochistan,auto
AUTO-006919,21682.07,10385.24,0,KPK,auto
AUTO-006920,25051.44,19759.46,0,AJK,auto
AUTO-006921,16067.87,13927.55,0,GB,auto
AUTO-006922,27341.92,16396.3,0,GB,auto
AUTO-006923,15389.01,19316.88,0,Sindh,auto
AUTO-006924,7973.06,10160.5,0,GB,auto
AUTO-006925,11375.56,7137.28,0,AJK,auto
AUTO-006926,22259.99,4368.6,0,Punjab,auto
AUTO-006927,12512.29,5925.72,0,KPK,auto
AUTO-006928,21297.85,5329.71,0,Sindh,auto
AUTO-006929,12870.2,14549.88,0,GB,auto
AUTO-006930,14895.63,10693.87,0,GB,auto
AUTO-006931,33744.84,14149.1,0,KPK,auto
AUTO-006932,24927.83,3202.64,0,KPK,auto
AUTO-006933,21920.29,25473.64,1,AJK,auto
AUTO-006934,34182.94,5758.4,0,GB,auto
AUTO-006935,28009.65,3360.98,0,Balochistan,auto
AUTO-006936,45400.65,5702.31,0,GB,auto
AUTO-006937,17502.0,59101.57,0,AJK,auto
AUTO-006938,17768.5,5942.15,0,Sindh,auto
AUTO-006939,11492.45,6247.41,0,Punjab,auto
AUTO-006940,17774.31,6948.74,0,GB,auto
AUTO-006941,35681.4,7194.73,0,AJK,auto
AUTO-006942,42192.33,4336.48,0,Balochistan,auto
AUTO-006943,35601.84,9086.73,0,Balochistan,auto
AUTO-006944,8981.34,19158.01,0,AJK,auto
AUTO-006945,37857.05,10419.47,0,Sindh,auto
AUTO-006946,8784.47,3331.13,0,Balochistan,auto
AUTO-006947,34511.87,6151.94,0,Balochistan,auto
AUTO-006948,18326.58,5212.31,0,GB,auto
AUTO-006949,31296.66,8453.63,0,GB,auto
AUTO-006950,11313.77,23490.73,0,Sindh,auto
AUTO-006951,39560.4,7193.22,0,Sindh,auto
AUTO-006952,10588.38,7551.31,0,Sindh,auto
AUTO-006953,15768.55,33594.44,0,Sindh,auto
AUTO-006954,13372.46,16333.36,0,AJK,auto
AUTO-006955,9162.35,12826.45,0,AJK,auto
AUTO-006956,23092.51,38812.8,0,KPK,auto
AUTO-006957,54341.56,11990.25,0,KPK,auto
AUTO-006958,83571.06,1653.71,0,KPK,auto
AUTO-006959,23122.88,15774.23,0,Balochistan,auto
AUTO-006960,38497.19,2267.41,0,Sindh,auto
AUTO-006961,24736.8,11633.04,1,AJK,auto
AUTO-006962,28266.75,2057.0,0,AJK,auto
AUTO-006963,18563.0,5577.61,0,Sindh,auto
AUTO-006964,24283.16,6057.01,0,KPK,auto
AUTO-006965,28817.54,4376.06,0,GB,auto
AUTO-006966,16494.3,6129.81,0,Balochistan,auto
AUTO-006967,21189.33,18509.68,0,AJK,auto
AUTO-006968,21392.27,4577.18,0,Punjab,auto
AUTO-006969,33296.3,12532.9,0,Balochistan,auto
AUTO-006970,12925.84,3742.39,0,Balochistan,auto
AUTO-006971,21466.07,6963.24,0,KPK,auto
AUTO-006972,57296.95,10499.38,0,Sindh,auto
AUTO-006973,39420.06,3651.08,0,Punjab,auto
AUTO-006974,43242.95,2837.34,0,KPK,auto
AUTO-006975,22297.19,12010.09,0,Sindh,auto
AUTO-006976,25861.19,19899.79,0,Punjab,auto
AUTO-006977,36356.13,7606.42,0,GB,auto
AUTO-006978,48056.26,5620.35,0,GB,auto
AUTO-006979,8301.56,9177.78,0,AJK,auto
AUTO-006980,11410.39,8470.83,0,Punjab,auto
AUTO-006981,42392.3,9841.09,0,KPK,auto
AUTO-006982,19178.7,1072.13,0,Punjab,auto
AUTO-006983,15742.82,3445.13,0,Punjab,auto
AUTO-006984,11765.41,4120.85,0,Punjab,auto
AUTO-006985,16688.78,9142.55,0,AJK,auto
AUTO-006986,10925.07,9402.23,0,GB,auto
AUTO-006987,62664.3,13479.76,0,GB,auto
AUTO-006988,21780.75,9957.34,0,Sindh,auto
AUTO-006989,21397.4,2862.39,0,Punjab,auto
AUTO-006990,29555.89,25786.43,0,Balochistan,auto
AUTO-006991,35638.17,22416.1,0,KPK,auto
AUTO-006992,35346.13,2961.47,0,Balochistan,auto
AUTO-006993,37677.22,10574.11,0,Sindh,auto
AUTO-006994,16067.88,5032.44,0,KPK,auto
AUTO-006995,18978.59,9055.17,0,Sindh,auto
AUTO-006996,32354.74,18819.49,0,KPK,auto
AUTO-006997,16920.91,44537.35,0,GB,auto
AUTO-006998,21970.3,14779.88,1,GB,auto
AUTO-006999,26886.56,10259.38,0,Balochistan,auto
AUTO-007000,32617.12,6174.25,0,Balochistan,auto
AUTO-007001,9055.79,9374.12,0,AJK,auto
AUTO-007002,31488.35,24048.25,0,Sindh,auto
AUTO-007003,19597.12,7818.38,0,Balochistan,auto
AUTO-007004,31373.81,3988.26,0,KPK,auto
AUTO-007005,32482.8,2217.75,0,Punjab,auto
AUTO-007006,49215.19,12215.22,0,Punjab,auto
AUTO-007007,43335.47,9875.68,0,Punjab,auto
AUTO-007008,43186.61,4833.25,0,AJK,auto
AUTO-007009,45335.02,18412.98,0,Balochistan,auto
AUTO-007010,25481.03,5782.43,0,Sindh,auto
AUTO-007011,22383.8,7275.62,0,Sindh,auto
AUTO-007012,34078.04,7995.78,1,AJK,auto
AUTO-007013,31762.46,6119.51,0,KPK,auto
AUTO-007014,18872.61,9785.84,1,GB,auto
AUTO-007015,26968.15,20357.65,0,Balochistan,auto
AUTO-007016,21643.31,3248.71,0,Balochistan,auto
AUTO-007017,14371.95,11977.87,0,KPK,auto
AUTO-007018,41991.83,9299.6,0,KPK,auto
AUTO-007019,22642.85,9163.75,0,Balochistan,auto
AUTO-007020,61350.23,16276.47,0,Balochistan,auto
AUTO-007021,9771.78,8429.04,0,Punjab,auto
AUTO-007022,16674.08,11898.69,0,Sindh,auto
AUTO-007023,22388.87,14367.04,0,Punjab,auto
AUTO-007024,38897.71,5412.72,0,Punjab,auto
AUTO-007025,26896.05,10294.31,0,Sindh,auto
AUTO-007026,25725.46,6630.07,0,AJK,auto
AUTO-007027,12536.1,7287.05,0,GB,auto
AUTO-007028,12351.46,6262.6,0,AJK,auto
AUTO-007029,25880.69,11811.92,0,AJK,auto
AUTO-007030,11136.1,8650.01,0,AJK,auto
AUTO-007031,16882.98,11110.38,1,KPK,auto
AUTO-007032,28295.52,7990.32,0,Punjab,auto
AUTO-007033,13478.32,2245.54,0,KPK,auto
AUTO-007034,49152.25,8309.0,0,KPK,auto
AUTO-007035,40618.06,8525.61,0,Sindh,auto
AUTO-007036,10039.57,9838.68,1,AJK,auto
AUTO-007037,13819.2,5039.27,0,Balochistan,auto
AUTO-007038,7024.16,3113.88,0,AJK,auto
AUTO-007039,14893.86,13355.52,0,Punjab,auto
AUTO-007040,32312.01,6510.13,1,KPK,auto
AUTO-007041,17908.89,9292.8,0,Punjab,auto
AUTO-007042,27733.56,6469.36,0,KPK,auto
AUTO-007043,10289.02,8063.88,0,KPK,auto
AUTO-007044,32826.38,5656.56,0,KPK,auto
AUTO-007045,16688.0,3735.11,0,Balochistan,auto
AUTO-007046,22160.9,11837.0,0,AJK,auto
AUTO-007047,21027.0,5001.55,0,KPK,auto
AUTO-007048,11663.57,9238.74,0,Sindh,auto
AUTO-007049,12375.3,11252.75,1,GB,auto
AUTO-007050,35735.41,5067.23,0,GB,auto
AUTO-007051,26889.63,3092.98,0,KPK,auto
AUTO-007052,37235.75,56436.34,0,AJK,auto
AUTO-007053,25908.57,5312.31,0,AJK,auto
AUTO-007054,23658.92,13342.82,0,Balochistan,auto
AUTO-007055,9292.8,38237.46,0,KPK,auto
AUTO-007056,19241.35,15243.77,0,Sindh,auto
AUTO-007057,21726.93,6371.85,0,Balochistan,auto
AUTO-007058,58486.64,7679.48,0,Balochistan,auto
AUTO-007059,31053.86,4162.68,0,KPK,auto
AUTO-007060,47478.42,16405.26,0,KPK,auto
AUTO-007061,29696.04,12746.56,0,Balochistan,auto
AUTO-007062,15434.31,5369.34,0,Balochistan,auto
AUTO-007063,23354.9,3520.15,1,Balochistan,auto
AUTO-007064,24787.92,2815.83,1,Punjab,auto
AUTO-007065,13772.4,17840.23,0,Balochistan,auto
AUTO-007066,18175.07,8922.21,0,AJK,auto
AUTO-007067,19872.98,9623.73,0,GB,auto
AUTO-007068,49158.74,4194.97,0,Sindh,auto
AUTO-007069,7782.48,2512.91,0,Sindh,auto
AUTO-007070,40251.77,17502.36,0,GB,auto
AUTO-007071,13788.67,8380.23,0,KPK,auto
AUTO-007072,11091.79,16743.87,0,Balochistan,auto
AUTO-007073,39734.34,5950.64,0,Sindh,auto
AUTO-007074,31759.56,6704.58,0,Sindh,auto
AUTO-007075,41243.94,14337.57,0,AJK,auto
AUTO-007076,32871.16,14557.75,0,AJK,auto
AUTO-007077,61692.8,15337.44,0,Punjab,auto
AUTO-007078,29125.28,6398.63,0,GB,auto
AUTO-007079,20368.83,13248.48,0,Punjab,auto
AUTO-007080,26146.31,19678.45,0,Sindh,auto
AUTO-007081,41016.7,7451.59,0,KPK,auto
AUTO-007082,14917.83,5373.36,0,Sindh,auto
AUTO-007083,15899.7,23722.95,0,KPK,auto
AUTO-007084,18873.61,4800.35,0,Sindh,auto
AUTO-007085,7690.25,13407.66,0,AJK,auto
AUTO-007086,23600.88,7733.08,0,Balochistan,auto
AUTO-007087,8577.82,1857.06,0,Sindh,auto
AUTO-007088,22618.64,19987.76,0,Punjab,auto
AUTO-007089,33950.03,892.22,0,KPK,auto
AUTO-007090,17353.71,1656.89,0,KPK,auto
AUTO-007091,50947.85,12355.59,0,Sindh,auto
AUTO-007092,10612.09,12353.03,0,KPK,auto
AUTO-007093,39959.84,4865.56,0,Punjab,auto
AUTO-007094,30870.88,9120.3,0,AJK,auto
AUTO-007095,9339.27,1069.4,0,Balochistan,auto
AUTO-007096,85425.26,14265.23,0,Balochistan,auto
AUTO-007097,21335.49,9894.96,0,KPK,auto
AUTO-007098,14203.7,7812.54,0,Sindh,auto
AUTO-007099,10899.33,8239.32,0,KPK,auto
AUTO-007100,19731.88,12023.32,0,Punjab,auto
AUTO-007101,20667.06,7917.88,0,GB,auto
AUTO-007102,23186.44,1809.41,0,Sindh,auto
AUTO-007103,18979.26,46960.67,0,AJK,auto
AUTO-007104,30230.68,21176.36,0,Punjab,auto
AUTO-007105,18145.63,2898.78,0,AJK,auto
AUTO-007106,8370.91,6148.05,0,Sindh,auto
AUTO-007107,20441.44,6708.78,0,AJK,auto
AUTO-007108,6743.01,19207.95,0,Punjab,auto
AUTO-007109,26288.46,1440.27,0,Punjab,auto
AUTO-007110,13498.72,5435.97,0,KPK,auto
AUTO-007111,23901.11,1981.27,0,GB,auto
AUTO-007112,42490.57,6450.57,0,Sindh,auto
AUTO-007113,13706.5,5552.48,0,Balochistan,auto
AUTO-007114,37444.99,8636.52,0,GB,auto
AUTO-007115,17735.17,4994.54,0,Balochistan,auto
AUTO-007116,52923.22,4443.43,0,AJK,auto
AUTO-007117,18350.71,13302.74,0,Balochistan,auto
AUTO-007118,14468.85,11657.89,0,Balochistan,auto
AUTO-007119,31058.23,12595.8,0,Punjab,auto
AUTO-007120,17713.9,7033.78,0,Punjab,auto
AUTO-007121,14461.93,5128.71,0,Punjab,auto
AUTO-007122,17345.36,7368.12,0,Balochistan,auto
AUTO-007123,21540.64,12099.62,0,AJK,auto
AUTO-007124,43091.89,1420.23,0,Sindh,auto
AUTO-007125,8374.58,11106.54,0,KPK,auto
AUTO-007126,22282.13,10376.62,0,AJK,auto
AUTO-007127,30105.16,8516.16,0,Punjab,auto
AUTO-007128,24263.4,7190.74,0,AJK,auto
AUTO-007129,42401.23,1040.13,0,Sindh,auto
AUTO-007130,21222.71,5699.41,0,GB,auto
AUTO-007131,20084.91,33912.91,0,Punjab,auto
AUTO-007132,29618.81,8187.15,0,Sindh,auto
AUTO-007133,23147.84,6337.05,0,GB,auto
AUTO-007134,18120.44,8213.42,0,KPK,auto
AUTO-007135,28511.76,10762.45,0,AJK,auto
AUTO-007136,15894.62,13726.12,0,KPK,auto
AUTO-007137,16226.67,6747.29,0,Balochistan,auto
AUTO-007138,16915.79,11383.68,0,AJK,auto
AUTO-007139,43327.14,30986.93,0,GB,auto
AUTO-007140,4400.58,18124.15,0,Balochistan,auto
AUTO-007141,26844.05,52693.12,0,Sindh,auto
AUTO-007142,22407.16,4791.43,0,Balochistan,auto
AUTO-007143,9504.92,30975.49,0,GB,auto
AUTO-007144,25715.86,4304.69,0,GB,auto
AUTO-007145,27941.71,10752.06,0,Sindh,auto
AUTO-007146,29578.99,14559.24,0,KPK,auto
AUTO-007147,5849.35,5385.03,0,Punjab,auto
AUTO-007148,43616.67,8693.85,0,KPK,auto
AUTO-007149,15231.66,16787.15,0,Balochistan,auto
AUTO-007150,31047.82,4590.68,0,Sindh,auto
AUTO-007151,31905.6,30807.29,0,Balochistan,auto
AUTO-007152,14209.29,2676.65,0,GB,auto
AUTO-007153,30645.16,38244.43,0,Punjab,auto
AUTO-007154,18165.03,18052.89,0,AJK,auto
AUTO-007155,7819.0,7541.83,0,AJK,auto
AUTO-007156,39492.69,5871.5,0,AJK,auto
AUTO-007157,14950.16,5401.21,0,Balochistan,auto
AUTO-007158,14367.92,7268.92,0,AJK,auto
AUTO-007159,18006.12,7794.73,1,Sindh,auto
AUTO-007160,25238.31,22118.75,0,Punjab,auto
AUTO-007161,21404.68,39140.9,0,GB,auto
AUTO-007162,28970.5,9504.34,0,KPK,auto
AUTO-007163,11274.01,4119.54,0,GB,auto
AUTO-007164,15196.29,5236.56,1,Sindh,auto
AUTO-007165,20785.3,6999.03,0,Punjab,auto
AUTO-007166,56893.91,3554.26,0,KPK,auto
AUTO-007167,20808.02,3155.33,0,AJK,auto
AUTO-007168,37896.39,43377.74,0,KPK,auto
AUTO-007169,22455.2,10322.6,0,Balochistan,auto
AUTO-007170,17294.96,4160.93,0,Balochistan,auto
AUTO-007171,19470.15,15572.83,0,AJK,auto
AUTO-007172,20247.57,3156.83,0,AJK,auto
AUTO-007173,29786.87,3371.76,0,Sindh,auto
AUTO-007174,43796.34,4262.31,0,Sindh,auto
AUTO-007175,26366.26,30442.98,0,GB,auto
AUTO-007176,39876.36,6618.98,0,Balochistan,auto
AUTO-007177,13597.01,1148.99,0,Punjab,auto
AUTO-007178,17902.3,21333.9,0,Sindh,auto
AUTO-007179,15334.32,6341.65,0,Punjab,auto
AUTO-007180,25776.6,1845.44,0,GB,auto
AUTO-007181,18407.64,6289.6,1,Balochistan,auto
AUTO-007182,31725.83,12293.22,0,Sindh,auto
AUTO-007183,13828.67,11195.19,0,Punjab,auto
AUTO-007184,22505.51,34157.31,0,GB,auto
AUTO-007185,31052.32,4096.08,0,Punjab,auto
AUTO-007186,7842.78,8411.68,0,Sindh,auto
AUTO-007187,63628.43,4630.15,1,AJK,auto
AUTO-007188,19118.74,2359.6,1,GB,auto
AUTO-007189,8002.27,16455.61,0,GB,auto
AUTO-007190,23838.26,11738.34,1,KPK,auto
AUTO-007191,22397.88,10167.41,0,AJK,auto
AUTO-007192,21142.76,11400.72,0,GB,auto
AUTO-007193,36155.9,4682.66,0,KPK,auto
AUTO-007194,32007.4,3624.4,0,Punjab,auto
AUTO-007195,25563.94,8350.84,1,Sindh,auto
AUTO-007196,27586.39,20516.18,0,GB,auto
AUTO-007197,20906.61,29332.8,0,Balochistan,auto
AUTO-007198,53516.51,15311.3,0,Sindh,auto
AUTO-007199,10513.36,8294.43,0,AJK,auto
AUTO-007200,23619.45,10055.02,0,KPK,auto
AUTO-007201,22754.37,8178.59,0,Sindh,auto
AUTO-007202,33078.55,3566.16,0,KPK,auto
AUTO-007203,14444.56,8264.45,0,AJK,auto
AUTO-007204,9211.09,2785.38,0,AJK,auto
AUTO-007205,23823.11,7337.39,0,Sindh,auto
AUTO-007206,25352.06,29997.94,0,GB,auto
AUTO-007207,46388.17,15650.96,0,Balochistan,auto
AUTO-007208,11670.49,3871.92,0,GB,auto
AUTO-007209,39235.88,7646.91,0,Balochistan,auto
AUTO-007210,71948.59,4156.79,0,KPK,auto
AUTO-007211,18235.35,7707.81,0,Sindh,auto
AUTO-007212,11551.02,18636.67,0,Punjab,auto
AUTO-007213,17970.97,13662.45,0,AJK,auto
AUTO-007214,22181.25,59119.45,0,GB,auto
AUTO-007215,29199.12,21035.82,0,KPK,auto
AUTO-007216,16387.97,9539.54,0,AJK,auto
AUTO-007217,47934.91,13928.88,0,KPK,auto
AUTO-007218,12616.16,6891.51,1,Sindh,auto
AUTO-007219,9231.69,3287.87,0,KPK,auto
AUTO-007220,38305.75,23031.57,0,KPK,auto
AUTO-007221,7063.45,18163.93,0,Punjab,auto
AUTO-007222,19889.26,6681.89,1,KPK,auto
AUTO-007223,104698.55,10088.47,0,Balochistan,auto
AUTO-007224,21894.23,21867.38,0,KPK,auto
AUTO-007225,12576.89,15947.88,0,KPK,auto
AUTO-007226,21403.32,2513.72,0,Sindh,auto
AUTO-007227,21474.03,9846.74,0,KPK,auto
AUTO-007228,23868.74,7086.13,0,Punjab,auto
AUTO-007229,30672.8,19739.97,0,Sindh,auto
AUTO-007230,13101.01,18487.21,0,AJK,auto
AUTO-007231,51214.3,23269.21,0,Balochistan,auto
AUTO-007232,24898.36,3313.25,0,Balochistan,auto
AUTO-007233,31678.61,4327.35,0,AJK,auto
AUTO-007234,16089.55,19757.06,0,KPK,auto
AUTO-007235,41906.28,5047.68,1,Punjab,auto
AUTO-007236,19369.87,2399.11,0,Punjab,auto
AUTO-007237,25305.48,12407.76,0,Punjab,auto
AUTO-007238,13814.13,5230.31,0,Punjab,auto
AUTO-007239,13380.24,33922.46,0,KPK,auto
AUTO-007240,31073.25,10269.64,0,AJK,auto
AUTO-007241,17644.8,9211.49,0,AJK,auto
AUTO-007242,14372.74,6030.62,0,Balochistan,auto
AUTO-007243,15969.06,28930.98,0,AJK,auto
AUTO-007244,31240.69,10795.06,0,Punjab,auto
AUTO-007245,16082.4,5844.17,0,KPK,auto
AUTO-007246,20768.08,4292.97,0,Sindh,auto
AUTO-007247,22192.59,7640.52,0,Sindh,auto
AUTO-007248,8444.96,3706.65,0,Punjab,auto
AUTO-007249,10555.86,18455.21,0,GB,auto
AUTO-007250,26059.53,1907.08,0,Balochistan,auto
AUTO-007251,15237.05,7247.33,0,Sindh,auto
AUTO-007252,37360.25,13201.78,0,GB,auto
AUTO-007253,35717.77,10654.05,0,Punjab,auto
AUTO-007254,31558.06,4565.0,0,KPK,auto
AUTO-007255,54714.6,13741.93,0,Sindh,auto
AUTO-007256,21130.13,3988.49,0,Punjab,auto
AUTO-007257,30468.27,7959.27,0,Sindh,auto
AUTO-007258,16445.37,13649.71,0,KPK,auto
AUTO-007259,75070.65,11734.99,0,AJK,auto
AUTO-007260,59386.18,4721.91,0,AJK,auto
AUTO-007261,22157.7,21120.42,0,KPK,auto
AUTO-007262,26723.35,8685.03,0,KPK,auto
AUTO-007263,43462.28,14682.28,0,AJK,auto
AUTO-007264,20464.16,27536.86,0,KPK,auto
AUTO-007265,15862.1,19811.47,0,KPK,auto
AUTO-007266,34098.03,19852.86,0,KPK,auto
AUTO-007267,22907.5,9453.53,0,AJK,auto
AUTO-007268,24136.9,15292.96,0,AJK,auto
AUTO-007269,14513.93,9613.05,0,GB,auto
AUTO-007270,9331.62,3079.56,0,Sindh,auto
AUTO-007271,24786.92,10323.67,0,AJK,auto
AUTO-007272,34630.19,9947.62,0,Sindh,auto
AUTO-007273,19674.85,12925.84,0,AJK,auto
AUTO-007274,45171.19,7314.42,0,Balochistan,auto
AUTO-007275,15491.42,4406.5,0,Sindh,auto
AUTO-007276,12999.26,13700.74,0,KPK,auto
AUTO-007277,21298.35,2833.82,0,Balochistan,auto
AUTO-007278,21135.38,26031.31,0,GB,auto
AUTO-007279,32369.9,6733.6,0,AJK,auto
AUTO-007280,14950.78,9861.79,0,AJK,auto
AUTO-007281,43653.87,12668.15,1,GB,auto
AUTO-007282,58891.88,12998.0,0,Balochistan,auto
AUTO-007283,21599.55,2624.94,0,Punjab,auto
AUTO-007284,41144.9,15666.33,0,KPK,auto
AUTO-007285,12987.61,10327.06,0,Sindh,auto
AUTO-007286,37707.37,4874.59,0,Balochistan,auto
AUTO-007287,37184.16,4448.25,0,Sindh,auto
AUTO-007288,33918.59,6202.81,0,AJK,auto
AUTO-007289,21855.73,2866.96,0,Punjab,auto
AUTO-007290,5028.49,32138.63,0,GB,auto
AUTO-007291,15980.69,26606.77,0,Punjab,auto
AUTO-007292,16107.53,11630.2,0,Sindh,auto
AUTO-007293,13505.77,6776.94,0,GB,auto
AUTO-007294,23414.75,6920.99,0,AJK,auto
AUTO-007295,17863.56,14860.36,0,GB,auto
AUTO-007296,14584.2,33066.02,0,GB,auto
AUTO-007297,12972.67,5134.22,0,Punjab,auto
AUTO-007298,15401.86,3314.07,0,KPK,auto
AUTO-007299,38590.04,27948.33,0,AJK,auto
AUTO-007300,15827.24,1939.7,0,Balochistan,auto
AUTO-007301,17026.58,3616.19,0,Balochistan,auto
AUTO-007302,17529.69,6650.94,0,Balochistan,auto
AUTO-007303,26094.94,2325.41,0,KPK,auto
AUTO-007304,27670.57,19726.52,0,AJK,auto
AUTO-007305,4806.25,16083.1,0,GB,auto
AUTO-007306,36710.48,5116.19,0,Sindh,auto
AUTO-007307,45169.8,22554.53,0,Sindh,auto
AUTO-007308,13028.66,25833.67,0,AJK,auto
AUTO-007309,13546.06,7401.69,0,KPK,auto
AUTO-007310,17586.26,5650.31,0,AJK,auto
AUTO-007311,15093.18,49398.81,0,Sindh,auto
AUTO-007312,24635.98,14428.05,0,AJK,auto
AUTO-007313,8322.66,9947.33,0,Balochistan,auto
AUTO-007314,12594.76,24120.97,0,GB,auto
AUTO-007315,47552.93,10316.96,0,AJK,auto
AUTO-007316,13847.92,5407.29,0,GB,auto
AUTO-007317,41015.86,8639.74,0,Punjab,auto
AUTO-007318,26309.07,18600.12,1,AJK,auto
AUTO-007319,8913.89,1646.24,0,Sindh,auto
AUTO-007320,30262.5,6435.44,0,Sindh,auto
AUTO-007321,20767.95,24500.43,0,GB,auto
AUTO-007322,17540.48,5380.33,0,Sindh,auto
AUTO-007323,24896.4,27914.09,0,Balochistan,auto
AUTO-007324,27926.09,25129.43,0,Sindh,auto
AUTO-007325,31375.92,7689.24,0,Punjab,auto
AUTO-007326,39700.79,5141.85,0,AJK,auto
AUTO-007327,27012.85,6438.9,0,KPK,auto
AUTO-007328,11072.09,68301.81,0,Sindh,auto
AUTO-007329,17381.77,36298.79,0,AJK,auto
AUTO-007330,95944.4,8958.09,0,Balochistan,auto
AUTO-007331,31642.16,4981.45,0,AJK,auto
AUTO-007332,72016.0,8898.45,1,Sindh,auto
AUTO-007333,44254.71,9848.37,0,Sindh,auto
AUTO-007334,24857.16,2996.84,0,GB,auto
AUTO-007335,25609.11,8638.92,0,Sindh,auto
AUTO-007336,21627.26,23339.99,0,Punjab,auto
AUTO-007337,9238.16,1920.83,0,AJK,auto
AUTO-007338,22226.12,15697.66,0,GB,auto
AUTO-007339,40349.62,24339.08,0,KPK,auto
AUTO-007340,16320.54,5174.79,0,Punjab,auto
AUTO-007341,27064.45,31424.42,0,KPK,auto
AUTO-007342,33718.28,4664.47,0,Sindh,auto
AUTO-007343,13976.88,11531.83,0,KPK,auto
AUTO-007344,17577.04,6339.67,0,KPK,auto
AUTO-007345,13240.61,6338.53,0,Punjab,auto
AUTO-007346,14602.05,4945.14,0,Punjab,auto
AUTO-007347,11570.31,14169.69,0,AJK,auto
AUTO-007348,14041.55,15979.22,0,KPK,auto
AUTO-007349,44789.45,7696.05,0,Punjab,auto
AUTO-007350,13936.43,2729.91,0,AJK,auto
AUTO-007351,23464.16,11187.32,0,KPK,auto
AUTO-007352,17129.64,11357.25,0,KPK,auto
AUTO-007353,39712.96,6813.27,0,GB,auto
AUTO-007354,42428.74,36090.5,0,Sindh,auto
AUTO-007355,33929.33,2318.92,0,Punjab,auto
AUTO-007356,25669.72,1374.95,0,Balochistan,auto
AUTO-007357,19623.25,4515.77,0,GB,auto
AUTO-007358,12137.59,14304.65,0,Punjab,auto
AUTO-007359,58207.21,3481.87,0,GB,auto
AUTO-007360,15065.51,3696.8,0,Sindh,auto
AUTO-007361,30694.02,17340.79,0,GB,auto
AUTO-007362,37413.35,11731.56,0,GB,auto
AUTO-007363,16686.57,10956.07,0,AJK,auto
AUTO-007364,37012.33,15140.72,0,Punjab,auto
AUTO-007365,32276.88,5766.64,0,KPK,auto
AUTO-007366,52259.76,5983.81,0,Balochistan,auto
AUTO-007367,17419.17,15488.04,0,AJK,auto
AUTO-007368,11580.38,2763.05,0,Punjab,auto
AUTO-007369,17107.21,1459.46,0,AJK,auto
AUTO-007370,24451.01,5729.44,0,KPK,auto
AUTO-007371,22677.0,17063.53,0,GB,auto
AUTO-007372,18093.01,9941.25,0,Balochistan,auto
AUTO-007373,8479.45,16088.07,0,KPK,auto
AUTO-007374,27868.2,1614.8,0,Balochistan,auto
AUTO-007375,59051.91,10429.54,0,AJK,auto
AUTO-007376,27781.5,13671.81,0,GB,auto
AUTO-007377,29868.74,2750.02,0,GB,auto
AUTO-007378,29325.79,16149.53,0,Punjab,auto
AUTO-007379,26863.49,7411.48,0,Balochistan,auto
AUTO-007380,35095.67,94567.52,0,KPK,auto
AUTO-007381,26841.03,1419.71,0,Balochistan,auto
AUTO-007382,18838.57,24228.66,0,AJK,auto
AUTO-007383,14794.42,5911.61,0,GB,auto
AUTO-007384,19448.27,2222.26,0,AJK,auto
AUTO-007385,25772.54,5315.78,0,AJK,auto
AUTO-007386,18806.51,10117.11,0,Punjab,auto
AUTO-007387,25775.23,18582.46,0,AJK,auto
AUTO-007388,27435.01,32130.83,0,Punjab,auto
AUTO-007389,33409.3,25273.57,0,Sindh,auto
AUTO-007390,41831.19,3743.19,0,Balochistan,auto
AUTO-007391,22902.55,20012.89,0,GB,auto
AUTO-007392,11454.2,11081.45,1,GB,auto
AUTO-007393,18535.59,4799.74,0,KPK,auto
AUTO-007394,22517.12,6839.51,0,GB,auto
AUTO-007395,8796.56,4592.25,0,Punjab,auto
AUTO-007396,44105.17,8347.14,0,GB,auto
AUTO-007397,23651.67,4520.03,0,Punjab,auto
AUTO-007398,26653.52,3560.32,0,GB,auto
AUTO-007399,43597.86,11888.13,0,KPK,auto
AUTO-007400,16073.52,13399.66,0,Balochistan,auto
AUTO-007401,29349.21,6973.85,0,AJK,auto
AUTO-007402,20849.14,24200.32,0,Balochistan,auto
AUTO-007403,20089.58,6579.12,0,Punjab,auto
AUTO-007404,14971.5,6359.98,0,AJK,auto
AUTO-007405,50655.42,13744.46,1,Sindh,auto
AUTO-007406,18256.02,7288.55,0,KPK,auto
AUTO-007407,31248.67,8671.86,0,Balochistan,auto
AUTO-007408,8625.66,1078.85,0,AJK,auto
AUTO-007409,39735.26,8212.12,0,KPK,auto
AUTO-007410,37276.02,1878.53,0,Balochistan,auto
AUTO-007411,23126.1,3051.05,0,Punjab,auto
AUTO-007412,19663.68,2784.27,0,Punjab,auto
AUTO-007413,26903.19,3519.0,0,Punjab,auto
AUTO-007414,69175.04,5223.47,0,Sindh,auto
AUTO-007415,9121.43,5490.67,0,GB,auto
AUTO-007416,32565.66,13786.16,0,Punjab,auto
AUTO-007417,13963.35,9680.9,0,Punjab,auto
AUTO-007418,21808.19,1770.72,0,GB,auto
AUTO-007419,19458.9,8661.44,0,Punjab,auto
AUTO-007420,17780.2,10452.58,0,AJK,auto
AUTO-007421,21911.51,6230.09,1,KPK,auto
AUTO-007422,12492.88,7717.85,0,Sindh,auto
AUTO-007423,36849.24,9435.63,0,Balochistan,auto
AUTO-007424,8981.55,14938.24,0,GB,auto
AUTO-007425,28850.49,2298.69,0,GB,auto
AUTO-007426,18708.48,6664.47,0,GB,auto
AUTO-007427,12265.4,27083.2,0,Sindh,auto
AUTO-007428,24372.04,25168.01,0,KPK,auto
AUTO-007429,10112.47,16006.49,0,Punjab,auto
AUTO-007430,22468.21,12449.8,0,GB,auto
AUTO-007431,10813.62,30445.94,0,Punjab,auto
AUTO-007432,27740.15,37581.92,0,Balochistan,auto
AUTO-007433,13874.69,7308.08,0,GB,auto
AUTO-007434,17579.75,3731.08,0,Sindh,auto
AUTO-007435,25513.8,6527.41,0,Sindh,auto
AUTO-007436,14968.88,96505.61,0,Balochistan,auto
AUTO-007437,21397.26,2308.87,0,Sindh,auto
AUTO-007438,10332.86,5561.2,0,Sindh,auto
AUTO-007439,30195.19,2617.17,0,Sindh,auto
AUTO-007440,53234.23,8953.6,0,GB,auto
AUTO-007441,88974.44,3095.94,0,Balochistan,auto
AUTO-007442,23053.76,7427.91,0,GB,auto
AUTO-007443,32666.39,1702.62,0,Balochistan,auto
AUTO-007444,9042.47,13281.09,1,KPK,auto
AUTO-007445,46693.82,21544.51,0,Sindh,auto
AUTO-007446,32471.38,5960.12,0,KPK,auto
AUTO-007447,17292.59,7272.8,0,AJK,auto
AUTO-007448,40887.94,7110.12,0,AJK,auto
AUTO-007449,19394.83,9364.94,0,Sindh,auto
AUTO-007450,17518.06,7859.39,0,Punjab,auto
AUTO-007451,27935.89,14980.33,0,AJK,auto
AUTO-007452,12943.16,21729.61,0,Punjab,auto
AUTO-007453,36710.29,4224.87,0,KPK,auto
AUTO-007454,12990.91,6326.72,0,Sindh,auto
AUTO-007455,13029.52,16668.83,0,KPK,auto
AUTO-007456,13976.81,2598.44,0,GB,auto
AUTO-007457,32200.91,1674.76,0,KPK,auto
AUTO-007458,16181.31,9711.37,0,Balochistan,auto
AUTO-007459,11226.16,12053.1,0,Sindh,auto
AUTO-007460,16271.33,4546.71,0,Balochistan,auto
AUTO-007461,21676.39,5100.43,0,KPK,auto
AUTO-007462,12203.94,4410.95,0,Punjab,auto
AUTO-007463,12383.99,4049.95,0,Sindh,auto
AUTO-007464,63300.48,14112.22,0,Sindh,auto
AUTO-007465,14324.37,3151.4,0,AJK,auto
AUTO-007466,18741.19,6552.37,0,Punjab,auto
AUTO-007467,18331.6,3927.39,0,GB,auto
AUTO-007468,17842.2,2529.48,0,Punjab,auto
AUTO-007469,30051.67,16254.78,0,KPK,auto
AUTO-007470,35386.0,5346.19,0,KPK,auto
AUTO-007471,18902.0,9421.52,0,KPK,auto
AUTO-007472,11869.9,2424.88,0,AJK,auto
AUTO-007473,41656.81,4475.84,0,Punjab,auto
AUTO-007474,21001.09,14836.87,0,Balochistan,auto
AUTO-007475,52321.41,64203.77,0,Punjab,auto
AUTO-007476,7166.75,1667.41,0,Balochistan,auto
AUTO-007477,24287.12,6898.88,0,Sindh,auto
AUTO-007478,57486.37,11269.15,0,Balochistan,auto
AUTO-007479,18460.12,4949.89,0,Sindh,auto
AUTO-007480,19677.94,15988.38,0,GB,auto
AUTO-007481,25533.74,4050.57,0,GB,auto
AUTO-007482,16657.27,9164.37,1,KPK,auto
AUTO-007483,18844.27,5336.59,0,Punjab,auto
AUTO-007484,18603.27,21494.34,0,KPK,auto
AUTO-007485,16095.41,4716.91,0,Punjab,auto
AUTO-007486,40718.11,6115.01,0,Balochistan,auto
AUTO-007487,27737.46,17266.98,0,Punjab,auto
AUTO-007488,24967.1,3560.19,0,Balochistan,auto
AUTO-007489,33000.75,8561.24,0,Punjab,auto
AUTO-007490,19299.26,1885.55,0,Sindh,auto
AUTO-007491,14956.45,3393.62,0,Balochistan,auto
AUTO-007492,16296.21,11000.6,0,KPK,auto
AUTO-007493,22046.11,3668.15,0,KPK,auto
AUTO-007494,12970.0,5241.39,0,KPK,auto
AUTO-007495,17151.99,12021.71,1,KPK,auto
AUTO-007496,17016.55,5098.24,0,Sindh,auto
AUTO-007497,63721.55,15650.74,0,Sindh,auto
AUTO-007498,5503.24,9628.96,0,AJK,auto
AUTO-007499,20134.5,11482.12,0,AJK,auto
AUTO-007500,52200.48,21867.84,0,AJK,auto
AUTO-007501,23410.09,10465.7,0,GB,auto
AUTO-007502,32103.13,27752.41,0,AJK,auto
AUTO-007503,23153.78,16797.91,0,Punjab,auto
AUTO-007504,15777.39,5330.7,0,GB,auto
AUTO-007505,7179.91,22800.06,0,Balochistan,auto
AUTO-007506,24409.5,10007.53,0,KPK,auto
AUTO-007507,14945.97,5909.14,0,Punjab,auto
AUTO-007508,14762.31,10124.45,0,GB,auto
AUTO-007509,17162.92,19729.33,0,Sindh,auto
AUTO-007510,52703.16,11661.36,0,KPK,auto
AUTO-007511,73307.54,34818.85,0,Balochistan,auto
AUTO-007512,24553.36,19326.34,0,Balochistan,auto
AUTO-007513,17459.1,12314.44,0,Sindh,auto
AUTO-007514,12226.82,3565.81,0,KPK,auto
AUTO-007515,27841.14,7017.86,0,AJK,auto
AUTO-007516,53715.28,8581.22,0,KPK,auto
AUTO-007517,19464.15,14147.67,0,KPK,auto
AUTO-007518,6704.28,13492.19,0,Balochistan,auto
AUTO-007519,30792.45,9280.14,0,Sindh,auto
AUTO-007520,36051.36,8922.04,0,KPK,auto
AUTO-007521,9967.42,14419.91,0,Punjab,auto
AUTO-007522,24058.46,4077.06,0,Punjab,auto
AUTO-007523,27601.16,31458.13,1,Sindh,auto
AUTO-007524,21235.86,1575.4,1,AJK,auto
AUTO-007525,14833.07,25960.4,0,GB,auto
AUTO-007526,36606.04,7815.4,0,KPK,auto
AUTO-007527,18003.3,18071.0,0,GB,auto
AUTO-007528,10481.92,10840.8,0,KPK,auto
AUTO-007529,7905.09,10687.47,0,Balochistan,auto
AUTO-007530,41374.7,12624.61,0,KPK,auto
AUTO-007531,29981.39,15479.06,0,GB,auto
AUTO-007532,23016.96,6228.78,0,AJK,auto
AUTO-007533,17674.23,18542.85,0,KPK,auto
AUTO-007534,16907.3,3403.04,0,KPK,auto
AUTO-007535,12863.28,8068.6,0,Balochistan,auto
AUTO-007536,17752.33,15815.98,0,Punjab,auto
AUTO-007537,7630.86,17962.01,0,Punjab,auto
AUTO-007538,15244.41,11715.07,0,AJK,auto
AUTO-007539,18854.96,5915.23,0,Sindh,auto
AUTO-007540,29879.86,16603.46,0,Sindh,auto
AUTO-007541,21591.11,4743.39,0,Balochistan,auto
AUTO-007542,32776.32,32896.69,0,GB,auto
AUTO-007543,43242.0,7572.38,0,GB,auto
AUTO-007544,37387.25,2364.45,0,KPK,auto
AUTO-007545,27868.57,3115.84,0,Balochistan,auto
AUTO-007546,22157.5,8391.0,0,GB,auto
AUTO-007547,13488.68,9062.14,0,Punjab,auto
AUTO-007548,31887.58,39172.31,0,AJK,auto
AUTO-007549,51014.93,3530.52,0,Sindh,auto
AUTO-007550,26135.58,8362.98,0,KPK,auto
AUTO-007551,57447.66,3471.92,0,Sindh,auto
AUTO-007552,10272.38,5463.67,0,Punjab,auto
AUTO-007553,12368.63,31168.95,0,KPK,auto
AUTO-007554,33779.21,3264.73,0,Punjab,auto
AUTO-007555,25138.23,12960.14,1,Sindh,auto
AUTO-007556,42484.35,11095.84,0,Sindh,auto
AUTO-007557,21856.73,7947.9,0,Punjab,auto
AUTO-007558,14271.39,12277.82,0,KPK,auto
AUTO-007559,19795.37,3203.45,0,Punjab,auto
AUTO-007560,10235.92,30487.07,0,KPK,auto
AUTO-007561,12527.79,37792.89,0,Balochistan,auto
AUTO-007562,35818.58,8414.26,0,Balochistan,auto
AUTO-007563,34077.54,56301.98,0,KPK,auto
AUTO-007564,26410.11,5888.62,1,Punjab,auto
AUTO-007565,9315.74,11162.84,0,KPK,auto
AUTO-007566,18412.74,25476.49,0,Sindh,auto
AUTO-007567,11938.22,5612.75,0,Punjab,auto
AUTO-007568,39666.67,2683.19,0,GB,auto
AUTO-007569,16450.96,2231.94,0,KPK,auto
AUTO-007570,12799.05,42136.15,0,Sindh,auto
AUTO-007571,22357.07,5306.99,0,AJK,auto
AUTO-007572,15993.26,6984.23,0,Sindh,auto
AUTO-007573,46252.55,3326.88,0,GB,auto
AUTO-007574,15253.96,17303.63,0,KPK,auto
AUTO-007575,10942.24,4336.19,0,Punjab,auto
AUTO-007576,7506.64,5469.76,0,Punjab,auto
AUTO-007577,21690.0,10297.09,0,Balochistan,auto
AUTO-007578,16631.19,3459.1,0,GB,auto
AUTO-007579,10781.08,7024.32,0,KPK,auto
AUTO-007580,39919.22,24878.71,0,Sindh,auto
AUTO-007581,30749.3,11414.09,0,Sindh,auto
AUTO-007582,21717.88,8995.09,0,GB,auto
AUTO-007583,43571.7,9622.81,0,KPK,auto
AUTO-007584,30676.99,5935.41,0,Sindh,auto
AUTO-007585,14597.01,40011.49,0,AJK,auto
AUTO-007586,13100.29,4231.34,0,GB,auto
AUTO-007587,33156.39,9592.54,0,Balochistan,auto
AUTO-007588,26854.36,8884.12,0,Punjab,auto
AUTO-007589,23977.57,18160.61,0,Sindh,auto
AUTO-007590,14425.48,19585.39,1,AJK,auto
AUTO-007591,29851.0,7898.16,0,KPK,auto
AUTO-007592,15096.99,10224.41,0,Sindh,auto
AUTO-007593,20931.42,10538.89,0,GB,auto
AUTO-007594,45409.29,1315.91,0,KPK,auto
AUTO-007595,15828.75,2272.89,0,AJK,auto
AUTO-007596,10031.7,4993.78,0,AJK,auto
AUTO-007597,13013.29,5170.48,0,Punjab,auto
AUTO-007598,36212.13,3104.39,0,KPK,auto
AUTO-007599,25018.37,14759.85,0,Balochistan,auto
AUTO-007600,20651.87,8116.83,0,Punjab,auto
AUTO-007601,17076.41,6824.3,0,KPK,auto
AUTO-007602,28076.27,2966.32,0,KPK,auto
AUTO-007603,14406.68,7819.41,0,AJK,auto
AUTO-007604,25663.7,990.94,0,GB,auto
AUTO-007605,15281.11,7112.68,0,AJK,auto
AUTO-007606,14061.14,8523.2,0,KPK,auto
AUTO-007607,16014.6,9833.32,0,GB,auto
AUTO-007608,18256.86,2318.6,0,GB,auto
AUTO-007609,21495.2,9699.73,0,AJK,auto
AUTO-007610,24778.41,3522.25,0,KPK,auto
AUTO-007611,3483.59,4230.28,0,KPK,auto
AUTO-007612,14708.41,14390.81,0,GB,auto
AUTO-007613,18109.92,40590.57,0,Punjab,auto
AUTO-007614,46748.2,8442.95,0,Punjab,auto
AUTO-007615,12835.87,4214.66,0,Balochistan,auto
AUTO-007616,23894.37,9423.26,0,Punjab,auto
AUTO-007617,46514.3,17175.23,0,Sindh,auto
AUTO-007618,11424.5,13317.02,0,Sindh,auto
AUTO-007619,26822.27,72728.62,0,AJK,auto
AUTO-007620,14748.02,4572.11,0,GB,auto
AUTO-007621,17114.53,9914.81,0,Sindh,auto
AUTO-007622,14741.83,27976.9,0,Punjab,auto
AUTO-007623,15276.51,26606.94,0,GB,auto
AUTO-007624,85901.46,1702.64,0,Balochistan,auto
AUTO-007625,33598.21,8081.35,0,KPK,auto
AUTO-007626,38210.63,26572.09,0,Balochistan,auto
AUTO-007627,28169.55,81839.43,0,Punjab,auto
AUTO-007628,9866.22,14228.99,0,Punjab,auto
AUTO-007629,26835.45,6037.28,0,Punjab,auto
AUTO-007630,37664.18,3614.24,0,AJK,auto
AUTO-007631,14375.78,47810.22,1,Sindh,auto
AUTO-007632,35691.34,14515.8,0,Punjab,auto
AUTO-007633,31324.88,4111.51,0,KPK,auto
AUTO-007634,55604.53,6887.58,0,Sindh,auto
AUTO-007635,17874.11,10385.33,0,Sindh,auto
AUTO-007636,12723.35,12519.53,0,AJK,auto
AUTO-007637,18383.08,3945.4,0,Balochistan,auto
AUTO-007638,45151.8,4957.45,0,GB,auto
AUTO-007639,8829.0,2159.54,0,Sindh,auto
AUTO-007640,7830.74,18616.62,0,Sindh,auto
AUTO-007641,23033.33,6165.38,0,Punjab,auto
AUTO-007642,17653.78,11767.04,0,KPK,auto
AUTO-007643,22111.74,25280.96,0,Punjab,auto
AUTO-007644,35335.94,9661.42,0,KPK,auto
AUTO-007645,16709.21,7402.87,0,Sindh,auto
AUTO-007646,8634.29,9462.93,0,KPK,auto
AUTO-007647,61220.71,8523.27,0,Punjab,auto
AUTO-007648,13378.25,21958.99,0,Punjab,auto
AUTO-007649,12971.13,10390.74,0,Balochistan,auto
AUTO-007650,38248.51,5242.11,0,AJK,auto
AUTO-007651,18174.15,18737.45,0,Balochistan,auto
AUTO-007652,21339.29,21685.25,0,Sindh,auto
AUTO-007653,28040.22,2777.58,0,KPK,auto
AUTO-007654,37865.34,27618.11,0,Punjab,auto
AUTO-007655,18643.81,10848.36,0,Punjab,auto
AUTO-007656,47097.54,10164.09,0,Punjab,auto
AUTO-007657,7571.15,18129.57,0,GB,auto
AUTO-007658,32205.54,5148.28,0,Punjab,auto
AUTO-007659,14475.84,17384.45,0,GB,auto
AUTO-007660,43745.13,5994.39,0,Sindh,auto
AUTO-007661,23647.73,2490.0,0,AJK,auto
AUTO-007662,15733.5,3647.49,0,Balochistan,auto
AUTO-007663,30681.67,12754.22,0,GB,auto
AUTO-007664,34426.92,3803.3,0,Balochistan,auto
AUTO-007665,30362.0,29379.75,0,GB,auto
AUTO-007666,13162.83,20982.14,0,Punjab,auto
AUTO-007667,17291.86,23546.94,0,Punjab,auto
AUTO-007668,21981.66,8953.71,0,KPK,auto
AUTO-007669,21576.72,9959.57,0,Punjab,auto
AUTO-007670,32044.24,3118.26,0,Balochistan,auto
AUTO-007671,8042.94,17973.02,0,KPK,auto
AUTO-007672,26034.13,10980.4,0,KPK,auto
AUTO-007673,19053.56,12757.12,0,Punjab,auto
AUTO-007674,14483.27,31277.35,0,KPK,auto
AUTO-007675,15195.53,4990.19,0,AJK,auto
AUTO-007676,19786.03,7325.28,0,Punjab,auto
AUTO-007677,3638.98,10523.19,0,AJK,auto
AUTO-007678,15511.78,3833.95,0,Punjab,auto
AUTO-007679,14215.56,6973.84,0,GB,auto
AUTO-007680,28749.96,12020.39,0,AJK,auto
AUTO-007681,14724.04,6245.79,0,Punjab,auto
AUTO-007682,19780.33,23090.85,0,Balochistan,auto
AUTO-007683,47626.2,2419.36,0,GB,auto
AUTO-007684,36213.08,19894.87,0,GB,auto
AUTO-007685,34583.63,13752.12,0,GB,auto
AUTO-007686,17155.32,5140.66,0,Punjab,auto
AUTO-007687,28897.67,3867.92,0,Balochistan,auto
AUTO-007688,19595.42,1534.21,0,Sindh,auto
AUTO-007689,19969.34,4289.22,0,GB,auto
AUTO-007690,27033.79,18727.37,0,Sindh,auto
AUTO-007691,16342.15,7747.55,0,Punjab,auto
AUTO-007692,46467.18,20545.24,0,GB,auto
AUTO-007693,20331.67,4934.98,0,Balochistan,auto
AUTO-007694,30006.83,14266.72,0,Balochistan,auto
AUTO-007695,45606.26,4564.21,0,GB,auto
AUTO-007696,36894.84,3742.62,0,KPK,auto
AUTO-007697,10889.35,7437.56,0,KPK,auto
AUTO-007698,27513.94,4760.11,0,GB,auto
AUTO-007699,33703.59,2358.41,0,AJK,auto
AUTO-007700,34404.12,7003.38,0,KPK,auto
AUTO-007701,12623.97,8823.27,0,Punjab,auto
AUTO-007702,15858.84,22352.35,0,KPK,auto
AUTO-007703,36216.83,17144.7,0,KPK,auto
AUTO-007704,15049.8,21503.15,0,Punjab,auto
AUTO-007705,18961.24,14418.77,0,Punjab,auto
AUTO-007706,48433.06,10573.33,0,AJK,auto
AUTO-007707,21506.28,3031.59,0,Balochistan,auto
AUTO-007708,15315.38,9135.27,0,KPK,auto
AUTO-007709,14202.76,13061.64,0,GB,auto
AUTO-007710,26013.21,26002.56,0,GB,auto
AUTO-007711,11309.81,14031.09,0,Sindh,auto
AUTO-007712,19464.2,21857.66,0,Balochistan,auto
AUTO-007713,26019.86,3548.93,0,Punjab,auto
AUTO-007714,42174.66,6240.81,0,GB,auto
AUTO-007715,30753.96,11424.1,0,KPK,auto
AUTO-007716,15413.01,20511.93,1,AJK,auto
AUTO-007717,39704.1,7214.28,0,Sindh,auto
AUTO-007718,18962.95,7585.87,0,Balochistan,auto
AUTO-007719,11874.5,14040.65,0,KPK,auto
AUTO-007720,20210.94,3292.17,0,Punjab,auto
AUTO-007721,45210.5,29317.02,0,Balochistan,auto
AUTO-007722,23923.58,4010.58,0,Sindh,auto
AUTO-007723,22164.8,1746.08,0,Punjab,auto
AUTO-007724,49941.41,8168.61,0,Sindh,auto
AUTO-007725,10767.88,31532.28,0,KPK,auto
AUTO-007726,11581.92,12954.03,0,Balochistan,auto
AUTO-007727,9819.02,14777.67,0,AJK,auto
AUTO-007728,26537.77,8375.86,0,KPK,auto
AUTO-007729,23938.58,7173.13,1,GB,auto
AUTO-007730,47637.15,2354.47,0,KPK,auto
AUTO-007731,24877.96,1329.41,0,AJK,auto
AUTO-007732,17996.3,9480.74,0,AJK,auto
AUTO-007733,22046.24,23156.7,0,GB,auto
AUTO-007734,23361.71,10671.23,0,GB,auto
AUTO-007735,9548.31,13344.77,0,Punjab,auto
AUTO-007736,85405.5,28766.71,0,Sindh,auto
AUTO-007737,28564.94,10540.85,0,KPK,auto
AUTO-007738,24465.13,7345.74,0,Punjab,auto
AUTO-007739,29958.91,4209.84,1,GB,auto
AUTO-007740,31404.47,40854.41,0,Punjab,auto
AUTO-007741,20531.66,12347.86,0,KPK,auto
AUTO-007742,16064.7,3808.99,0,Sindh,auto
AUTO-007743,29724.45,3175.01,0,AJK,auto
AUTO-007744,26711.66,22080.52,0,KPK,auto
AUTO-007745,14691.95,3533.51,0,Sindh,auto
AUTO-007746,44780.04,35705.76,0,AJK,auto
AUTO-007747,25506.18,893.22,0,Balochistan,auto
AUTO-007748,31726.57,25287.77,0,KPK,auto
AUTO-007749,44177.04,11962.31,0,GB,auto
AUTO-007750,22268.86,8909.52,0,KPK,auto
AUTO-007751,25808.93,7041.9,0,GB,auto
AUTO-007752,33024.79,36775.38,0,Sindh,auto
AUTO-007753,15330.04,14266.18,0,Punjab,auto
AUTO-007754,22629.87,3934.1,0,Punjab,auto
AUTO-007755,23453.48,2048.52,0,Sindh,auto
AUTO-007756,13656.5,9337.91,0,KPK,auto
AUTO-007757,70179.98,8096.14,0,KPK,auto
AUTO-007758,10898.2,2402.12,0,GB,auto
AUTO-007759,11509.73,7751.84,0,KPK,auto
AUTO-007760,42493.79,5119.71,0,Balochistan,auto
AUTO-007761,31465.06,8163.53,0,GB,auto
AUTO-007762,13187.41,14483.12,0,Punjab,auto
AUTO-007763,29841.18,26744.6,0,Balochistan,auto
AUTO-007764,45886.45,16766.05,0,KPK,auto
AUTO-007765,21695.68,4549.84,0,Punjab,auto
AUTO-007766,80774.08,10884.9,0,GB,auto
AUTO-007767,9301.85,8522.68,0,KPK,auto
AUTO-007768,31160.66,2791.4,0,GB,auto
AUTO-007769,39468.74,11143.22,0,KPK,auto
AUTO-007770,34395.19,35786.92,0,Sindh,auto
AUTO-007771,19887.01,8316.04,0,Punjab,auto
AUTO-007772,19049.18,2263.47,0,KPK,auto
AUTO-007773,27503.61,8301.69,0,AJK,auto
AUTO-007774,33119.49,3068.76,0,AJK,auto
AUTO-007775,29769.41,16169.54,0,GB,auto
AUTO-007776,37050.2,12331.25,0,KPK,auto
AUTO-007777,13234.27,7067.57,0,Sindh,auto
AUTO-007778,19655.54,6217.16,0,GB,auto
AUTO-007779,13766.48,6837.74,0,KPK,auto
AUTO-007780,18159.4,8156.9,0,AJK,auto
AUTO-007781,36592.93,4368.66,0,Punjab,auto
AUTO-007782,23248.41,2669.9,0,Sindh,auto
AUTO-007783,81099.3,20149.99,0,KPK,auto
AUTO-007784,24262.89,5953.17,0,AJK,auto
AUTO-007785,22693.78,9261.62,0,Punjab,auto
AUTO-007786,23227.48,10180.46,0,AJK,auto
AUTO-007787,16012.03,10484.11,0,GB,auto
AUTO-007788,21398.62,3168.28,0,Sindh,auto
AUTO-007789,38711.58,2120.33,0,GB,auto
AUTO-007790,23318.1,5059.62,0,Balochistan,auto
AUTO-007791,14813.14,11120.76,0,KPK,auto
AUTO-007792,13869.64,4526.21,0,GB,auto
AUTO-007793,17586.71,6100.12,0,Punjab,auto
AUTO-007794,22855.15,44437.45,0,Sindh,auto
AUTO-007795,40006.34,1851.33,0,Sindh,auto
AUTO-007796,11268.38,4429.19,0,Balochistan,auto
AUTO-007797,18771.35,36948.61,0,Balochistan,auto
AUTO-007798,23674.53,7819.07,0,KPK,auto
AUTO-007799,8805.63,4606.45,0,GB,auto
AUTO-007800,14518.82,20640.6,0,KPK,auto
AUTO-007801,15678.66,8469.14,0,GB,auto
AUTO-007802,14794.56,6132.47,0,GB,auto
AUTO-007803,24244.49,9451.18,0,Sindh,auto
AUTO-007804,20327.3,4786.3,0,GB,auto
AUTO-007805,16686.53,3590.36,0,KPK,auto
AUTO-007806,27281.97,7399.17,0,KPK,auto
AUTO-007807,52132.16,3609.06,0,Balochistan,auto
AUTO-007808,49992.5,8172.7,0,Sindh,auto
AUTO-007809,8422.1,10759.29,0,AJK,auto
AUTO-007810,29393.71,16033.71,0,AJK,auto
AUTO-007811,20150.58,19977.06,1,Punjab,auto
AUTO-007812,23803.26,5857.11,0,Balochistan,auto
AUTO-007813,18049.23,12082.72,0,Punjab,auto
AUTO-007814,23360.32,12016.29,0,Sindh,auto
AUTO-007815,23758.69,10532.86,0,AJK,auto
AUTO-007816,16490.24,5521.65,0,AJK,auto
AUTO-007817,14070.23,3560.11,0,AJK,auto
AUTO-007818,17599.96,12107.76,0,Punjab,auto
AUTO-007819,24763.59,2068.36,0,KPK,auto
AUTO-007820,29717.7,6540.24,0,Punjab,auto
AUTO-007821,33747.93,1050.58,1,AJK,auto
AUTO-007822,17204.13,2781.87,0,Balochistan,auto
AUTO-007823,25385.22,4017.01,0,Balochistan,auto
AUTO-007824,35640.98,19484.59,0,GB,auto
AUTO-007825,39450.32,14051.53,1,Punjab,auto
AUTO-007826,21387.96,5202.28,0,GB,auto
AUTO-007827,19722.87,14523.1,0,GB,auto
AUTO-007828,24235.22,16483.22,0,Punjab,auto
AUTO-007829,12396.21,7125.73,0,GB,auto
AUTO-007830,19994.15,2677.12,0,Sindh,auto
AUTO-007831,31961.69,6861.42,0,Punjab,auto
AUTO-007832,30362.8,7492.71,0,GB,auto
AUTO-007833,19242.3,3023.1,0,GB,auto
AUTO-007834,24559.62,10868.65,0,Punjab,auto
AUTO-007835,14583.92,10136.01,1,AJK,auto
AUTO-007836,31311.67,11568.42,0,GB,auto
AUTO-007837,21185.86,10128.8,0,KPK,auto
AUTO-007838,19187.69,14528.6,0,AJK,auto
AUTO-007839,18382.2,7020.13,0,KPK,auto
AUTO-007840,21344.58,9522.65,0,AJK,auto
AUTO-007841,17607.16,5894.69,0,AJK,auto
AUTO-007842,30609.68,5076.62,0,Sindh,auto
AUTO-007843,18076.32,23637.74,0,GB,auto
AUTO-007844,48848.65,1579.69,0,KPK,auto
AUTO-007845,45825.92,16340.6,0,AJK,auto
AUTO-007846,14104.2,4932.33,0,AJK,auto
AUTO-007847,22807.67,4446.93,0,KPK,auto
AUTO-007848,15909.5,9989.22,0,Sindh,auto
AUTO-007849,18707.43,2460.97,0,KPK,auto
AUTO-007850,59946.86,4218.27,0,Sindh,auto
AUTO-007851,18886.72,4107.99,0,Sindh,auto
AUTO-007852,26373.45,6787.79,0,Balochistan,auto
AUTO-007853,28872.96,4258.57,0,Sindh,auto
AUTO-007854,13355.52,29169.97,0,Balochistan,auto
AUTO-007855,14363.6,34119.12,0,GB,auto
AUTO-007856,12052.04,1607.45,0,Punjab,auto
AUTO-007857,14143.56,12524.7,0,Sindh,auto
AUTO-007858,5297.47,16105.74,0,KPK,auto
AUTO-007859,28920.07,12511.31,0,Balochistan,auto
AUTO-007860,61518.73,4786.28,0,Punjab,auto
AUTO-007861,23716.12,6665.66,0,GB,auto
AUTO-007862,10849.41,4453.21,0,Punjab,auto
AUTO-007863,15972.31,5789.43,0,Sindh,auto
AUTO-007864,17510.6,3077.98,0,KPK,auto
AUTO-007865,13242.78,7392.11,0,Sindh,auto
AUTO-007866,33863.44,2435.14,0,AJK,auto
AUTO-007867,33028.63,6904.25,0,Punjab,auto
AUTO-007868,12360.66,2984.34,0,AJK,auto
AUTO-007869,31651.49,9561.05,0,AJK,auto
AUTO-007870,47259.38,4705.39,0,Balochistan,auto
AUTO-007871,57026.94,10223.7,0,AJK,auto
AUTO-007872,92282.15,19249.97,1,Punjab,auto
AUTO-007873,14030.71,28898.86,0,Punjab,auto
AUTO-007874,90410.0,1072.34,0,KPK,auto
AUTO-007875,18451.42,4157.4,0,Sindh,auto
AUTO-007876,16379.2,6358.39,0,KPK,auto
AUTO-007877,25939.86,11710.75,0,KPK,auto
AUTO-007878,16464.62,2164.01,0,Sindh,auto
AUTO-007879,26890.33,3693.49,0,Punjab,auto
AUTO-007880,11383.97,8993.76,0,Balochistan,auto
AUTO-007881,19547.91,8672.48,0,AJK,auto
AUTO-007882,41889.53,10960.96,1,Balochistan,auto
AUTO-007883,21406.92,11555.77,0,AJK,auto
AUTO-007884,23642.42,10624.05,0,Sindh,auto
AUTO-007885,27934.82,9460.91,0,Sindh,auto
AUTO-007886,39550.39,8472.59,0,KPK,auto
AUTO-007887,9627.58,13791.54,0,GB,auto
AUTO-007888,29503.44,1350.92,0,GB,auto
AUTO-007889,19262.79,27874.48,0,Sindh,auto
AUTO-007890,23940.31,1389.1,0,AJK,auto
AUTO-007891,37420.54,3417.52,0,GB,auto
AUTO-007892,12123.57,6758.74,0,Balochistan,auto
AUTO-007893,13275.53,13878.42,0,Balochistan,auto
AUTO-007894,8368.96,737.88,0,Balochistan,auto
AUTO-007895,16737.73,7922.8,0,GB,auto
AUTO-007896,42839.51,15274.13,0,Balochistan,auto
AUTO-007897,20737.65,17954.83,0,KPK,auto
AUTO-007898,11270.43,4638.45,0,GB,auto
AUTO-007899,17277.5,6369.85,0,Balochistan,auto
AUTO-007900,10467.9,4949.7,0,AJK,auto
AUTO-007901,12549.13,5918.63,0,KPK,auto
AUTO-007902,26753.2,3549.42,0,KPK,auto
AUTO-007903,12247.33,3978.25,0,GB,auto
AUTO-007904,38419.37,11470.13,0,KPK,auto
AUTO-007905,21256.96,9002.81,0,Sindh,auto
AUTO-007906,22989.6,12007.29,0,KPK,auto
AUTO-007907,19164.47,9616.27,1,AJK,auto
AUTO-007908,32416.54,14235.17,0,GB,auto
AUTO-007909,32584.11,16359.62,0,GB,auto
AUTO-007910,26043.6,2011.48,0,Balochistan,auto
AUTO-007911,29213.74,4091.03,0,Sindh,auto
AUTO-007912,19810.26,6733.83,0,Balochistan,auto
AUTO-007913,28885.69,7957.4,0,Punjab,auto
AUTO-007914,18602.68,4740.64,0,Sindh,auto
AUTO-007915,22051.06,16808.15,0,AJK,auto
AUTO-007916,19200.24,39496.16,0,Sindh,auto
AUTO-007917,17525.12,9404.37,0,KPK,auto
AUTO-007918,15606.52,8668.69,0,Sindh,auto
AUTO-007919,27829.31,15987.54,0,KPK,auto
AUTO-007920,42416.93,1821.34,0,Balochistan,auto
AUTO-007921,39559.1,8289.75,0,Sindh,auto
AUTO-007922,11751.28,17733.82,0,Sindh,auto
AUTO-007923,41965.43,4843.91,0,AJK,auto
AUTO-007924,18787.01,3037.38,1,Punjab,auto
AUTO-007925,29743.52,6983.85,0,Sindh,auto
AUTO-007926,14001.12,7719.09,0,Balochistan,auto
AUTO-007927,23646.96,3916.99,0,KPK,auto
AUTO-007928,25767.3,43344.24,0,Balochistan,auto
AUTO-007929,10484.96,5525.02,0,GB,auto
AUTO-007930,29855.78,3219.79,0,GB,auto
AUTO-007931,43172.87,7518.36,0,AJK,auto
AUTO-007932,20184.62,16752.26,0,GB,auto
AUTO-007933,43481.21,8216.76,0,Sindh,auto
AUTO-007934,20033.34,11949.86,0,Punjab,auto
AUTO-007935,33684.47,4035.12,0,Punjab,auto
AUTO-007936,7264.21,26639.51,1,Sindh,auto
AUTO-007937,73820.29,12700.15,0,Punjab,auto
AUTO-007938,46524.26,18735.24,0,Balochistan,auto
AUTO-007939,19104.65,10852.26,0,KPK,auto
AUTO-007940,8216.96,15676.33,0,Sindh,auto
AUTO-007941,25438.38,4030.15,0,GB,auto
AUTO-007942,10700.41,5469.11,0,KPK,auto
AUTO-007943,27513.35,23793.9,0,Punjab,auto
AUTO-007944,27059.21,28220.21,0,AJK,auto
AUTO-007945,13756.94,3236.82,1,KPK,auto
AUTO-007946,38579.78,9895.04,0,AJK,auto
AUTO-007947,32951.34,5740.17,0,Balochistan,auto
AUTO-007948,35879.15,4639.56,0,AJK,auto
AUTO-007949,22124.23,10176.86,0,KPK,auto
AUTO-007950,10853.45,20186.52,0,KPK,auto
AUTO-007951,35915.93,11629.85,1,Sindh,auto
AUTO-007952,19241.3,6275.38,0,GB,auto
AUTO-007953,10994.05,12232.96,0,AJK,auto
AUTO-007954,43304.84,6075.5,0,Balochistan,auto
AUTO-007955,62925.31,11267.65,0,Sindh,auto
AUTO-007956,21576.84,24764.65,0,Sindh,auto
AUTO-007957,64832.39,1538.05,0,Balochistan,auto
AUTO-007958,23055.45,15333.6,0,Sindh,auto
AUTO-007959,18210.84,2365.53,0,Balochistan,auto
AUTO-007960,16070.99,21647.87,0,Punjab,auto
AUTO-007961,49938.18,4867.71,0,Sindh,auto
AUTO-007962,14912.1,3059.06,0,KPK,auto
AUTO-007963,31813.14,14132.26,0,Punjab,auto
AUTO-007964,16654.21,10843.66,0,Sindh,auto
AUTO-007965,17498.08,3643.32,0,Balochistan,auto
AUTO-007966,36868.94,2973.81,0,Punjab,auto
AUTO-007967,18214.65,6974.49,0,GB,auto
AUTO-007968,17990.56,3092.49,0,Punjab,auto
AUTO-007969,38808.8,3466.23,0,KPK,auto
AUTO-007970,48957.05,8888.35,0,Sindh,auto
AUTO-007971,30404.47,3741.73,0,Sindh,auto
AUTO-007972,15876.81,11398.44,0,Balochistan,auto
AUTO-007973,17063.48,26691.89,0,Punjab,auto
AUTO-007974,22924.41,7195.1,0,KPK,auto
AUTO-007975,25860.32,8992.27,0,Balochistan,auto
AUTO-007976,13441.03,40720.11,0,GB,auto
AUTO-007977,31619.17,3133.54,0,Balochistan,auto
AUTO-007978,22988.67,21014.92,0,KPK,auto
AUTO-007979,9340.79,19085.54,0,Sindh,auto
AUTO-007980,13843.02,16049.84,0,KPK,auto
AUTO-007981,17118.85,22774.53,0,Sindh,auto
AUTO-007982,21238.51,10142.2,0,AJK,auto
AUTO-007983,56649.55,5083.0,0,Punjab,auto
AUTO-007984,24812.07,19451.09,0,KPK,auto
AUTO-007985,14466.83,20055.8,0,GB,auto
AUTO-007986,24595.42,19618.95,0,GB,auto
AUTO-007987,18470.98,8396.76,1,Balochistan,auto
AUTO-007988,25909.87,4568.98,0,Sindh,auto
AUTO-007989,29445.13,9443.57,0,Punjab,auto
AUTO-007990,40320.5,17219.26,0,GB,auto
AUTO-007991,21760.61,18388.51,0,Punjab,auto
AUTO-007992,49985.1,5746.0,0,KPK,auto
AUTO-007993,34683.22,10428.51,0,Balochistan,auto
AUTO-007994,15464.16,2844.03,0,GB,auto
AUTO-007995,66498.05,17817.92,0,KPK,auto
AUTO-007996,25938.85,4330.13,0,Balochistan,auto
AUTO-007997,14507.74,15187.14,0,AJK,auto
AUTO-007998,50335.03,3231.03,0,KPK,auto
AUTO-007999,62248.44,18492.73,0,Sindh,auto
AUTO-008000,21665.74,10482.56,0,KPK,auto
AUTO-008001,17122.95,4336.89,1,KPK,auto
AUTO-008002,20207.57,14088.09,0,GB,auto
AUTO-008003,31488.13,5052.86,0,AJK,auto
AUTO-008004,41728.03,14759.53,0,GB,auto
AUTO-008005,29297.1,6507.5,0,AJK,auto
AUTO-008006,23175.75,2045.02,0,GB,auto
AUTO-008007,46583.7,3692.53,0,KPK,auto
AUTO-008008,18837.07,5742.61,0,Balochistan,auto
AUTO-008009,36881.29,24210.73,0,AJK,auto
AUTO-008010,19071.85,16662.48,0,AJK,auto
AUTO-008011,27323.75,29705.55,0,Balochistan,auto
AUTO-008012,20810.62,30421.6,0,Punjab,auto
AUTO-008013,21419.86,5282.74,0,AJK,auto
AUTO-008014,18238.8,6968.88,0,AJK,auto
AUTO-008015,43149.54,5831.19,0,Balochistan,auto
AUTO-008016,15268.34,4735.26,0,Balochistan,auto
AUTO-008017,15212.67,1857.16,0,KPK,auto
AUTO-008018,63608.14,8008.04,0,KPK,auto
AUTO-008019,35915.48,2897.34,0,Punjab,auto
AUTO-008020,6683.81,7884.57,0,Punjab,auto
AUTO-008021,16603.53,44029.57,0,Punjab,auto
AUTO-008022,8901.77,5391.2,0,Sindh,auto
AUTO-008023,13693.2,9469.38,0,Balochistan,auto
AUTO-008024,4585.9,16736.02,0,AJK,auto
AUTO-008025,20568.28,10139.9,0,Balochistan,auto
AUTO-008026,12444.44,10239.29,0,Balochistan,auto
AUTO-008027,22696.2,6063.72,0,Punjab,auto
AUTO-008028,9773.59,6731.13,0,Balochistan,auto
AUTO-008029,22958.78,3759.31,0,Sindh,auto
AUTO-008030,17899.75,15943.97,0,GB,auto
AUTO-008031,46675.58,2011.84,0,AJK,auto
AUTO-008032,44608.44,17621.42,0,GB,auto
AUTO-008033,32619.74,2636.06,1,Punjab,auto
AUTO-008034,18707.75,17502.27,0,KPK,auto
AUTO-008035,59438.07,6105.5,0,GB,auto
AUTO-008036,10132.29,3024.51,0,AJK,auto
AUTO-008037,10918.57,12880.1,0,GB,auto
AUTO-008038,21122.8,17034.81,0,KPK,auto
AUTO-008039,67983.41,5707.5,0,KPK,auto
AUTO-008040,19907.08,14421.69,0,Balochistan,auto
AUTO-008041,20098.04,1302.36,0,AJK,auto
AUTO-008042,10711.2,2817.27,0,Sindh,auto
AUTO-008043,35346.86,22786.58,1,Balochistan,auto
AUTO-008044,35475.16,6775.47,0,KPK,auto
AUTO-008045,32680.62,1826.63,0,GB,auto
AUTO-008046,16080.93,4632.76,0,AJK,auto
AUTO-008047,15469.82,3871.04,0,Balochistan,auto
AUTO-008048,11538.43,7095.6,0,AJK,auto
AUTO-008049,22969.82,6023.35,0,GB,auto
AUTO-008050,12833.27,9350.13,0,Punjab,auto
AUTO-008051,12225.65,7665.06,0,Sindh,auto
AUTO-008052,17821.39,24047.62,0,Sindh,auto
AUTO-008053,17247.49,11380.3,0,Sindh,auto
AUTO-008054,16831.56,11685.89,0,KPK,auto
AUTO-008055,27811.98,20581.04,0,KPK,auto
AUTO-008056,22914.47,5937.15,0,Sindh,auto
AUTO-008057,19070.96,2952.77,0,AJK,auto
AUTO-008058,24137.13,21281.13,1,Punjab,auto
AUTO-008059,13416.45,9033.3,0,KPK,auto
AUTO-008060,23216.98,9058.7,0,GB,auto
AUTO-008061,23749.13,4882.13,0,Balochistan,auto
AUTO-008062,10388.73,4946.9,0,Balochistan,auto
AUTO-008063,36237.4,15952.61,1,KPK,auto
AUTO-008064,14175.68,17813.73,0,Sindh,auto
AUTO-008065,23043.87,15169.75,0,AJK,auto
AUTO-008066,39426.99,15281.06,0,Punjab,auto
AUTO-008067,34990.73,12774.72,0,Balochistan,auto
AUTO-008068,22407.85,9002.15,0,KPK,auto
AUTO-008069,18375.08,7042.34,0,AJK,auto
AUTO-008070,35374.83,21338.3,0,Sindh,auto
AUTO-008071,30864.05,6009.06,0,Punjab,auto
AUTO-008072,16168.46,10894.17,0,Punjab,auto
AUTO-008073,14802.53,4259.0,0,Balochistan,auto
AUTO-008074,7815.17,4781.74,0,Balochistan,auto
AUTO-008075,23789.89,6708.14,1,GB,auto
AUTO-008076,21134.27,4259.25,0,KPK,auto
AUTO-008077,38874.57,15340.96,0,Punjab,auto
AUTO-008078,26358.01,2756.1,0,Sindh,auto
AUTO-008079,42920.92,8772.56,0,Sindh,auto
AUTO-008080,15542.26,9009.24,0,KPK,auto
AUTO-008081,38912.67,1903.33,0,Punjab,auto
AUTO-008082,16907.99,5694.07,0,Balochistan,auto
AUTO-008083,32493.59,9942.36,0,GB,auto
AUTO-008084,10621.34,11418.41,0,Sindh,auto
AUTO-008085,24774.44,6881.24,0,AJK,auto
AUTO-008086,8165.36,13925.97,0,KPK,auto
AUTO-008087,19272.44,7424.55,0,Sindh,auto
AUTO-008088,27451.52,8192.07,0,AJK,auto
AUTO-008089,16975.32,9910.23,0,AJK,auto
AUTO-008090,13027.02,17010.73,0,Sindh,auto
AUTO-008091,33626.15,4719.35,0,KPK,auto
AUTO-008092,20915.98,5489.23,0,AJK,auto
AUTO-008093,17243.92,4745.17,0,AJK,auto
AUTO-008094,22492.74,6212.02,0,Punjab,auto
AUTO-008095,82317.14,25361.5,0,GB,auto
AUTO-008096,39212.52,12812.55,0,GB,auto
AUTO-008097,39390.77,3278.46,0,GB,auto
AUTO-008098,27385.62,5012.26,1,Punjab,auto
AUTO-008099,23938.48,10918.5,0,GB,auto
AUTO-008100,6647.25,3923.71,0,Punjab,auto
AUTO-008101,15685.78,4535.67,0,AJK,auto
AUTO-008102,17321.66,23764.97,0,AJK,auto
AUTO-008103,8626.15,4960.69,0,KPK,auto
AUTO-008104,12348.53,17391.44,0,Balochistan,auto
AUTO-008105,8181.1,22120.47,0,Punjab,auto
AUTO-008106,21608.41,4506.29,0,GB,auto
AUTO-008107,33169.4,3975.99,0,Balochistan,auto
AUTO-008108,38306.97,6496.99,0,Punjab,auto
AUTO-008109,27102.8,3391.74,0,GB,auto
AUTO-008110,13606.49,8926.92,0,Punjab,auto
AUTO-008111,8383.05,6873.84,0,GB,auto
AUTO-008112,9150.52,10812.56,0,KPK,auto
AUTO-008113,11678.55,24774.12,0,KPK,auto
AUTO-008114,14123.14,15583.81,0,Sindh,auto
AUTO-008115,20335.55,11984.77,0,Punjab,auto
AUTO-008116,13265.45,1681.03,0,Punjab,auto
AUTO-008117,26094.71,11553.0,1,Punjab,auto
AUTO-008118,19611.34,32147.89,0,KPK,auto
AUTO-008119,22142.91,728.93,0,GB,auto
AUTO-008120,38953.55,14065.86,0,Punjab,auto
AUTO-008121,12208.46,7133.19,0,Sindh,auto
AUTO-008122,27155.97,4105.83,0,AJK,auto
AUTO-008123,21873.11,15381.22,0,Sindh,auto
AUTO-008124,18643.57,31817.28,0,GB,auto
AUTO-008125,34290.66,15065.83,0,AJK,auto
AUTO-008126,34183.8,6021.23,0,KPK,auto
AUTO-008127,13721.99,3809.39,0,GB,auto
AUTO-008128,20108.94,9097.02,0,Balochistan,auto
AUTO-008129,25351.82,16293.73,0,GB,auto
AUTO-008130,19215.96,5945.31,0,KPK,auto
AUTO-008131,29510.77,6423.34,0,Balochistan,auto
AUTO-008132,25351.57,77466.45,0,AJK,auto
AUTO-008133,55065.61,19204.92,0,Balochistan,auto
AUTO-008134,10248.23,20335.08,0,AJK,auto
AUTO-008135,20718.49,2519.39,0,GB,auto
AUTO-008136,13985.11,4602.01,0,Balochistan,auto
AUTO-008137,29793.74,8601.96,0,AJK,auto
AUTO-008138,9812.52,3637.64,0,GB,auto
AUTO-008139,26190.61,29153.14,0,Balochistan,auto
AUTO-008140,16074.28,25040.5,0,AJK,auto
AUTO-008141,15258.91,5287.83,0,Sindh,auto
AUTO-008142,10686.65,33763.48,0,Punjab,auto
AUTO-008143,17456.41,8075.57,0,Sindh,auto
AUTO-008144,37882.72,64312.66,0,KPK,auto
AUTO-008145,21750.8,9097.45,0,Balochistan,auto
AUTO-008146,30146.99,12848.14,0,GB,auto
AUTO-008147,50631.08,24832.85,0,AJK,auto
AUTO-008148,25131.51,22518.82,0,Sindh,auto
AUTO-008149,16657.24,12192.61,0,Sindh,auto
AUTO-008150,27823.22,7237.91,0,GB,auto
AUTO-008151,16778.47,12225.83,0,AJK,auto
AUTO-008152,17116.34,4217.73,0,Balochistan,auto
AUTO-008153,10301.59,9151.81,0,GB,auto
AUTO-008154,35000.89,3336.09,0,KPK,auto
AUTO-008155,18160.4,1949.43,0,KPK,auto
AUTO-008156,24126.09,8436.66,1,GB,auto
AUTO-008157,13121.65,22243.88,0,KPK,auto
AUTO-008158,27391.11,16994.48,0,AJK,auto
AUTO-008159,15048.44,7589.11,0,Sindh,auto
AUTO-008160,20519.8,32780.59,0,GB,auto
AUTO-008161,34163.5,5139.7,0,KPK,auto
AUTO-008162,32708.15,1747.14,0,Sindh,auto
AUTO-008163,21785.17,1414.2,0,GB,auto
AUTO-008164,9099.13,3149.65,0,KPK,auto
AUTO-008165,98361.55,15573.09,0,KPK,auto
AUTO-008166,52729.45,4876.38,0,GB,auto
AUTO-008167,31613.43,11716.66,0,Balochistan,auto
AUTO-008168,15114.32,30243.2,0,AJK,auto
AUTO-008169,20810.31,3360.76,0,Balochistan,auto
AUTO-008170,16785.82,11882.24,0,Sindh,auto
AUTO-008171,41436.94,12471.12,0,Sindh,auto
AUTO-008172,25115.78,4070.05,0,GB,auto
AUTO-008173,14882.15,23941.5,0,AJK,auto
AUTO-008174,17406.91,6437.11,0,KPK,auto
AUTO-008175,38584.04,5961.02,0,AJK,auto
AUTO-008176,49023.2,43883.36,0,KPK,auto
AUTO-008177,47295.28,12310.57,0,Punjab,auto
AUTO-008178,32161.2,16987.49,0,Punjab,auto
AUTO-008179,19412.79,23954.57,0,AJK,auto
AUTO-008180,4355.71,4815.62,0,Punjab,auto
AUTO-008181,25554.79,22023.31,0,Punjab,auto
AUTO-008182,22006.33,5423.44,0,Sindh,auto
AUTO-008183,23623.35,5241.18,0,KPK,auto
AUTO-008184,22628.12,6518.5,1,GB,auto
AUTO-008185,11348.82,4926.32,0,Punjab,auto
AUTO-008186,29106.14,15642.16,0,Balochistan,auto
AUTO-008187,30215.43,10034.34,0,Sindh,auto
AUTO-008188,30982.24,5469.93,0,KPK,auto
AUTO-008189,35358.3,13899.44,0,Sindh,auto
AUTO-008190,29792.91,6501.93,0,Balochistan,auto
AUTO-008191,17943.54,6232.57,0,GB,auto
AUTO-008192,21259.98,8424.9,0,KPK,auto
AUTO-008193,23053.26,11740.13,0,AJK,auto
AUTO-008194,23245.1,11068.72,0,AJK,auto
AUTO-008195,36283.15,6059.61,0,Sindh,auto
AUTO-008196,30388.95,15957.58,0,GB,auto
AUTO-008197,62234.93,6782.39,0,AJK,auto
AUTO-008198,66385.54,4798.28,0,KPK,auto
AUTO-008199,22921.37,2503.84,0,Balochistan,auto
AUTO-008200,3234.64,17792.69,0,Balochistan,auto
AUTO-008201,40880.82,8183.8,0,AJK,auto
AUTO-008202,16811.39,9592.13,0,Punjab,auto
AUTO-008203,14753.83,18706.8,0,Punjab,auto
AUTO-008204,18047.77,5530.73,0,GB,auto
AUTO-008205,17618.04,2698.58,0,Punjab,auto
AUTO-008206,29915.59,8568.3,0,AJK,auto
AUTO-008207,10099.91,10366.86,0,AJK,auto
AUTO-008208,12850.52,6566.4,0,AJK,auto
AUTO-008209,26149.34,26343.85,0,KPK,auto
AUTO-008210,30075.68,1108.84,0,Punjab,auto
AUTO-008211,30356.65,19851.71,0,Sindh,auto
AUTO-008212,14860.8,15258.97,0,GB,auto
AUTO-008213,13505.7,11677.47,1,KPK,auto
AUTO-008214,17097.42,561.87,0,GB,auto
AUTO-008215,24833.19,22631.79,0,GB,auto
AUTO-008216,46292.66,3564.76,0,KPK,auto
AUTO-008217,7913.15,5398.34,0,AJK,auto
AUTO-008218,19724.87,7069.36,0,AJK,auto
AUTO-008219,11312.47,11225.4,0,KPK,auto
AUTO-008220,9641.95,13514.82,0,AJK,auto
AUTO-008221,35720.44,16552.17,0,Punjab,auto
AUTO-008222,28920.68,15563.49,0,KPK,auto
AUTO-008223,27576.43,9920.33,0,GB,auto
AUTO-008224,34909.45,11302.04,0,KPK,auto
AUTO-008225,17329.07,3385.97,1,KPK,auto
AUTO-008226,17741.84,4443.42,1,AJK,auto
AUTO-008227,65700.73,16586.89,0,KPK,auto
AUTO-008228,19471.64,15831.67,0,Sindh,auto
AUTO-008229,31810.96,14458.53,0,Sindh,auto
AUTO-008230,22096.86,5369.37,0,Punjab,auto
AUTO-008231,8741.79,16787.56,0,KPK,auto
AUTO-008232,7924.27,3200.31,0,KPK,auto
AUTO-008233,16489.97,19185.07,0,GB,auto
AUTO-008234,37348.6,6576.8,0,AJK,auto
AUTO-008235,32667.82,31173.9,0,GB,auto
AUTO-008236,34788.38,2399.09,0,Balochistan,auto
AUTO-008237,13446.54,33213.88,0,GB,auto
AUTO-008238,49411.39,6068.27,0,Balochistan,auto
AUTO-008239,13596.31,5981.44,0,KPK,auto
AUTO-008240,24499.6,9469.88,1,Punjab,auto
AUTO-008241,21912.75,4639.38,0,Sindh,auto
AUTO-008242,20192.43,7647.52,0,KPK,auto
AUTO-008243,43014.65,4491.31,0,KPK,auto
AUTO-008244,15482.18,4624.62,0,Punjab,auto
AUTO-008245,11217.13,11962.22,0,Punjab,auto
AUTO-008246,22247.79,3939.26,0,Balochistan,auto
AUTO-008247,18035.31,4382.81,0,KPK,auto
AUTO-008248,119215.91,2702.05,0,KPK,auto
AUTO-008249,30892.04,5414.61,0,AJK,auto
AUTO-008250,17949.72,23139.16,0,Sindh,auto
AUTO-008251,12990.12,4118.54,0,AJK,auto
AUTO-008252,8602.91,4512.89,0,AJK,auto
AUTO-008253,13192.32,9462.93,0,Sindh,auto
AUTO-008254,23329.43,6023.13,0,KPK,auto
AUTO-008255,44966.11,48171.53,0,Balochistan,auto
AUTO-008256,38593.71,7115.12,0,Sindh,auto
AUTO-008257,24699.73,10595.39,0,Punjab,auto
AUTO-008258,18740.01,17240.47,0,KPK,auto
AUTO-008259,25195.13,16977.81,0,Sindh,auto
AUTO-008260,16995.11,9765.69,0,Sindh,auto
AUTO-008261,52009.52,7123.1,0,GB,auto
AUTO-008262,20038.38,40913.81,0,Sindh,auto
AUTO-008263,21095.84,7481.52,0,Balochistan,auto
AUTO-008264,7274.2,5691.04,0,AJK,auto
AUTO-008265,19975.91,4833.47,0,AJK,auto
AUTO-008266,33464.55,2035.62,0,GB,auto
AUTO-008267,12914.92,15635.4,0,Sindh,auto
AUTO-008268,15133.1,1238.36,0,Sindh,auto
AUTO-008269,32740.09,8066.07,0,AJK,auto
AUTO-008270,10526.71,6878.19,0,Balochistan,auto
AUTO-008271,37380.35,48628.85,0,KPK,auto
AUTO-008272,16880.73,1871.84,0,AJK,auto
AUTO-008273,18137.12,3940.71,0,Sindh,auto
AUTO-008274,12557.34,7267.17,0,Balochistan,auto
AUTO-008275,26609.49,6918.65,0,Balochistan,auto
AUTO-008276,75352.77,5220.58,0,GB,auto
AUTO-008277,32557.03,7594.73,0,Sindh,auto
AUTO-008278,14297.75,2958.24,0,Punjab,auto
AUTO-008279,38863.48,10783.3,0,Balochistan,auto
AUTO-008280,18800.9,1264.98,0,AJK,auto
AUTO-008281,43793.58,7937.75,0,Punjab,auto
AUTO-008282,32969.5,5012.62,0,GB,auto
AUTO-008283,5056.5,18270.27,0,KPK,auto
AUTO-008284,13332.5,32999.54,0,AJK,auto
AUTO-008285,35319.57,6217.72,0,GB,auto
AUTO-008286,23761.66,24651.2,0,GB,auto
AUTO-008287,13201.98,6292.46,0,GB,auto
AUTO-008288,16045.85,3740.96,0,Sindh,auto
AUTO-008289,8492.02,32752.12,0,Punjab,auto
AUTO-008290,21074.38,12290.98,0,GB,auto
AUTO-008291,66525.78,8131.91,0,GB,auto
AUTO-008292,32940.78,14041.07,0,GB,auto
AUTO-008293,65854.86,10090.73,0,AJK,auto
AUTO-008294,34241.67,7666.57,0,GB,auto
AUTO-008295,36817.91,2804.14,0,Balochistan,auto
AUTO-008296,59103.14,6526.14,0,Sindh,auto
AUTO-008297,26599.07,13341.09,0,Punjab,auto
AUTO-008298,20058.06,7345.06,0,Balochistan,auto
AUTO-008299,36913.36,16678.25,0,GB,auto
AUTO-008300,45566.14,11014.02,0,Sindh,auto
AUTO-008301,17326.94,4013.79,0,Sindh,auto
AUTO-008302,15355.29,2820.48,0,Punjab,auto
AUTO-008303,23610.06,7145.64,0,Punjab,auto
AUTO-008304,33381.24,5327.39,0,Punjab,auto
AUTO-008305,32828.28,10604.75,0,AJK,auto
AUTO-008306,10806.64,4561.88,0,Sindh,auto
AUTO-008307,57285.51,4952.69,0,GB,auto
AUTO-008308,15985.18,18815.87,0,KPK,auto
AUTO-008309,19292.42,9123.08,0,Balochistan,auto
AUTO-008310,14026.07,4618.47,0,Punjab,auto
AUTO-008311,84894.49,8218.26,0,Sindh,auto
AUTO-008312,24860.5,24419.3,0,GB,auto
AUTO-008313,14393.22,10249.96,0,Balochistan,auto
AUTO-008314,33926.84,13021.55,0,KPK,auto
AUTO-008315,32356.43,4439.12,0,Balochistan,auto
AUTO-008316,20053.05,18418.95,0,KPK,auto
AUTO-008317,33533.61,51765.64,1,GB,auto
AUTO-008318,14579.24,4301.96,0,Punjab,auto
AUTO-008319,17215.08,3147.88,0,AJK,auto
AUTO-008320,8061.8,9324.81,0,KPK,auto
AUTO-008321,11361.94,16324.2,0,Punjab,auto
AUTO-008322,54383.46,7531.79,0,Balochistan,auto
AUTO-008323,50046.82,3489.22,0,GB,auto
AUTO-008324,22763.06,7428.9,0,Balochistan,auto
AUTO-008325,50587.8,13075.22,0,Balochistan,auto
AUTO-008326,20332.23,5851.04,0,GB,auto
AUTO-008327,19502.44,13171.41,0,GB,auto
AUTO-008328,22657.71,20573.7,0,AJK,auto
AUTO-008329,20692.76,9820.08,0,Sindh,auto
AUTO-008330,19779.51,7923.92,0,KPK,auto
AUTO-008331,39014.91,15732.36,0,GB,auto
AUTO-008332,23743.59,4085.17,0,Sindh,auto
AUTO-008333,31452.72,3775.29,0,Balochistan,auto
AUTO-008334,36889.8,6546.87,0,AJK,auto
AUTO-008335,26744.73,5467.06,0,Punjab,auto
AUTO-008336,13559.79,4261.29,0,AJK,auto
AUTO-008337,11198.86,35044.53,0,GB,auto
AUTO-008338,23727.51,46055.14,0,Sindh,auto
AUTO-008339,20218.87,6106.05,0,Balochistan,auto
AUTO-008340,23010.27,8720.01,0,KPK,auto
AUTO-008341,21850.37,6972.48,0,AJK,auto
AUTO-008342,80160.55,19653.28,0,Sindh,auto
AUTO-008343,11326.35,23029.16,0,Sindh,auto
AUTO-008344,8143.92,1955.09,0,Punjab,auto
AUTO-008345,26008.75,11858.6,0,KPK,auto
AUTO-008346,18247.6,2848.49,0,Sindh,auto
AUTO-008347,25797.53,33077.8,0,KPK,auto
AUTO-008348,29493.98,11524.13,0,Balochistan,auto
AUTO-008349,41858.59,4193.62,0,GB,auto
AUTO-008350,10367.04,6680.47,0,AJK,auto
AUTO-008351,16674.59,6430.57,1,Sindh,auto
AUTO-008352,27292.87,12333.7,0,Balochistan,auto
AUTO-008353,32377.91,18648.67,0,Punjab,auto
AUTO-008354,65954.79,3233.87,0,KPK,auto
AUTO-008355,35520.03,35277.6,0,GB,auto
AUTO-008356,21409.84,29276.84,0,Balochistan,auto
AUTO-008357,14112.02,4022.83,0,KPK,auto
AUTO-008358,16611.58,8589.03,0,GB,auto
AUTO-008359,16377.25,31845.36,0,KPK,auto
AUTO-008360,30565.18,21727.52,0,Sindh,auto
AUTO-008361,25046.73,6189.48,0,KPK,auto
AUTO-008362,11363.65,15544.65,0,Balochistan,auto
AUTO-008363,17712.91,89121.74,0,Punjab,auto
AUTO-008364,34158.74,8814.28,0,Sindh,auto
AUTO-008365,26260.76,4884.79,0,AJK,auto
AUTO-008366,29270.11,9301.55,0,Punjab,auto
AUTO-008367,26674.43,9869.87,1,Balochistan,auto
AUTO-008368,49672.93,5326.08,0,Sindh,auto
AUTO-008369,24785.68,11536.83,0,GB,auto
AUTO-008370,18160.22,2970.48,0,GB,auto
AUTO-008371,13934.49,4757.95,0,KPK,auto
AUTO-008372,24954.38,14862.49,0,Punjab,auto
AUTO-008373,6500.59,1990.42,0,Sindh,auto
AUTO-008374,20087.55,16689.48,0,AJK,auto
AUTO-008375,19872.26,1620.38,0,AJK,auto
AUTO-008376,11134.06,2028.27,0,AJK,auto
AUTO-008377,13847.6,5436.1,0,GB,auto
AUTO-008378,33018.68,10193.35,0,Sindh,auto
AUTO-008379,24719.7,23393.44,1,Punjab,auto
AUTO-008380,23176.5,8485.37,0,KPK,auto
AUTO-008381,25672.45,6652.56,0,Punjab,auto
AUTO-008382,23070.59,12883.01,1,KPK,auto
AUTO-008383,41004.26,4037.1,0,Punjab,auto
AUTO-008384,23428.64,9059.16,0,Punjab,auto
AUTO-008385,10624.24,3103.99,0,Sindh,auto
AUTO-008386,49764.89,8656.56,0,AJK,auto
AUTO-008387,26507.16,7303.66,0,AJK,auto
AUTO-008388,16405.52,4258.13,0,AJK,auto
AUTO-008389,11769.88,9246.8,0,AJK,auto
AUTO-008390,26848.28,9198.9,0,Punjab,auto
AUTO-008391,20773.1,20751.28,0,AJK,auto
AUTO-008392,48391.21,2242.83,0,Punjab,auto
AUTO-008393,18528.15,7624.8,0,KPK,auto
AUTO-008394,14491.38,4410.71,0,Balochistan,auto
AUTO-008395,34471.84,16249.37,0,Balochistan,auto
AUTO-008396,34983.82,14811.06,0,KPK,auto
AUTO-008397,23964.42,12164.83,0,Punjab,auto
AUTO-008398,30889.71,4614.38,0,AJK,auto
AUTO-008399,21615.29,16454.87,0,Sindh,auto
AUTO-008400,24758.71,2382.48,0,Punjab,auto
AUTO-008401,39438.41,2021.82,0,Punjab,auto
AUTO-008402,30111.4,2919.9,0,KPK,auto
AUTO-008403,20238.92,7888.96,0,KPK,auto
AUTO-008404,43311.84,13906.78,0,Sindh,auto
AUTO-008405,6751.85,749.33,0,AJK,auto
AUTO-008406,61453.54,23346.31,1,Balochistan,auto
AUTO-008407,9386.43,8999.19,0,GB,auto
AUTO-008408,16098.05,2311.8,0,AJK,auto
AUTO-008409,21580.41,8784.62,0,AJK,auto
AUTO-008410,20470.9,19419.25,0,GB,auto
AUTO-008411,36432.1,13089.33,0,GB,auto
AUTO-008412,12978.92,19521.24,1,Punjab,auto
AUTO-008413,25093.98,2716.24,0,Sindh,auto
AUTO-008414,16496.34,5818.49,0,Punjab,auto
AUTO-008415,25529.0,3867.05,0,KPK,auto
AUTO-008416,21324.54,32018.34,0,GB,auto
AUTO-008417,23074.14,13514.12,0,Balochistan,auto
AUTO-008418,16731.32,79031.97,0,Sindh,auto
AUTO-008419,17068.13,5574.25,0,Sindh,auto
AUTO-008420,25428.76,4538.09,0,AJK,auto
AUTO-008421,35307.75,7228.15,0,Punjab,auto
AUTO-008422,16331.65,24408.48,0,AJK,auto
AUTO-008423,14265.74,6045.71,0,AJK,auto
AUTO-008424,29933.4,8951.26,0,Sindh,auto
AUTO-008425,21671.39,8754.76,0,Balochistan,auto
AUTO-008426,33364.54,8363.21,0,KPK,auto
AUTO-008427,14004.04,4808.22,0,AJK,auto
AUTO-008428,9047.83,7260.23,0,GB,auto
AUTO-008429,16873.47,7015.79,0,Balochistan,auto
AUTO-008430,15015.28,8054.19,0,GB,auto
AUTO-008431,21175.62,17237.0,0,AJK,auto
AUTO-008432,16019.75,33140.2,0,Balochistan,auto
AUTO-008433,31904.7,4136.69,0,Punjab,auto
AUTO-008434,19071.01,5921.86,0,GB,auto
AUTO-008435,23747.61,4188.05,0,KPK,auto
AUTO-008436,23832.78,9411.44,0,Sindh,auto
AUTO-008437,24281.68,5267.55,0,Punjab,auto
AUTO-008438,21762.32,9816.67,0,AJK,auto
AUTO-008439,28432.85,19592.49,0,AJK,auto
AUTO-008440,14796.89,1074.2,0,KPK,auto
AUTO-008441,44342.95,12009.15,0,GB,auto
AUTO-008442,19569.57,5607.44,0,GB,auto
AUTO-008443,11432.61,11711.63,0,KPK,auto
AUTO-008444,24198.28,3955.35,0,KPK,auto
AUTO-008445,14391.74,21099.59,0,AJK,auto
AUTO-008446,30719.94,16825.06,0,AJK,auto
AUTO-008447,66489.73,12767.8,0,Sindh,auto
AUTO-008448,14864.25,15284.29,0,KPK,auto
AUTO-008449,26008.69,4462.67,0,Balochistan,auto
AUTO-008450,9156.76,4935.95,0,Sindh,auto
AUTO-008451,27638.16,14793.59,0,Balochistan,auto
AUTO-008452,14145.38,4384.44,0,Punjab,auto
AUTO-008453,16116.24,25758.19,0,KPK,auto
AUTO-008454,12699.99,6254.94,0,Sindh,auto
AUTO-008455,31763.58,12106.71,0,GB,auto
AUTO-008456,36448.38,43451.45,0,Sindh,auto
AUTO-008457,22285.52,4605.57,0,Punjab,auto
AUTO-008458,14296.74,8561.32,0,Punjab,auto
AUTO-008459,48764.68,18832.63,0,Punjab,auto
AUTO-008460,15135.45,17344.35,0,Sindh,auto
AUTO-008461,7472.49,6233.84,0,AJK,auto
AUTO-008462,27700.19,5359.44,0,Balochistan,auto
AUTO-008463,12677.86,6724.35,0,GB,auto
AUTO-008464,36109.25,25804.04,0,GB,auto
AUTO-008465,18204.63,6481.55,0,Balochistan,auto
AUTO-008466,29787.87,8625.62,0,GB,auto
AUTO-008467,44389.14,5759.3,0,Punjab,auto
AUTO-008468,12034.95,14248.96,0,GB,auto
AUTO-008469,16597.9,9176.67,0,AJK,auto
AUTO-008470,21208.65,3630.96,0,AJK,auto
AUTO-008471,47513.81,3732.9,0,Punjab,auto
AUTO-008472,15848.16,1637.81,0,KPK,auto
AUTO-008473,16362.51,4166.96,0,Sindh,auto
AUTO-008474,27975.11,15293.09,0,KPK,auto
AUTO-008475,16504.46,23365.33,1,AJK,auto
AUTO-008476,23771.98,14022.9,0,Punjab,auto
AUTO-008477,10139.88,12628.43,1,Sindh,auto
AUTO-008478,66646.98,7323.03,0,Balochistan,auto
AUTO-008479,11227.77,15062.02,0,GB,auto
AUTO-008480,18753.27,10188.58,0,AJK,auto
AUTO-008481,21671.63,34322.6,0,Sindh,auto
AUTO-008482,57316.51,7489.4,0,Sindh,auto
AUTO-008483,11356.86,23727.89,0,KPK,auto
AUTO-008484,59388.27,16306.05,0,Balochistan,auto
AUTO-008485,32163.53,14593.84,0,KPK,auto
AUTO-008486,27134.13,1621.01,0,KPK,auto
AUTO-008487,13462.77,17040.56,0,KPK,auto
AUTO-008488,29306.68,7317.28,0,KPK,auto
AUTO-008489,15340.58,5680.87,0,AJK,auto
AUTO-008490,41495.1,2474.19,0,Balochistan,auto
AUTO-008491,13554.43,8066.95,0,KPK,auto
AUTO-008492,20814.83,8323.53,0,AJK,auto
AUTO-008493,16686.64,2857.2,0,GB,auto
AUTO-008494,13443.33,2493.33,0,AJK,auto
AUTO-008495,31909.53,11959.67,0,Sindh,auto
AUTO-008496,28788.45,16274.65,0,Sindh,auto
AUTO-008497,40316.06,9435.42,0,Punjab,auto
AUTO-008498,9045.86,20346.57,0,AJK,auto
AUTO-008499,37499.59,7562.01,0,Punjab,auto
AUTO-008500,77089.66,7758.3,0,AJK,auto
AUTO-008501,17574.06,3890.83,0,KPK,auto
AUTO-008502,56816.06,2325.77,0,KPK,auto
AUTO-008503,19310.79,35729.42,0,Punjab,auto
AUTO-008504,11089.96,20031.06,0,KPK,auto
AUTO-008505,18905.04,2659.76,0,KPK,auto
AUTO-008506,37201.41,9178.34,0,Sindh,auto
AUTO-008507,14485.62,7479.81,0,KPK,auto
AUTO-008508,16314.84,6508.12,0,Sindh,auto
AUTO-008509,29636.73,5841.75,0,Balochistan,auto
AUTO-008510,22060.19,10993.01,0,AJK,auto
AUTO-008511,29504.9,15592.42,0,Sindh,auto
AUTO-008512,24807.83,11180.35,0,GB,auto
AUTO-008513,27995.88,7358.31,0,GB,auto
AUTO-008514,17744.83,7145.36,0,Sindh,auto
AUTO-008515,24732.3,17144.82,0,Sindh,auto
AUTO-008516,13853.78,11739.99,0,GB,auto
AUTO-008517,41949.29,8588.26,0,AJK,auto
AUTO-008518,16040.35,7873.67,0,AJK,auto
AUTO-008519,38732.09,10680.94,0,AJK,auto
AUTO-008520,19598.27,5570.95,0,GB,auto
AUTO-008521,24367.35,15634.43,0,KPK,auto
AUTO-008522,17197.47,3426.56,0,Sindh,auto
AUTO-008523,13253.31,5830.36,0,AJK,auto
AUTO-008524,9206.08,13212.05,0,Balochistan,auto
AUTO-008525,12995.23,3273.76,0,GB,auto
AUTO-008526,18733.07,2302.14,0,AJK,auto
AUTO-008527,24488.03,8522.48,0,Punjab,auto
AUTO-008528,36504.46,2085.65,0,Punjab,auto
AUTO-008529,17625.84,2866.82,0,Sindh,auto
AUTO-008530,14171.95,14842.88,0,Sindh,auto
AUTO-008531,10706.89,6878.61,0,Sindh,auto
AUTO-008532,28002.02,22660.75,0,KPK,auto
AUTO-008533,43984.71,3090.69,0,GB,auto
AUTO-008534,41488.23,7516.37,0,Punjab,auto
AUTO-008535,31412.66,11155.27,0,Punjab,auto
AUTO-008536,30311.17,3176.67,0,Sindh,auto
AUTO-008537,51472.96,18497.85,0,GB,auto
AUTO-008538,26004.91,12192.1,0,Punjab,auto
AUTO-008539,30426.37,2236.28,0,Punjab,auto
AUTO-008540,18762.36,7862.08,0,KPK,auto
AUTO-008541,11147.59,11034.32,0,Balochistan,auto
AUTO-008542,15647.64,5054.1,0,Sindh,auto
AUTO-008543,21925.83,2480.23,0,Balochistan,auto
AUTO-008544,22706.19,10125.04,0,Balochistan,auto
AUTO-008545,57707.53,47524.2,0,KPK,auto
AUTO-008546,22940.03,5945.64,0,Punjab,auto
AUTO-008547,39712.52,28435.48,0,Sindh,auto
AUTO-008548,17720.22,4438.93,0,AJK,auto
AUTO-008549,18848.0,9628.05,0,Balochistan,auto
AUTO-008550,11333.25,15021.2,0,GB,auto
AUTO-008551,15196.74,8048.73,0,Balochistan,auto
AUTO-008552,28666.68,6385.67,0,KPK,auto
AUTO-008553,22109.89,14485.48,0,Balochistan,auto
AUTO-008554,35294.04,36796.72,1,Balochistan,auto
AUTO-008555,24115.91,10305.88,0,Balochistan,auto
AUTO-008556,18467.6,5362.32,0,KPK,auto
AUTO-008557,64482.45,6961.84,0,Punjab,auto
AUTO-008558,21016.19,60825.61,1,GB,auto
AUTO-008559,39399.19,9026.55,0,Balochistan,auto
AUTO-008560,18022.84,5036.51,0,Sindh,auto
AUTO-008561,31407.43,3242.0,0,GB,auto
AUTO-008562,35031.67,1880.47,0,Balochistan,auto
AUTO-008563,24446.59,10838.58,0,Balochistan,auto
AUTO-008564,6786.96,13680.32,0,Sindh,auto
AUTO-008565,22228.4,5899.62,0,KPK,auto
AUTO-008566,40750.77,8006.62,0,AJK,auto
AUTO-008567,28673.84,3176.8,0,Sindh,auto
AUTO-008568,27526.91,9012.27,0,AJK,auto
AUTO-008569,9310.25,11910.75,0,Punjab,auto
AUTO-008570,15363.85,5280.99,0,Punjab,auto
AUTO-008571,27056.4,31330.96,0,Balochistan,auto
AUTO-008572,27043.22,4147.72,0,GB,auto
AUTO-008573,40430.24,10165.77,0,Balochistan,auto
AUTO-008574,20487.43,15972.98,0,KPK,auto
AUTO-008575,26981.64,7617.23,0,AJK,auto
AUTO-008576,22207.54,6968.94,0,Punjab,auto
AUTO-008577,13447.23,2583.52,0,Punjab,auto
AUTO-008578,7130.27,24001.54,0,Balochistan,auto
AUTO-008579,27323.57,7073.32,1,Balochistan,auto
AUTO-008580,24027.96,12455.19,0,KPK,auto
AUTO-008581,16169.99,13879.61,0,Balochistan,auto
AUTO-008582,9802.7,4901.82,0,GB,auto
AUTO-008583,30178.04,6918.66,0,Balochistan,auto
AUTO-008584,19284.17,23566.6,0,GB,auto
AUTO-008585,29098.37,3315.1,0,GB,auto
AUTO-008586,55939.4,44459.52,0,KPK,auto
AUTO-008587,7549.86,4465.35,0,Balochistan,auto
AUTO-008588,15524.89,3153.87,0,GB,auto
AUTO-008589,19837.16,9007.81,0,GB,auto
AUTO-008590,45588.61,47414.27,1,Balochistan,auto
AUTO-008591,9718.62,1756.76,0,Balochistan,auto
AUTO-008592,57984.47,7238.63,0,AJK,auto
AUTO-008593,23574.67,11861.01,0,Punjab,auto
AUTO-008594,20994.16,8324.18,0,Sindh,auto
AUTO-008595,19949.71,10998.75,0,Punjab,auto
AUTO-008596,17709.71,4562.26,0,AJK,auto
AUTO-008597,37199.79,5015.17,0,Sindh,auto
AUTO-008598,12909.77,7195.87,0,Punjab,auto
AUTO-008599,26178.85,3281.61,0,KPK,auto
AUTO-008600,18176.94,7818.52,0,AJK,auto
AUTO-008601,15046.99,5937.26,0,KPK,auto
AUTO-008602,80256.87,5563.4,0,KPK,auto
AUTO-008603,27160.67,10471.42,0,Punjab,auto
AUTO-008604,29930.48,1888.38,0,GB,auto
AUTO-008605,38905.4,6746.15,0,Sindh,auto
AUTO-008606,10821.88,51734.65,1,GB,auto
AUTO-008607,52899.33,3398.58,0,Balochistan,auto
AUTO-008608,6282.49,22660.99,0,Balochistan,auto
AUTO-008609,14997.17,8465.25,0,AJK,auto
AUTO-008610,17509.24,5002.2,0,KPK,auto
AUTO-008611,29462.15,2817.17,0,AJK,auto
AUTO-008612,24571.91,9061.1,0,Punjab,auto
AUTO-008613,20263.83,25918.64,1,KPK,auto
AUTO-008614,21894.73,5935.05,0,Balochistan,auto
AUTO-008615,13507.34,7594.89,0,Punjab,auto
AUTO-008616,10418.97,18183.99,0,Punjab,auto
AUTO-008617,31674.14,10643.41,0,GB,auto
AUTO-008618,31158.83,2303.49,0,AJK,auto
AUTO-008619,48642.22,8770.16,0,AJK,auto
AUTO-008620,14838.66,27167.81,0,GB,auto
AUTO-008621,31144.96,7867.12,0,Sindh,auto
AUTO-008622,19113.43,903.98,0,Balochistan,auto
AUTO-008623,39944.15,11054.27,0,Balochistan,auto
AUTO-008624,36716.5,6913.52,0,AJK,auto
AUTO-008625,24479.83,1875.68,0,Balochistan,auto
AUTO-008626,18587.32,2114.63,0,Balochistan,auto
AUTO-008627,35613.0,17678.17,0,Punjab,auto
AUTO-008628,30438.16,4510.19,0,GB,auto
AUTO-008629,15643.02,3920.61,0,GB,auto
AUTO-008630,11340.1,7875.32,0,KPK,auto
AUTO-008631,19067.37,4839.84,0,KPK,auto
AUTO-008632,46990.79,8778.31,0,Sindh,auto
AUTO-008633,39075.21,6889.98,0,KPK,auto
AUTO-008634,12630.08,3102.62,0,GB,auto
AUTO-008635,12284.84,5383.22,0,Balochistan,auto
AUTO-008636,41661.88,11547.25,0,GB,auto
AUTO-008637,12483.74,8379.42,0,Punjab,auto
AUTO-008638,28414.3,7588.93,0,GB,auto
AUTO-008639,16187.01,38173.9,0,KPK,auto
AUTO-008640,49440.36,14542.49,0,Balochistan,auto
AUTO-008641,14984.74,16025.76,0,GB,auto
AUTO-008642,39014.19,7095.57,0,Balochistan,auto
AUTO-008643,24159.41,9663.55,0,AJK,auto
AUTO-008644,24986.66,5739.46,0,GB,auto
AUTO-008645,8224.28,15093.81,0,AJK,auto
AUTO-008646,7321.3,7418.11,0,KPK,auto
AUTO-008647,19726.48,9680.82,0,AJK,auto
AUTO-008648,24920.67,9214.09,0,Balochistan,auto
AUTO-008649,12549.06,7986.17,0,Balochistan,auto
AUTO-008650,12780.21,85012.23,0,AJK,auto
AUTO-008651,29165.34,4753.82,0,Punjab,auto
AUTO-008652,29185.5,4719.37,0,AJK,auto
AUTO-008653,20560.55,14119.01,0,Punjab,auto
AUTO-008654,32535.95,5033.47,0,AJK,auto
AUTO-008655,12245.32,6418.08,0,Balochistan,auto
AUTO-008656,18435.48,3397.76,0,GB,auto
AUTO-008657,50208.46,12007.01,0,Balochistan,auto
AUTO-008658,22791.91,12129.62,0,AJK,auto
AUTO-008659,23462.44,6297.11,0,Sindh,auto
AUTO-008660,69770.97,14355.0,0,Punjab,auto
AUTO-008661,10941.62,1832.62,0,Sindh,auto
AUTO-008662,32801.03,4603.25,0,Balochistan,auto
AUTO-008663,50614.49,7072.83,0,Punjab,auto
AUTO-008664,18724.18,3172.18,0,GB,auto
AUTO-008665,33854.1,2000.25,0,AJK,auto
AUTO-008666,13480.38,6333.97,0,Punjab,auto
AUTO-008667,15625.1,14118.14,0,Punjab,auto
AUTO-008668,26701.72,22599.58,0,KPK,auto
AUTO-008669,32836.08,5230.02,0,GB,auto
AUTO-008670,38579.19,14567.86,1,Punjab,auto
AUTO-008671,48282.01,13483.66,0,GB,auto
AUTO-008672,21296.05,21480.19,0,Balochistan,auto
AUTO-008673,40006.85,6123.24,0,GB,auto
AUTO-008674,18561.55,1922.15,0,Sindh,auto
AUTO-008675,34580.52,8571.08,0,Sindh,auto
AUTO-008676,24434.33,3600.99,0,GB,auto
AUTO-008677,27524.7,4542.33,0,AJK,auto
AUTO-008678,27221.27,6367.9,0,KPK,auto
AUTO-008679,9873.87,6178.67,1,Sindh,auto
AUTO-008680,12555.81,9074.72,0,Sindh,auto
AUTO-008681,23185.23,14221.71,1,Punjab,auto
AUTO-008682,9474.51,6037.9,0,GB,auto
AUTO-008683,33376.44,11120.64,0,Balochistan,auto
AUTO-008684,34056.56,8199.7,0,GB,auto
AUTO-008685,25941.14,17126.73,0,GB,auto
AUTO-008686,12574.59,6968.3,0,Balochistan,auto
AUTO-008687,43917.56,7607.26,0,AJK,auto
AUTO-008688,60998.55,6005.79,0,Balochistan,auto
AUTO-008689,23707.3,7116.71,0,Sindh,auto
AUTO-008690,28431.92,4329.51,0,Punjab,auto
AUTO-008691,24364.18,3999.49,0,Balochistan,auto
AUTO-008692,28715.28,15072.28,0,KPK,auto
AUTO-008693,20748.32,3406.49,0,KPK,auto
AUTO-008694,21649.07,6277.36,0,KPK,auto
AUTO-008695,34643.27,18256.46,0,Balochistan,auto
AUTO-008696,71168.96,6110.96,0,Punjab,auto
AUTO-008697,10937.63,15724.77,0,Balochistan,auto
AUTO-008698,20912.32,5050.1,0,Sindh,auto
AUTO-008699,12207.06,3494.93,0,Balochistan,auto
AUTO-008700,48825.72,2262.3,0,GB,auto
AUTO-008701,16417.96,23159.94,0,KPK,auto
AUTO-008702,10704.29,3263.33,0,KPK,auto
AUTO-008703,30305.77,14731.59,0,GB,auto
AUTO-008704,52688.66,3641.1,0,Punjab,auto
AUTO-008705,30693.28,23246.44,0,AJK,auto
AUTO-008706,24401.48,47354.93,0,KPK,auto
AUTO-008707,27026.43,2102.28,0,KPK,auto
AUTO-008708,44686.21,3402.26,0,AJK,auto
AUTO-008709,14227.05,15040.55,0,Balochistan,auto
AUTO-008710,20828.48,12215.18,0,KPK,auto
AUTO-008711,17564.85,15086.23,0,Punjab,auto
AUTO-008712,12284.18,5120.44,0,Balochistan,auto
AUTO-008713,18691.28,39736.58,0,Balochistan,auto
AUTO-008714,38325.11,8905.64,0,KPK,auto
AUTO-008715,29240.24,3060.79,0,Balochistan,auto
AUTO-008716,30398.7,6617.55,0,Balochistan,auto
AUTO-008717,23700.18,3093.77,0,Punjab,auto
AUTO-008718,28614.3,28933.43,1,Balochistan,auto
AUTO-008719,14760.42,4777.8,0,GB,auto
AUTO-008720,18868.42,12015.91,0,KPK,auto
AUTO-008721,24245.88,5560.6,0,KPK,auto
AUTO-008722,25305.02,4952.71,0,GB,auto
AUTO-008723,25850.73,1757.76,0,GB,auto
AUTO-008724,20554.44,13076.08,0,GB,auto
AUTO-008725,18238.47,22910.37,0,AJK,auto
AUTO-008726,106818.42,3894.13,0,Sindh,auto
AUTO-008727,34661.8,2353.87,0,AJK,auto
AUTO-008728,27080.62,15408.16,0,Punjab,auto
AUTO-008729,19602.17,2171.14,0,Punjab,auto
AUTO-008730,17577.77,21496.09,0,KPK,auto
AUTO-008731,20632.02,3930.35,0,Sindh,auto
AUTO-008732,25499.51,3352.18,0,AJK,auto
AUTO-008733,8602.28,9884.96,0,Sindh,auto
AUTO-008734,10049.77,3531.54,0,KPK,auto
AUTO-008735,16019.45,4602.3,0,Balochistan,auto
AUTO-008736,24430.06,10755.64,0,KPK,auto
AUTO-008737,19542.82,1160.62,0,KPK,auto
AUTO-008738,46122.7,30149.86,0,Sindh,auto
AUTO-008739,10496.55,8390.98,0,Punjab,auto
AUTO-008740,15128.37,2880.24,0,Balochistan,auto
AUTO-008741,47100.83,3591.06,0,Balochistan,auto
AUTO-008742,23518.9,17913.63,0,Punjab,auto
AUTO-008743,34283.56,13106.22,0,Sindh,auto
AUTO-008744,61428.15,24573.52,0,Sindh,auto
AUTO-008745,15569.95,4692.9,0,Punjab,auto
AUTO-008746,20959.41,10272.92,0,AJK,auto
AUTO-008747,19221.54,11398.7,0,Sindh,auto
AUTO-008748,8289.16,14132.24,0,Punjab,auto
AUTO-008749,18860.06,19966.77,0,AJK,auto
AUTO-008750,34218.82,4565.07,0,KPK,auto
AUTO-008751,28862.39,7395.77,0,Balochistan,auto
AUTO-008752,30017.67,4973.51,1,Punjab,auto
AUTO-008753,18255.93,7769.11,0,Sindh,auto
AUTO-008754,15866.28,14168.07,0,Balochistan,auto
AUTO-008755,41548.96,2157.64,0,AJK,auto
AUTO-008756,17177.26,19682.74,0,Balochistan,auto
AUTO-008757,25515.49,3257.3,0,GB,auto
AUTO-008758,23900.8,6336.64,0,Punjab,auto
AUTO-008759,45745.95,21919.97,0,KPK,auto
AUTO-008760,35800.11,10534.47,0,AJK,auto
AUTO-008761,11526.12,10632.0,0,AJK,auto
AUTO-008762,12163.85,3151.08,0,AJK,auto
AUTO-008763,29420.73,3514.78,0,Balochistan,auto
AUTO-008764,21329.18,17205.86,0,KPK,auto
AUTO-008765,17543.07,5057.79,0,Punjab,auto
AUTO-008766,36600.38,5453.81,0,Punjab,auto
AUTO-008767,24190.85,17521.1,0,Balochistan,auto
AUTO-008768,22611.83,3498.43,0,GB,auto
AUTO-008769,32529.88,10050.6,0,Punjab,auto
AUTO-008770,18259.59,8386.06,0,Punjab,auto
AUTO-008771,48255.23,8085.69,0,KPK,auto
AUTO-008772,14853.28,5352.14,0,Balochistan,auto
AUTO-008773,30591.1,5095.51,0,Balochistan,auto
AUTO-008774,45112.58,3419.7,1,AJK,auto
AUTO-008775,11062.9,11921.9,0,Punjab,auto
AUTO-008776,18551.99,4748.01,0,Sindh,auto
AUTO-008777,38991.68,17588.41,0,GB,auto
AUTO-008778,39285.95,6770.67,0,KPK,auto
AUTO-008779,20216.46,3474.62,0,KPK,auto
AUTO-008780,15255.03,6699.24,0,GB,auto
AUTO-008781,35524.15,5833.16,0,GB,auto
AUTO-008782,39806.06,18165.56,0,Sindh,auto
AUTO-008783,12303.86,6031.79,0,AJK,auto
AUTO-008784,12064.75,6496.58,0,Sindh,auto
AUTO-008785,24652.37,25065.24,0,GB,auto
AUTO-008786,30172.32,12168.6,0,GB,auto
AUTO-008787,18967.18,30643.16,0,Sindh,auto
AUTO-008788,30935.11,22186.43,0,AJK,auto
AUTO-008789,15443.32,3984.91,0,Sindh,auto
AUTO-008790,7651.47,17889.35,0,AJK,auto
AUTO-008791,17819.51,27453.33,0,GB,auto
AUTO-008792,22733.98,27618.76,0,GB,auto
AUTO-008793,19188.76,17862.82,0,GB,auto
AUTO-008794,12341.2,17571.23,0,Punjab,auto
AUTO-008795,8885.5,6360.56,0,AJK,auto
AUTO-008796,17033.81,4146.81,0,GB,auto
AUTO-008797,34503.91,6113.33,0,Balochistan,auto
AUTO-008798,41278.57,2139.16,0,Balochistan,auto
AUTO-008799,39889.03,23723.85,0,Sindh,auto
AUTO-008800,14647.8,6459.88,0,Balochistan,auto
AUTO-008801,12371.45,22766.94,0,AJK,auto
AUTO-008802,28234.99,3025.41,0,Punjab,auto
AUTO-008803,30259.03,19266.05,0,AJK,auto
AUTO-008804,26905.47,5453.95,0,KPK,auto
AUTO-008805,8046.31,2900.11,0,Sindh,auto
AUTO-008806,14279.18,29783.04,0,GB,auto
AUTO-008807,21701.91,19650.33,0,Punjab,auto
AUTO-008808,28102.37,9599.19,0,Sindh,auto
AUTO-008809,32326.86,8326.1,0,KPK,auto
AUTO-008810,23673.86,11517.33,0,Balochistan,auto
AUTO-008811,25988.04,9468.28,0,KPK,auto
AUTO-008812,22981.22,4299.18,0,Balochistan,auto
AUTO-008813,31033.1,5827.59,1,Sindh,auto
AUTO-008814,25756.26,38893.18,0,Sindh,auto
AUTO-008815,22762.48,68715.18,0,GB,auto
AUTO-008816,19260.58,28286.35,0,GB,auto
AUTO-008817,22940.19,11879.61,0,Sindh,auto
AUTO-008818,28065.48,6184.5,0,GB,auto
AUTO-008819,25178.3,4278.9,0,AJK,auto
AUTO-008820,26646.5,4510.55,0,Punjab,auto
AUTO-008821,43103.56,5205.06,0,AJK,auto
AUTO-008822,25149.21,45294.06,0,KPK,auto
AUTO-008823,15922.7,34372.97,0,Punjab,auto
AUTO-008824,34262.39,14720.89,0,Sindh,auto
AUTO-008825,11124.45,3757.5,0,Sindh,auto
AUTO-008826,12826.82,16555.02,0,Sindh,auto
AUTO-008827,26053.92,6694.93,0,Balochistan,auto
AUTO-008828,28515.36,1447.5,0,KPK,auto
AUTO-008829,11819.13,10195.28,0,AJK,auto
AUTO-008830,18189.34,4131.8,0,GB,auto
AUTO-008831,16268.05,4245.26,0,KPK,auto
AUTO-008832,17268.89,6632.08,0,Balochistan,auto
AUTO-008833,35305.67,5438.95,0,Balochistan,auto
AUTO-008834,31358.88,7884.03,0,KPK,auto
AUTO-008835,21816.87,7586.58,0,Balochistan,auto
AUTO-008836,16764.5,1806.87,0,GB,auto
AUTO-008837,11216.88,27343.18,0,Punjab,auto
AUTO-008838,44805.78,3689.69,0,Sindh,auto
AUTO-008839,29615.61,3782.28,1,AJK,auto
AUTO-008840,15470.12,6230.16,0,Balochistan,auto
AUTO-008841,31564.86,7430.38,0,AJK,auto
AUTO-008842,21266.5,26034.66,0,Sindh,auto
AUTO-008843,19080.94,10052.12,0,GB,auto
AUTO-008844,27381.03,12748.54,0,KPK,auto
AUTO-008845,15203.04,10093.32,0,GB,auto
AUTO-008846,18548.08,9751.43,0,Sindh,auto
AUTO-008847,23405.6,10381.53,0,AJK,auto
AUTO-008848,17158.94,1726.43,0,Punjab,auto
AUTO-008849,30777.61,6634.68,0,KPK,auto
AUTO-008850,56079.93,20533.42,0,Balochistan,auto
AUTO-008851,15106.05,189826.32,0,Punjab,auto
AUTO-008852,9580.04,3091.94,0,Sindh,auto
AUTO-008853,8096.04,11366.93,0,AJK,auto
AUTO-008854,20430.13,5131.55,0,AJK,auto
AUTO-008855,15810.31,41694.38,0,AJK,auto
AUTO-008856,24438.87,2743.46,0,Sindh,auto
AUTO-008857,23536.29,13359.08,0,KPK,auto
AUTO-008858,9881.22,2628.66,0,Balochistan,auto
AUTO-008859,8888.9,6280.13,0,Punjab,auto
AUTO-008860,25539.12,7883.67,0,Sindh,auto
AUTO-008861,23569.63,19067.74,0,AJK,auto
AUTO-008862,17802.44,3422.98,0,Balochistan,auto
AUTO-008863,9618.35,13776.32,0,AJK,auto
AUTO-008864,27880.86,8225.73,0,Sindh,auto
AUTO-008865,41603.92,10079.26,0,AJK,auto
AUTO-008866,25310.92,17442.52,0,Sindh,auto
AUTO-008867,14418.44,2904.32,0,AJK,auto
AUTO-008868,22522.64,15498.15,0,Sindh,auto
AUTO-008869,11124.92,5140.35,0,AJK,auto
AUTO-008870,37383.34,19471.34,1,Balochistan,auto
AUTO-008871,22946.53,10589.8,0,Balochistan,auto
AUTO-008872,9099.02,6852.56,0,AJK,auto
AUTO-008873,18951.96,5054.22,0,AJK,auto
AUTO-008874,27768.31,15656.41,0,Sindh,auto
AUTO-008875,18647.66,22220.3,0,Sindh,auto
AUTO-008876,19188.23,5290.77,0,Sindh,auto
AUTO-008877,11941.79,3273.43,0,KPK,auto
AUTO-008878,29239.34,14120.3,0,AJK,auto
AUTO-008879,15926.91,2543.19,0,GB,auto
AUTO-008880,7493.4,2851.47,0,AJK,auto
AUTO-008881,18294.78,3462.82,0,AJK,auto
AUTO-008882,35974.83,5811.77,0,AJK,auto
AUTO-008883,18151.99,2782.03,0,Sindh,auto
AUTO-008884,52522.27,1718.08,0,Sindh,auto
AUTO-008885,27295.69,3267.06,0,KPK,auto
AUTO-008886,26091.87,13547.8,0,Sindh,auto
AUTO-008887,20656.82,2930.02,0,GB,auto
AUTO-008888,21287.11,6172.04,0,AJK,auto
AUTO-008889,19308.26,38459.41,0,AJK,auto
AUTO-008890,18936.86,7790.5,0,Punjab,auto
AUTO-008891,28722.43,10657.56,0,Sindh,auto
AUTO-008892,13795.32,3801.56,0,Punjab,auto
AUTO-008893,12862.26,45742.35,0,AJK,auto
AUTO-008894,12561.63,5255.15,0,Sindh,auto
AUTO-008895,61256.62,6751.47,0,AJK,auto
AUTO-008896,28714.9,23240.39,0,Punjab,auto
AUTO-008897,25648.65,7006.63,0,Punjab,auto
AUTO-008898,12981.01,8419.54,1,Balochistan,auto
AUTO-008899,30081.67,6468.18,0,Balochistan,auto
AUTO-008900,20779.34,6503.75,0,Sindh,auto
AUTO-008901,24516.08,10898.73,0,Sindh,auto
AUTO-008902,13516.82,12611.38,0,Sindh,auto
AUTO-008903,23864.19,4843.54,0,Sindh,auto
AUTO-008904,17820.12,4390.22,0,Sindh,auto
AUTO-008905,15020.85,4977.54,0,Sindh,auto
AUTO-008906,31794.65,2641.22,0,GB,auto
AUTO-008907,10210.24,2270.27,0,Sindh,auto
AUTO-008908,29213.56,10277.72,0,Punjab,auto
AUTO-008909,31015.52,17169.27,0,Punjab,auto
AUTO-008910,14188.37,16266.06,0,Punjab,auto
AUTO-008911,14615.47,1205.21,0,GB,auto
AUTO-008912,19702.23,6660.49,0,AJK,auto
AUTO-008913,25362.27,3355.4,0,KPK,auto
AUTO-008914,20405.76,9090.54,0,AJK,auto
AUTO-008915,27358.46,5800.74,0,Sindh,auto
AUTO-008916,53182.77,13010.73,0,KPK,auto
AUTO-008917,17088.17,7979.87,0,Punjab,auto
AUTO-008918,9343.26,1777.92,0,Punjab,auto
AUTO-008919,33288.32,3738.09,0,Balochistan,auto
AUTO-008920,51106.01,8140.67,0,Sindh,auto
AUTO-008921,26806.08,8708.79,0,Sindh,auto
AUTO-008922,12786.25,2631.89,0,Balochistan,auto
AUTO-008923,20703.41,2370.44,0,AJK,auto
AUTO-008924,12591.01,8476.02,0,Balochistan,auto
AUTO-008925,30376.6,2636.13,0,GB,auto
AUTO-008926,11207.68,2132.6,0,Sindh,auto
AUTO-008927,18957.13,5675.35,0,GB,auto
AUTO-008928,13330.78,5482.1,0,GB,auto
AUTO-008929,23468.45,4012.94,0,GB,auto
AUTO-008930,18339.81,4614.74,0,Punjab,auto
AUTO-008931,24061.81,8193.27,0,Balochistan,auto
AUTO-008932,22274.0,4554.49,0,KPK,auto
AUTO-008933,13449.14,8574.58,0,Punjab,auto
AUTO-008934,30134.88,5976.71,0,AJK,auto
AUTO-008935,21495.89,9266.12,0,Punjab,auto
AUTO-008936,13436.57,16359.51,0,AJK,auto
AUTO-008937,67539.19,15857.51,0,Punjab,auto
AUTO-008938,27951.19,22710.18,0,Sindh,auto
AUTO-008939,20401.62,15843.55,0,GB,auto
AUTO-008940,44694.35,9806.94,0,AJK,auto
AUTO-008941,55321.0,5728.76,0,AJK,auto
AUTO-008942,20482.48,5941.94,0,Balochistan,auto
AUTO-008943,26204.82,4014.94,0,Punjab,auto
AUTO-008944,13440.11,8132.5,0,AJK,auto
AUTO-008945,20463.61,14156.23,0,AJK,auto
AUTO-008946,19939.71,4534.48,0,Punjab,auto
AUTO-008947,24159.03,7865.38,0,Punjab,auto
AUTO-008948,26013.74,4713.14,0,KPK,auto
AUTO-008949,29141.37,9580.48,0,Balochistan,auto
AUTO-008950,24805.52,5221.26,0,AJK,auto
AUTO-008951,12023.62,4484.54,0,Punjab,auto
AUTO-008952,13777.15,4703.33,0,AJK,auto
AUTO-008953,16760.77,12120.62,0,KPK,auto
AUTO-008954,19127.45,7499.57,1,KPK,auto
AUTO-008955,37249.25,5751.77,0,AJK,auto
AUTO-008956,12314.47,9987.84,0,Balochistan,auto
AUTO-008957,18421.85,5816.11,0,Sindh,auto
AUTO-008958,35472.21,19954.59,0,AJK,auto
AUTO-008959,18959.52,3717.87,0,KPK,auto
AUTO-008960,27728.27,6977.34,0,Balochistan,auto
AUTO-008961,20542.04,2633.81,0,GB,auto
AUTO-008962,25044.05,6139.51,0,Punjab,auto
AUTO-008963,19648.65,2113.9,0,GB,auto
AUTO-008964,30746.54,14721.34,0,Balochistan,auto
AUTO-008965,10172.79,14961.01,0,Balochistan,auto
AUTO-008966,18367.61,15173.96,0,AJK,auto
AUTO-008967,25547.29,8292.43,0,Balochistan,auto
AUTO-008968,28763.07,4008.22,0,Punjab,auto
AUTO-008969,46466.01,4271.53,0,GB,auto
AUTO-008970,18114.86,27560.47,0,AJK,auto
AUTO-008971,46154.09,25553.81,0,KPK,auto
AUTO-008972,15843.08,8937.79,0,Punjab,auto
AUTO-008973,42801.28,5364.15,0,AJK,auto
AUTO-008974,33147.86,24219.15,0,AJK,auto
AUTO-008975,13950.5,4648.95,0,Sindh,auto
AUTO-008976,25681.33,9731.07,0,Punjab,auto
AUTO-008977,21469.36,23898.38,0,Balochistan,auto
AUTO-008978,30115.41,4150.27,0,Punjab,auto
AUTO-008979,19699.81,15730.85,0,Punjab,auto
AUTO-008980,18889.79,12288.86,0,Sindh,auto
AUTO-008981,43675.71,7850.93,0,Balochistan,auto
AUTO-008982,20965.63,3660.13,0,GB,auto
AUTO-008983,33296.62,4538.94,0,Sindh,auto
AUTO-008984,19679.33,10214.47,0,Sindh,auto
AUTO-008985,50682.28,2594.97,0,Sindh,auto
AUTO-008986,15690.84,8996.54,0,Punjab,auto
AUTO-008987,16202.62,12491.96,0,GB,auto
AUTO-008988,47205.16,17821.77,0,Sindh,auto
AUTO-008989,17632.99,2647.35,0,KPK,auto
AUTO-008990,49047.14,23225.31,0,Balochistan,auto
AUTO-008991,34403.73,31454.29,0,GB,auto
AUTO-008992,20387.46,11249.98,0,Balochistan,auto
AUTO-008993,8895.97,3531.79,0,GB,auto
AUTO-008994,21814.73,6232.37,0,Sindh,auto
AUTO-008995,23174.67,7800.34,0,GB,auto
AUTO-008996,39482.34,10060.49,0,Punjab,auto
AUTO-008997,48738.45,8246.84,0,GB,auto
AUTO-008998,15638.74,10146.99,0,AJK,auto
AUTO-008999,32879.05,7535.67,0,AJK,auto
AUTO-009000,32296.08,10017.47,0,Punjab,auto
AUTO-009001,37673.28,5605.94,0,Sindh,auto
AUTO-009002,28264.02,6182.33,0,Sindh,auto
AUTO-009003,8339.44,5111.15,0,KPK,auto
AUTO-009004,20379.58,37564.23,0,AJK,auto
AUTO-009005,12359.08,26137.35,0,AJK,auto
AUTO-009006,19904.42,12635.12,0,Balochistan,auto
AUTO-009007,35954.23,23394.29,0,Sindh,auto
AUTO-009008,25657.09,15348.44,0,Punjab,auto
AUTO-009009,39106.56,9367.64,0,Sindh,auto
AUTO-009010,26130.98,2429.75,0,Sindh,auto
AUTO-009011,11508.45,6570.0,0,KPK,auto
AUTO-009012,6245.25,6197.92,0,GB,auto
AUTO-009013,23727.84,3273.25,0,GB,auto
AUTO-009014,19792.07,2467.77,0,Punjab,auto
AUTO-009015,13514.62,12018.18,0,KPK,auto
AUTO-009016,9411.49,10504.97,0,KPK,auto
AUTO-009017,15254.48,3184.6,0,KPK,auto
AUTO-009018,19985.34,4461.75,0,GB,auto
AUTO-009019,30728.29,20516.36,0,KPK,auto
AUTO-009020,24205.03,4015.2,0,Sindh,auto
AUTO-009021,49218.93,9289.49,0,GB,auto
AUTO-009022,13124.0,6961.69,1,GB,auto
AUTO-009023,34218.76,12150.08,0,Balochistan,auto
AUTO-009024,22553.59,4085.15,0,Sindh,auto
AUTO-009025,31173.84,8708.6,0,KPK,auto
AUTO-009026,17707.48,9274.07,0,KPK,auto
AUTO-009027,37640.66,9741.44,0,Balochistan,auto
AUTO-009028,25530.07,8632.24,0,AJK,auto
AUTO-009029,15682.14,10675.29,0,Punjab,auto
AUTO-009030,21894.44,46789.6,0,KPK,auto
AUTO-009031,19540.06,62883.45,0,KPK,auto
AUTO-009032,28129.92,4859.19,0,Sindh,auto
AUTO-009033,12211.23,1268.27,0,KPK,auto
AUTO-009034,21705.57,13048.08,0,KPK,auto
AUTO-009035,26840.14,9405.05,0,Punjab,auto
AUTO-009036,22393.18,18936.25,0,Sindh,auto
AUTO-009037,43194.59,10177.24,0,AJK,auto
AUTO-009038,32435.58,8492.03,0,KPK,auto
AUTO-009039,21944.23,19992.76,0,KPK,auto
AUTO-009040,24546.99,22359.9,0,AJK,auto
AUTO-009041,25535.7,2672.45,0,Balochistan,auto
AUTO-009042,26947.61,4216.31,0,AJK,auto
AUTO-009043,8841.14,7446.7,0,AJK,auto
AUTO-009044,18943.89,8767.0,0,Sindh,auto
AUTO-009045,10485.83,6762.94,0,GB,auto
AUTO-009046,41736.88,11468.57,0,AJK,auto
AUTO-009047,21366.41,17977.64,0,Sindh,auto
AUTO-009048,19996.84,32150.0,0,GB,auto
AUTO-009049,34489.1,12876.13,0,AJK,auto
AUTO-009050,27205.17,4097.5,0,KPK,auto
AUTO-009051,12527.52,7201.89,0,KPK,auto
AUTO-009052,21259.25,7629.05,0,GB,auto
AUTO-009053,18627.91,12230.79,0,Balochistan,auto
AUTO-009054,9207.13,11053.85,0,GB,auto
AUTO-009055,15597.44,41786.03,0,AJK,auto
AUTO-009056,20095.07,5601.5,0,Punjab,auto
AUTO-009057,20796.18,11023.67,0,AJK,auto
AUTO-009058,10497.41,53304.13,0,GB,auto
AUTO-009059,39176.52,5073.74,0,Punjab,auto
AUTO-009060,20930.2,9100.81,0,GB,auto
AUTO-009061,22443.95,3805.09,0,AJK,auto
AUTO-009062,26911.82,8653.07,0,Sindh,auto
AUTO-009063,14853.07,4340.85,0,KPK,auto
AUTO-009064,27672.05,18721.74,0,Punjab,auto
AUTO-009065,18333.09,9116.63,0,Punjab,auto
AUTO-009066,14068.69,3834.07,0,AJK,auto
AUTO-009067,29340.49,15874.26,0,KPK,auto
AUTO-009068,46436.31,9355.62,0,Balochistan,auto
AUTO-009069,31647.51,17365.75,0,Punjab,auto
AUTO-009070,34943.54,3235.28,0,KPK,auto
AUTO-009071,16978.19,10884.11,0,KPK,auto
AUTO-009072,9908.91,15043.08,0,Punjab,auto
AUTO-009073,46400.65,5775.03,0,Sindh,auto
AUTO-009074,61528.6,2959.57,0,GB,auto
AUTO-009075,47638.83,7837.8,0,Sindh,auto
AUTO-009076,18622.15,21644.19,0,AJK,auto
AUTO-009077,12365.71,19945.21,0,GB,auto
AUTO-009078,12928.1,5751.74,0,GB,auto
AUTO-009079,9491.33,2903.09,0,AJK,auto
AUTO-009080,20875.07,5739.09,0,KPK,auto
AUTO-009081,49160.17,5570.38,0,Punjab,auto
AUTO-009082,20520.27,11581.42,0,Sindh,auto
AUTO-009083,25620.84,7450.22,0,KPK,auto
AUTO-009084,43817.93,4435.47,0,Sindh,auto
AUTO-009085,17996.86,19602.46,0,Punjab,auto
AUTO-009086,60947.35,9066.49,0,Sindh,auto
AUTO-009087,59637.94,11479.67,0,Balochistan,auto
AUTO-009088,20628.82,2038.59,0,AJK,auto
AUTO-009089,16501.93,1165.13,0,GB,auto
AUTO-009090,31213.91,2565.64,0,Sindh,auto
AUTO-009091,18513.17,5516.87,0,Punjab,auto
AUTO-009092,12353.84,12849.82,0,Punjab,auto
AUTO-009093,41798.65,1244.14,0,Balochistan,auto
AUTO-009094,40466.25,28977.69,0,Punjab,auto
AUTO-009095,23807.5,9287.76,0,Balochistan,auto
AUTO-009096,11714.32,24058.32,0,KPK,auto
AUTO-009097,11911.23,3988.71,0,Sindh,auto
AUTO-009098,23239.64,12125.77,0,Punjab,auto
AUTO-009099,17155.33,8674.62,0,AJK,auto
AUTO-009100,18572.8,15586.32,0,Sindh,auto
AUTO-009101,36716.5,6720.83,0,Balochistan,auto
AUTO-009102,31779.91,11832.11,0,Sindh,auto
AUTO-009103,43873.74,19570.06,0,Sindh,auto
AUTO-009104,13422.51,4812.92,0,Punjab,auto
AUTO-009105,18553.32,9835.91,0,AJK,auto
AUTO-009106,32192.57,1789.53,0,KPK,auto
AUTO-009107,27557.75,14214.28,0,AJK,auto
AUTO-009108,47391.12,38705.23,0,GB,auto
AUTO-009109,27180.86,2994.26,0,Balochistan,auto
AUTO-009110,55495.35,7531.84,0,GB,auto
AUTO-009111,28854.14,16389.32,0,AJK,auto
AUTO-009112,37462.05,8309.33,0,AJK,auto
AUTO-009113,18736.76,9247.23,0,Balochistan,auto
AUTO-009114,22184.38,5926.57,0,AJK,auto
AUTO-009115,34733.93,5753.01,0,KPK,auto
AUTO-009116,49339.94,7560.14,0,Sindh,auto
AUTO-009117,31717.33,8377.77,0,KPK,auto
AUTO-009118,21129.26,3149.02,0,GB,auto
AUTO-009119,43856.03,7686.2,0,Sindh,auto
AUTO-009120,7361.44,28419.4,1,Sindh,auto
AUTO-009121,10817.09,5794.67,1,AJK,auto
AUTO-009122,30971.33,3011.51,0,Sindh,auto
AUTO-009123,22182.39,7178.65,0,Balochistan,auto
AUTO-009124,29814.7,4574.76,0,KPK,auto
AUTO-009125,22747.35,2777.56,0,Sindh,auto
AUTO-009126,29303.81,9057.38,0,AJK,auto
AUTO-009127,14658.84,4590.64,0,AJK,auto
AUTO-009128,29297.08,4915.89,0,AJK,auto
AUTO-009129,36214.22,9161.29,0,Punjab,auto
AUTO-009130,40549.36,2376.68,0,KPK,auto
AUTO-009131,60281.3,2011.72,0,AJK,auto
AUTO-009132,24885.71,13859.11,0,Balochistan,auto
AUTO-009133,25259.45,1729.06,0,AJK,auto
AUTO-009134,10284.71,3709.52,0,Punjab,auto
AUTO-009135,16886.91,1920.09,0,KPK,auto
AUTO-009136,19999.43,5492.24,0,Sindh,auto
AUTO-009137,37240.78,11412.3,0,KPK,auto
AUTO-009138,16228.1,8865.04,0,Sindh,auto
AUTO-009139,32799.55,54912.63,0,Sindh,auto
AUTO-009140,22008.61,19332.3,0,AJK,auto
AUTO-009141,20159.2,3847.1,1,GB,auto
AUTO-009142,24945.46,3109.93,0,Balochistan,auto
AUTO-009143,18113.66,70639.9,0,Balochistan,auto
AUTO-009144,17773.81,18959.45,0,GB,auto
AUTO-009145,9391.94,12984.29,0,AJK,auto
AUTO-009146,19458.18,8603.13,0,Punjab,auto
AUTO-009147,17326.91,10085.13,0,Sindh,auto
AUTO-009148,17017.7,2475.86,0,GB,auto
AUTO-009149,27131.12,9187.8,0,Balochistan,auto
AUTO-009150,30617.16,8578.25,0,KPK,auto
AUTO-009151,24738.04,3931.16,0,Punjab,auto
AUTO-009152,36232.35,5266.8,0,AJK,auto
AUTO-009153,29371.53,27231.81,0,Punjab,auto
AUTO-009154,19005.28,7330.95,0,Balochistan,auto
AUTO-009155,17475.79,42486.3,0,GB,auto
AUTO-009156,25755.7,2013.15,0,AJK,auto
AUTO-009157,29345.18,5336.34,0,Balochistan,auto
AUTO-009158,44308.07,2350.02,0,Sindh,auto
AUTO-009159,39958.09,3079.31,0,Punjab,auto
AUTO-009160,16802.17,4177.36,0,GB,auto
AUTO-009161,20931.21,10427.98,0,Sindh,auto
AUTO-009162,30807.36,10031.25,0,KPK,auto
AUTO-009163,37571.42,4705.88,0,Sindh,auto
AUTO-009164,35224.06,1363.43,0,Punjab,auto
AUTO-009165,21334.08,26427.34,0,KPK,auto
AUTO-009166,11766.23,6447.12,0,Balochistan,auto
AUTO-009167,13366.83,3317.5,0,GB,auto
AUTO-009168,25243.32,10096.51,1,KPK,auto
AUTO-009169,26137.15,9542.93,0,Punjab,auto
AUTO-009170,12716.56,6259.52,0,AJK,auto
AUTO-009171,22522.83,9125.47,1,KPK,auto
AUTO-009172,30200.45,3216.27,0,Balochistan,auto
AUTO-009173,12386.8,14882.34,0,KPK,auto
AUTO-009174,38272.95,3650.09,0,GB,auto
AUTO-009175,18237.49,4991.76,0,Sindh,auto
AUTO-009176,41307.8,13616.55,0,AJK,auto
AUTO-009177,16869.69,21229.93,1,Punjab,auto
AUTO-009178,13183.05,28814.09,1,AJK,auto
AUTO-009179,17517.08,18856.98,0,Sindh,auto
AUTO-009180,21003.11,6252.53,0,AJK,auto
AUTO-009181,18137.92,2361.79,0,Sindh,auto
AUTO-009182,19771.55,24935.42,0,GB,auto
AUTO-009183,26029.42,24259.34,0,KPK,auto
AUTO-009184,20219.65,4733.49,0,Punjab,auto
AUTO-009185,21310.26,16931.84,0,Sindh,auto
AUTO-009186,9371.11,6212.12,0,Sindh,auto
AUTO-009187,26791.74,26930.68,0,KPK,auto
AUTO-009188,21065.64,5367.45,0,Sindh,auto
AUTO-009189,49273.74,39455.2,0,Punjab,auto
AUTO-009190,13769.58,15197.66,0,Balochistan,auto
AUTO-009191,8918.23,34133.54,0,AJK,auto
AUTO-009192,30002.45,5591.27,0,GB,auto
AUTO-009193,26193.42,11203.97,0,GB,auto
AUTO-009194,13303.51,3731.54,1,Sindh,auto
AUTO-009195,10250.95,15917.77,0,AJK,auto
AUTO-009196,47510.14,16634.48,0,GB,auto
AUTO-009197,44669.9,55139.36,0,AJK,auto
AUTO-009198,6350.39,11915.93,0,GB,auto
AUTO-009199,17516.32,14461.94,0,Balochistan,auto
AUTO-009200,50619.7,5559.9,0,Sindh,auto
AUTO-009201,17360.78,12495.25,0,Punjab,auto
AUTO-009202,17234.94,5979.47,0,Sindh,auto
AUTO-009203,19122.49,8890.06,0,AJK,auto
AUTO-009204,12576.08,9317.15,0,KPK,auto
AUTO-009205,9391.99,6112.9,0,Balochistan,auto
AUTO-009206,37282.29,8521.57,0,Punjab,auto
AUTO-009207,8765.09,6001.49,0,Punjab,auto
AUTO-009208,24925.23,5980.23,0,AJK,auto
AUTO-009209,34313.35,19174.41,0,Punjab,auto
AUTO-009210,10661.42,9323.85,0,AJK,auto
AUTO-009211,13875.3,10696.3,0,Punjab,auto
AUTO-009212,40400.18,2525.4,0,Punjab,auto
AUTO-009213,28751.52,11370.38,0,GB,auto
AUTO-009214,16177.18,12386.21,0,GB,auto
AUTO-009215,40179.99,5891.87,0,AJK,auto
AUTO-009216,40266.21,42959.96,0,Balochistan,auto
AUTO-009217,25198.16,1298.05,0,Punjab,auto
AUTO-009218,14043.57,15176.35,0,Sindh,auto
AUTO-009219,17912.89,14331.91,0,KPK,auto
AUTO-009220,25417.5,12497.28,0,GB,auto
AUTO-009221,20044.35,9329.81,1,AJK,auto
AUTO-009222,35223.85,12588.56,0,Punjab,auto
AUTO-009223,10250.82,16228.76,1,GB,auto
AUTO-009224,10434.45,4533.68,0,Balochistan,auto
AUTO-009225,24111.29,10294.41,0,GB,auto
AUTO-009226,17226.91,6997.77,0,Sindh,auto
AUTO-009227,16098.41,3377.82,0,AJK,auto
AUTO-009228,9099.47,14382.05,0,Sindh,auto
AUTO-009229,22242.78,5159.07,0,GB,auto
AUTO-009230,21453.06,2444.79,0,KPK,auto
AUTO-009231,30538.38,5264.34,0,Balochistan,auto
AUTO-009232,22798.57,4276.46,0,AJK,auto
AUTO-009233,20613.43,18449.33,0,AJK,auto
AUTO-009234,39675.94,9159.57,0,Punjab,auto
AUTO-009235,11427.37,24487.21,0,Sindh,auto
AUTO-009236,28801.84,4754.06,0,AJK,auto
AUTO-009237,9551.24,16306.77,0,Sindh,auto
AUTO-009238,14484.28,78566.32,0,KPK,auto
AUTO-009239,12012.12,10773.3,0,Punjab,auto
AUTO-009240,32564.28,16144.25,0,KPK,auto
AUTO-009241,21317.74,14112.47,0,Punjab,auto
AUTO-009242,21878.25,2597.59,0,Punjab,auto
AUTO-009243,12665.46,12947.45,0,Sindh,auto
AUTO-009244,18961.26,10354.38,0,GB,auto
AUTO-009245,15036.97,6582.71,1,Punjab,auto
AUTO-009246,26681.55,3994.89,0,KPK,auto
AUTO-009247,13419.37,14117.73,0,GB,auto
AUTO-009248,42825.85,3722.23,0,KPK,auto
AUTO-009249,9530.09,44663.71,0,GB,auto
AUTO-009250,14716.73,8878.03,0,KPK,auto
AUTO-009251,50950.01,3045.3,0,Sindh,auto
AUTO-009252,17719.67,5371.18,0,Sindh,auto
AUTO-009253,11413.6,6486.59,0,Balochistan,auto
AUTO-009254,24576.25,55820.77,0,AJK,auto
AUTO-009255,17366.6,3993.12,0,Balochistan,auto
AUTO-009256,14502.33,7383.67,0,Balochistan,auto
AUTO-009257,12734.43,5269.75,0,Punjab,auto
AUTO-009258,87920.37,12081.21,1,Punjab,auto
AUTO-009259,19423.21,5337.4,0,Balochistan,auto
AUTO-009260,8410.33,3257.63,0,AJK,auto
AUTO-009261,46483.6,6931.03,0,Balochistan,auto
AUTO-009262,29897.66,6377.2,0,Sindh,auto
AUTO-009263,15014.43,5045.26,0,KPK,auto
AUTO-009264,13814.04,5265.61,0,Balochistan,auto
AUTO-009265,30845.2,20905.27,0,Punjab,auto
AUTO-009266,19468.26,6274.24,1,AJK,auto
AUTO-009267,8408.61,3270.5,0,Punjab,auto
AUTO-009268,53831.82,5598.8,0,Sindh,auto
AUTO-009269,17729.85,8463.08,0,GB,auto
AUTO-009270,46526.9,2782.16,0,Punjab,auto
AUTO-009271,41740.1,29755.89,0,GB,auto
AUTO-009272,13352.98,16221.03,0,Punjab,auto
AUTO-009273,36923.18,25441.53,0,AJK,auto
AUTO-009274,15903.25,11088.93,0,GB,auto
AUTO-009275,8661.56,1517.84,0,AJK,auto
AUTO-009276,17813.3,27674.51,0,Punjab,auto
AUTO-009277,26871.43,4060.84,0,Punjab,auto
AUTO-009278,17476.84,4334.02,0,Balochistan,auto
AUTO-009279,18891.66,9182.55,0,Sindh,auto
AUTO-009280,39018.18,24405.99,0,GB,auto
AUTO-009281,23231.1,18819.14,0,Balochistan,auto
AUTO-009282,14448.57,16731.11,0,AJK,auto
AUTO-009283,31288.79,6314.09,0,Balochistan,auto
AUTO-009284,24314.73,6234.88,0,Balochistan,auto
AUTO-009285,6242.88,10686.7,0,GB,auto
AUTO-009286,27287.29,7302.29,0,Punjab,auto
AUTO-009287,26793.49,16505.59,0,Punjab,auto
AUTO-009288,22249.18,15742.1,0,GB,auto
AUTO-009289,34401.32,13004.79,0,Sindh,auto
AUTO-009290,15737.52,1074.09,0,KPK,auto
AUTO-009291,26062.42,8976.73,0,KPK,auto
AUTO-009292,10061.99,7427.29,0,GB,auto
AUTO-009293,26998.73,9268.9,0,GB,auto
AUTO-009294,58485.25,4431.71,0,Balochistan,auto
AUTO-009295,13394.13,2807.84,0,Sindh,auto
AUTO-009296,15064.54,11737.11,0,Sindh,auto
AUTO-009297,15444.25,6093.38,0,AJK,auto
AUTO-009298,23505.72,12832.73,0,Punjab,auto
AUTO-009299,12945.22,4737.52,0,GB,auto
AUTO-009300,27190.52,25152.9,0,GB,auto
AUTO-009301,33638.28,18049.11,0,GB,auto
AUTO-009302,28772.45,10274.92,0,GB,auto
AUTO-009303,9097.84,6831.98,0,AJK,auto
AUTO-009304,36227.86,16025.35,0,KPK,auto
AUTO-009305,35195.86,11092.65,0,Sindh,auto
AUTO-009306,33358.93,9807.15,0,KPK,auto
AUTO-009307,26540.34,18662.89,0,Punjab,auto
AUTO-009308,24589.99,25367.62,0,Punjab,auto
AUTO-009309,36908.41,2975.21,0,GB,auto
AUTO-009310,57627.59,3497.11,0,Punjab,auto
AUTO-009311,13677.12,4340.7,0,KPK,auto
AUTO-009312,37762.16,2435.87,0,Sindh,auto
AUTO-009313,21097.11,7706.36,0,AJK,auto
AUTO-009314,20643.66,13096.41,0,Sindh,auto
AUTO-009315,10216.25,7965.42,0,Sindh,auto
AUTO-009316,19103.09,5285.4,0,Balochistan,auto
AUTO-009317,13378.01,19953.63,0,Sindh,auto
AUTO-009318,17467.07,9067.44,0,AJK,auto
AUTO-009319,12719.69,10661.41,0,Balochistan,auto
AUTO-009320,17598.09,20401.99,0,Sindh,auto
AUTO-009321,17978.73,7342.29,0,Balochistan,auto
AUTO-009322,23118.25,42115.51,0,Sindh,auto
AUTO-009323,9824.41,5663.22,0,Punjab,auto
AUTO-009324,10691.89,40069.01,0,Punjab,auto
AUTO-009325,26395.72,3715.29,1,Sindh,auto
AUTO-009326,14783.71,12258.66,0,Balochistan,auto
AUTO-009327,37694.33,4846.32,0,AJK,auto
AUTO-009328,24652.53,19843.92,0,Punjab,auto
AUTO-009329,29833.32,5527.07,0,Balochistan,auto
AUTO-009330,44593.62,10226.08,0,AJK,auto
AUTO-009331,18866.53,4815.36,0,Balochistan,auto
AUTO-009332,16527.1,17150.46,0,Sindh,auto
AUTO-009333,34059.06,4795.34,0,Punjab,auto
AUTO-009334,28417.4,31155.06,0,Punjab,auto
AUTO-009335,20057.03,3652.63,0,Punjab,auto
AUTO-009336,44166.81,2761.41,0,Sindh,auto
AUTO-009337,19808.73,17348.16,0,AJK,auto
AUTO-009338,22390.38,5047.69,0,AJK,auto
AUTO-009339,22261.44,8056.3,0,GB,auto
AUTO-009340,13803.85,6261.7,0,GB,auto
AUTO-009341,22897.72,2835.33,0,Punjab,auto
AUTO-009342,44284.06,7619.04,0,GB,auto
AUTO-009343,27514.93,22290.88,0,AJK,auto
AUTO-009344,22371.25,18079.06,0,GB,auto
AUTO-009345,20315.03,9754.01,0,GB,auto
AUTO-009346,25989.13,19728.4,0,Punjab,auto
AUTO-009347,32044.58,3471.65,0,AJK,auto
AUTO-009348,29870.28,6245.63,0,Punjab,auto
AUTO-009349,18658.7,11121.59,0,AJK,auto
AUTO-009350,25910.17,7300.28,0,Balochistan,auto
AUTO-009351,28000.28,6651.13,0,Punjab,auto
AUTO-009352,13311.75,3101.02,0,GB,auto
AUTO-009353,23959.38,1532.92,0,GB,auto
AUTO-009354,7475.21,15588.57,0,Punjab,auto
AUTO-009355,28036.62,9843.6,0,GB,auto
AUTO-009356,30643.37,16673.88,0,KPK,auto
AUTO-009357,32009.02,5711.35,0,Punjab,auto
AUTO-009358,18078.46,4581.48,0,AJK,auto
AUTO-009359,25707.12,8145.64,0,Balochistan,auto
AUTO-009360,44890.3,16048.32,0,Balochistan,auto
AUTO-009361,44662.29,6733.42,0,AJK,auto
AUTO-009362,21707.51,15389.31,0,Sindh,auto
AUTO-009363,23615.53,3622.62,0,GB,auto
AUTO-009364,38386.29,7121.28,0,Punjab,auto
AUTO-009365,10400.39,7661.08,0,Balochistan,auto
AUTO-009366,18740.87,21614.33,0,AJK,auto
AUTO-009367,42949.71,9567.26,0,Balochistan,auto
AUTO-009368,35867.98,32756.67,0,Balochistan,auto
AUTO-009369,26492.9,2756.87,0,AJK,auto
AUTO-009370,10374.27,8990.6,0,KPK,auto
AUTO-009371,21483.59,9353.62,0,Balochistan,auto
AUTO-009372,16400.09,13307.39,0,Balochistan,auto
AUTO-009373,25991.36,4227.27,0,Sindh,auto
AUTO-009374,14695.94,31180.78,0,KPK,auto
AUTO-009375,13189.0,8187.56,0,Sindh,auto
AUTO-009376,7844.5,3395.97,0,AJK,auto
AUTO-009377,40574.8,7999.87,0,GB,auto
AUTO-009378,18035.81,6307.35,0,Punjab,auto
AUTO-009379,23826.96,75100.92,0,AJK,auto
AUTO-009380,22001.83,18768.87,0,KPK,auto
AUTO-009381,12916.79,8431.49,0,GB,auto
AUTO-009382,11736.6,7409.12,0,AJK,auto
AUTO-009383,13324.27,17341.29,0,KPK,auto
AUTO-009384,15343.02,18017.34,0,GB,auto
AUTO-009385,26457.72,789.0,0,Sindh,auto
AUTO-009386,14796.43,13553.42,0,Balochistan,auto
AUTO-009387,52746.11,8286.42,0,AJK,auto
AUTO-009388,36811.87,2838.65,0,AJK,auto
AUTO-009389,32997.26,16385.82,0,GB,auto
AUTO-009390,20747.28,48871.54,0,Balochistan,auto
AUTO-009391,46964.18,12650.31,0,AJK,auto
AUTO-009392,19751.75,19542.42,0,AJK,auto
AUTO-009393,21684.85,34313.54,0,GB,auto
AUTO-009394,23980.28,4170.5,0,Punjab,auto
AUTO-009395,31285.55,1833.43,0,GB,auto
AUTO-009396,30286.4,13704.68,0,GB,auto
AUTO-009397,17368.91,6646.93,0,GB,auto
AUTO-009398,16873.56,2699.07,0,Punjab,auto
AUTO-009399,30331.79,7611.87,0,Balochistan,auto
AUTO-009400,31496.08,14501.94,0,Sindh,auto
AUTO-009401,18093.8,7192.71,1,AJK,auto
AUTO-009402,9960.73,4317.96,0,GB,auto
AUTO-009403,19857.6,6776.35,0,AJK,auto
AUTO-009404,30084.43,7977.81,0,Sindh,auto
AUTO-009405,54323.3,1730.93,0,AJK,auto
AUTO-009406,12100.73,7228.45,0,Sindh,auto
AUTO-009407,17795.74,2764.26,0,Balochistan,auto
AUTO-009408,18129.55,13728.38,0,Balochistan,auto
AUTO-009409,43386.46,2324.28,0,Sindh,auto
AUTO-009410,21644.99,18217.79,0,Sindh,auto
AUTO-009411,13993.34,5841.06,0,KPK,auto
AUTO-009412,29124.87,5248.09,0,Punjab,auto
AUTO-009413,17991.97,10255.44,0,Punjab,auto
AUTO-009414,11941.87,4052.84,0,GB,auto
AUTO-009415,14095.53,10127.37,0,AJK,auto
AUTO-009416,52418.82,4511.18,0,AJK,auto
AUTO-009417,26691.61,5190.64,0,Sindh,auto
AUTO-009418,23245.81,11206.88,0,GB,auto
AUTO-009419,19439.32,3258.87,0,Sindh,auto
AUTO-009420,25490.84,2946.96,0,Punjab,auto
AUTO-009421,25339.46,9883.09,0,GB,auto
AUTO-009422,25491.09,7930.57,0,GB,auto
AUTO-009423,23328.3,9273.85,0,AJK,auto
AUTO-009424,34009.64,10531.35,0,Punjab,auto
AUTO-009425,22282.39,8483.69,0,Balochistan,auto
AUTO-009426,13507.91,13180.24,0,Punjab,auto
AUTO-009427,16216.57,8759.98,0,Punjab,auto
AUTO-009428,8188.54,1626.45,0,Sindh,auto
AUTO-009429,60682.37,2001.58,0,AJK,auto
AUTO-009430,33907.02,37886.85,1,Balochistan,auto
AUTO-009431,14544.45,8103.55,1,Punjab,auto
AUTO-009432,19131.23,17329.98,0,Punjab,auto
AUTO-009433,16019.5,6145.26,0,Sindh,auto
AUTO-009434,47632.64,7735.6,0,GB,auto
AUTO-009435,10829.85,5638.13,0,KPK,auto
AUTO-009436,23324.0,58264.13,0,AJK,auto
AUTO-009437,20863.07,9922.83,0,AJK,auto
AUTO-009438,33303.55,5282.28,0,AJK,auto
AUTO-009439,20910.26,2161.96,1,Punjab,auto
AUTO-009440,9144.39,39300.27,0,Punjab,auto
AUTO-009441,19427.43,7110.85,0,Punjab,auto
AUTO-009442,13546.98,14696.77,0,GB,auto
AUTO-009443,22920.56,16071.42,0,KPK,auto
AUTO-009444,45120.34,5595.6,0,Punjab,auto
AUTO-009445,9230.67,13876.64,0,AJK,auto
AUTO-009446,14763.14,4997.48,0,GB,auto
AUTO-009447,16708.18,3668.94,0,AJK,auto
AUTO-009448,18200.14,20569.65,0,Sindh,auto
AUTO-009449,31890.48,7139.86,0,KPK,auto
AUTO-009450,20195.76,12268.75,0,Balochistan,auto
AUTO-009451,27116.6,11256.9,1,Punjab,auto
AUTO-009452,16108.68,13498.66,0,Balochistan,auto
AUTO-009453,24709.97,2332.67,0,Punjab,auto
AUTO-009454,32496.86,5073.41,0,KPK,auto
AUTO-009455,15273.13,6250.52,0,KPK,auto
AUTO-009456,32554.77,4166.44,0,AJK,auto
AUTO-009457,22610.88,11420.96,0,KPK,auto
AUTO-009458,37150.41,20942.05,0,GB,auto
AUTO-009459,19916.23,23769.24,0,GB,auto
AUTO-009460,26652.08,6177.3,0,Balochistan,auto
AUTO-009461,21583.77,10235.04,0,Balochistan,auto
AUTO-009462,20991.94,11573.98,0,KPK,auto
AUTO-009463,25070.95,13319.77,0,Balochistan,auto
AUTO-009464,28807.87,4013.79,0,GB,auto
AUTO-009465,11792.48,34768.4,0,Punjab,auto
AUTO-009466,45108.09,17004.21,0,Sindh,auto
AUTO-009467,8692.09,17363.39,0,GB,auto
AUTO-009468,15640.11,21221.46,0,AJK,auto
AUTO-009469,21012.35,12423.05,0,Sindh,auto
AUTO-009470,27069.91,3562.26,0,Balochistan,auto
AUTO-009471,48440.25,7250.47,0,AJK,auto
AUTO-009472,8698.05,2162.8,0,Sindh,auto
AUTO-009473,17088.36,11294.35,0,Sindh,auto
AUTO-009474,7605.17,7077.17,0,Balochistan,auto
AUTO-009475,22377.49,7844.61,0,AJK,auto
AUTO-009476,25231.33,21230.64,0,GB,auto
AUTO-009477,48795.72,5621.79,0,GB,auto
AUTO-009478,23395.93,6622.99,0,AJK,auto
AUTO-009479,37123.76,8246.78,0,Sindh,auto
AUTO-009480,29493.3,1859.39,0,AJK,auto
AUTO-009481,17718.7,6549.53,0,GB,auto
AUTO-009482,10889.12,1109.17,0,AJK,auto
AUTO-009483,25273.23,5072.47,0,Punjab,auto
AUTO-009484,10445.73,16061.03,0,Balochistan,auto
AUTO-009485,42091.6,11589.02,0,GB,auto
AUTO-009486,20312.04,5034.87,0,Balochistan,auto
AUTO-009487,40038.18,8371.92,0,Punjab,auto
AUTO-009488,17324.77,3428.95,0,Sindh,auto
AUTO-009489,25195.62,8087.91,0,KPK,auto
AUTO-009490,24457.07,84478.83,0,GB,auto
AUTO-009491,21535.93,35477.04,0,Sindh,auto
AUTO-009492,17741.65,8451.49,0,Punjab,auto
AUTO-009493,26801.9,9210.65,0,AJK,auto
AUTO-009494,13862.16,3700.96,0,Punjab,auto
AUTO-009495,12031.49,4266.58,0,Balochistan,auto
AUTO-009496,41003.53,10826.45,0,AJK,auto
AUTO-009497,31684.54,5324.56,0,Sindh,auto
AUTO-009498,22764.23,16702.6,0,AJK,auto
AUTO-009499,50643.75,28445.59,0,Balochistan,auto
AUTO-009500,19266.39,10573.4,0,Punjab,auto
AUTO-009501,42674.28,8790.17,0,Sindh,auto
AUTO-009502,24047.52,2111.97,0,KPK,auto
AUTO-009503,13195.41,14736.58,0,KPK,auto
AUTO-009504,55493.44,3245.62,0,Punjab,auto
AUTO-009505,36147.22,5799.88,0,Sindh,auto
AUTO-009506,20733.16,17459.88,0,Sindh,auto
AUTO-009507,31684.59,18468.22,1,AJK,auto
AUTO-009508,18000.38,5579.16,0,GB,auto
AUTO-009509,33342.05,5842.23,0,Punjab,auto
AUTO-009510,6663.9,4631.08,0,AJK,auto
AUTO-009511,13228.11,3107.94,0,Punjab,auto
AUTO-009512,35940.85,4876.41,0,Balochistan,auto
AUTO-009513,19441.64,2229.42,0,Punjab,auto
AUTO-009514,24434.98,13994.93,0,AJK,auto
AUTO-009515,11232.96,11110.2,0,Sindh,auto
AUTO-009516,55488.63,12688.15,0,Punjab,auto
AUTO-009517,39945.24,3776.21,0,Sindh,auto
AUTO-009518,19923.54,3114.87,0,Balochistan,auto
AUTO-009519,17991.45,8457.52,0,KPK,auto
AUTO-009520,36857.05,8529.47,0,KPK,auto
AUTO-009521,59351.65,7202.5,0,AJK,auto
AUTO-009522,35485.52,6427.97,0,Punjab,auto
AUTO-009523,65244.78,31844.52,0,Balochistan,auto
AUTO-009524,13888.61,11393.75,0,Balochistan,auto
AUTO-009525,14622.35,39204.34,0,Sindh,auto
AUTO-009526,12155.41,22363.2,1,GB,auto
AUTO-009527,27470.84,31653.9,0,AJK,auto
AUTO-009528,24047.87,3430.39,0,Balochistan,auto
AUTO-009529,20414.98,13023.84,0,Punjab,auto
AUTO-009530,33012.1,5736.4,1,Balochistan,auto
AUTO-009531,40788.86,2141.56,0,KPK,auto
AUTO-009532,10271.92,26817.3,0,AJK,auto
AUTO-009533,16342.33,6406.36,0,Sindh,auto
AUTO-009534,33192.25,3483.94,0,Punjab,auto
AUTO-009535,17433.18,5815.89,0,KPK,auto
AUTO-009536,14778.03,4285.62,0,Balochistan,auto
AUTO-009537,36653.67,4651.95,0,AJK,auto
AUTO-009538,11559.35,6786.68,0,AJK,auto
AUTO-009539,18943.39,32359.15,0,Punjab,auto
AUTO-009540,25960.26,4754.97,0,Sindh,auto
AUTO-009541,16532.61,30559.06,0,KPK,auto
AUTO-009542,32584.04,15979.62,0,GB,auto
AUTO-009543,16573.52,11125.75,0,Sindh,auto
AUTO-009544,44547.43,14742.59,0,Punjab,auto
AUTO-009545,20684.23,8192.09,1,Punjab,auto
AUTO-009546,30811.25,22670.96,0,KPK,auto
AUTO-009547,31984.67,12753.8,0,AJK,auto
AUTO-009548,16094.45,2139.37,0,AJK,auto
AUTO-009549,7889.25,10270.2,0,KPK,auto
AUTO-009550,26380.43,15171.57,0,Sindh,auto
AUTO-009551,22837.16,6430.45,0,KPK,auto
AUTO-009552,29083.11,8964.29,0,GB,auto
AUTO-009553,19667.76,4962.74,0,AJK,auto
AUTO-009554,17761.46,2691.62,0,Sindh,auto
AUTO-009555,60128.34,2344.2,0,Balochistan,auto
AUTO-009556,10549.39,2369.29,0,Sindh,auto
AUTO-009557,31792.17,13838.86,0,AJK,auto
AUTO-009558,16526.15,1105.19,0,Punjab,auto
AUTO-009559,18622.22,4754.35,0,Sindh,auto
AUTO-009560,18796.93,4391.73,0,Sindh,auto
AUTO-009561,14739.45,6465.74,0,Punjab,auto
AUTO-009562,29307.89,1835.1,1,AJK,auto
AUTO-009563,44148.83,11193.75,0,Balochistan,auto
AUTO-009564,27861.66,2926.23,0,Balochistan,auto
AUTO-009565,23194.98,20048.8,0,KPK,auto
AUTO-009566,13450.61,4927.5,0,Balochistan,auto
AUTO-009567,28521.48,7506.39,0,Balochistan,auto
AUTO-009568,64742.61,8127.58,0,Sindh,auto
AUTO-009569,18208.66,9851.64,0,KPK,auto
AUTO-009570,18251.6,8346.62,0,Balochistan,auto
AUTO-009571,16638.18,5757.8,0,Sindh,auto
AUTO-009572,17245.26,10661.97,0,KPK,auto
AUTO-009573,5582.27,11765.39,0,Sindh,auto
AUTO-009574,26971.01,4393.55,0,Punjab,auto
AUTO-009575,14432.3,11396.87,0,AJK,auto
AUTO-009576,9846.47,21023.08,0,AJK,auto
AUTO-009577,32099.48,14252.9,0,AJK,auto
AUTO-009578,12822.94,17084.04,0,Balochistan,auto
AUTO-009579,18595.32,9297.83,0,AJK,auto
AUTO-009580,45854.16,3831.76,0,AJK,auto
AUTO-009581,10887.73,4239.86,0,KPK,auto
AUTO-009582,10236.36,10466.24,0,KPK,auto
AUTO-009583,25201.36,17226.62,0,GB,auto
AUTO-009584,39133.87,75261.92,0,KPK,auto
AUTO-009585,10024.92,17773.39,0,Balochistan,auto
AUTO-009586,27006.82,3176.87,0,GB,auto
AUTO-009587,29451.49,4386.04,0,GB,auto
AUTO-009588,7866.9,50152.01,0,AJK,auto
AUTO-009589,32835.01,6825.96,1,Balochistan,auto
AUTO-009590,34142.66,8417.02,1,Balochistan,auto
AUTO-009591,18846.97,3758.09,1,Balochistan,auto
AUTO-009592,41199.16,28341.51,0,Balochistan,auto
AUTO-009593,38879.71,12091.6,0,Balochistan,auto
AUTO-009594,23191.91,4360.4,0,Balochistan,auto
AUTO-009595,17575.78,3658.98,0,GB,auto
AUTO-009596,13542.47,10360.58,1,AJK,auto
AUTO-009597,21616.63,8394.78,0,KPK,auto
AUTO-009598,29286.43,15767.22,0,GB,auto
AUTO-009599,18730.56,12551.24,0,Sindh,auto
AUTO-009600,7341.14,6557.83,0,Sindh,auto
AUTO-009601,41537.71,5244.62,0,Sindh,auto
AUTO-009602,24224.3,7129.86,0,Punjab,auto
AUTO-009603,18218.41,5215.84,0,KPK,auto
AUTO-009604,33812.28,7301.56,0,AJK,auto
AUTO-009605,47208.03,8210.37,1,Balochistan,auto
AUTO-009606,5426.47,3950.73,0,Sindh,auto
AUTO-009607,27368.06,13420.57,0,KPK,auto
AUTO-009608,10793.24,6024.91,0,AJK,auto
AUTO-009609,28269.97,4131.9,0,Sindh,auto
AUTO-009610,23481.39,6116.31,0,KPK,auto
AUTO-009611,30268.51,9836.02,0,GB,auto
AUTO-009612,17160.68,8659.66,0,AJK,auto
AUTO-009613,8633.28,11358.19,0,GB,auto
AUTO-009614,17585.25,16625.23,0,KPK,auto
AUTO-009615,26995.46,23016.17,0,Balochistan,auto
AUTO-009616,36596.07,10182.12,0,KPK,auto
AUTO-009617,12259.84,3444.31,0,KPK,auto
AUTO-009618,36810.2,6533.59,0,Punjab,auto
AUTO-009619,15931.66,3628.39,0,Balochistan,auto
AUTO-009620,26402.79,31491.82,0,GB,auto
AUTO-009621,17069.58,39732.34,0,KPK,auto
AUTO-009622,24126.96,13633.0,0,Balochistan,auto
AUTO-009623,34404.37,16103.1,0,KPK,auto
AUTO-009624,11926.2,9904.6,1,Balochistan,auto
AUTO-009625,15678.52,10860.03,0,AJK,auto
AUTO-009626,24160.67,2257.55,0,Sindh,auto
AUTO-009627,73188.37,7637.72,0,Punjab,auto
AUTO-009628,14305.58,4004.11,0,Sindh,auto
AUTO-009629,61087.77,10148.54,0,KPK,auto
AUTO-009630,60006.71,7725.73,0,KPK,auto
AUTO-009631,20980.41,38463.21,0,AJK,auto
AUTO-009632,18975.88,16870.17,0,KPK,auto
AUTO-009633,15583.49,10174.19,0,GB,auto
AUTO-009634,21288.0,6544.94,0,Balochistan,auto
AUTO-009635,10901.33,30971.33,0,GB,auto
AUTO-009636,21202.63,7911.21,0,Sindh,auto
AUTO-009637,46557.35,10565.39,0,KPK,auto
AUTO-009638,16227.42,8381.65,0,AJK,auto
AUTO-009639,19528.65,5864.53,0,Punjab,auto
AUTO-009640,9409.07,8343.22,0,GB,auto
AUTO-009641,26556.53,1686.53,0,Sindh,auto
AUTO-009642,25140.64,2349.21,0,AJK,auto
AUTO-009643,22739.33,10718.26,0,AJK,auto
AUTO-009644,19763.39,28411.8,0,Sindh,auto
AUTO-009645,19027.13,10706.18,0,AJK,auto
AUTO-009646,28309.43,4553.74,0,Punjab,auto
AUTO-009647,21711.38,2554.77,0,Punjab,auto
AUTO-009648,25783.39,15178.3,0,KPK,auto
AUTO-009649,24526.06,5147.38,0,Balochistan,auto
AUTO-009650,38627.26,13556.05,0,KPK,auto
AUTO-009651,30899.55,11068.87,1,Balochistan,auto
AUTO-009652,24256.28,11880.34,0,Sindh,auto
AUTO-009653,47061.52,8323.86,0,AJK,auto
AUTO-009654,27177.22,11013.92,0,KPK,auto
AUTO-009655,42297.42,7364.57,1,AJK,auto
AUTO-009656,29836.01,4874.41,0,KPK,auto
AUTO-009657,8769.55,3748.84,0,KPK,auto
AUTO-009658,42294.71,1202.3,0,Punjab,auto
AUTO-009659,23566.66,7010.14,0,Balochistan,auto
AUTO-009660,21461.64,27323.5,0,Sindh,auto
AUTO-009661,25353.55,14531.36,0,AJK,auto
AUTO-009662,18536.71,9722.2,0,KPK,auto
AUTO-009663,24674.22,4504.34,0,AJK,auto
AUTO-009664,16384.02,17995.4,0,Punjab,auto
AUTO-009665,41653.31,7365.43,0,Sindh,auto
AUTO-009666,20810.35,28565.29,0,Balochistan,auto
AUTO-009667,18191.47,3696.46,0,Balochistan,auto
AUTO-009668,13870.74,4447.18,0,KPK,auto
AUTO-009669,25194.67,4114.14,0,Sindh,auto
AUTO-009670,24186.59,2475.77,0,Balochistan,auto
AUTO-009671,26747.93,3829.02,0,Sindh,auto
AUTO-009672,13178.92,8800.58,0,AJK,auto
AUTO-009673,9891.29,4583.6,0,Punjab,auto
AUTO-009674,30115.51,370.52,0,Sindh,auto
AUTO-009675,46273.32,19137.76,0,Sindh,auto
AUTO-009676,13184.84,2106.38,0,Balochistan,auto
AUTO-009677,48762.68,12982.83,0,GB,auto
AUTO-009678,25386.06,8307.98,0,KPK,auto
AUTO-009679,21948.82,44086.03,0,KPK,auto
AUTO-009680,18055.86,17989.9,0,GB,auto
AUTO-009681,11023.02,5411.69,0,GB,auto
AUTO-009682,36093.36,4620.92,0,GB,auto
AUTO-009683,14945.97,26961.96,0,AJK,auto
AUTO-009684,14914.61,2488.17,0,Balochistan,auto
AUTO-009685,36169.2,9439.93,0,Balochistan,auto
AUTO-009686,8591.33,7296.16,0,Punjab,auto
AUTO-009687,10282.52,6157.46,0,KPK,auto
AUTO-009688,21827.65,10751.61,0,Balochistan,auto
AUTO-009689,25505.32,9429.97,0,GB,auto
AUTO-009690,28067.49,11683.36,0,AJK,auto
AUTO-009691,18941.31,9055.98,0,Punjab,auto
AUTO-009692,78056.24,11317.95,0,KPK,auto
AUTO-009693,19654.35,8731.5,0,KPK,auto
AUTO-009694,19625.93,4781.26,0,KPK,auto
AUTO-009695,14787.04,8129.06,0,Punjab,auto
AUTO-009696,23434.24,4575.59,0,AJK,auto
AUTO-009697,29955.87,4340.3,0,AJK,auto
AUTO-009698,40206.7,6192.41,0,Balochistan,auto
AUTO-009699,10460.46,7364.76,0,Balochistan,auto
AUTO-009700,19477.25,8334.68,0,KPK,auto
AUTO-009701,27538.82,16866.81,0,GB,auto
AUTO-009702,29540.83,5438.34,0,Sindh,auto
AUTO-009703,22098.71,9485.14,0,Balochistan,auto
AUTO-009704,28888.88,8905.48,0,AJK,auto
AUTO-009705,14698.75,4979.56,0,KPK,auto
AUTO-009706,47999.83,8595.49,0,AJK,auto
AUTO-009707,36181.89,18073.05,0,KPK,auto
AUTO-009708,11243.39,9406.96,0,Punjab,auto
AUTO-009709,12867.35,9713.45,0,Balochistan,auto
AUTO-009710,13049.94,4608.87,0,GB,auto
AUTO-009711,30914.64,39147.31,0,Punjab,auto
AUTO-009712,11586.97,4823.79,1,Balochistan,auto
AUTO-009713,18666.54,2134.04,0,GB,auto
AUTO-009714,27649.2,16125.34,0,GB,auto
AUTO-009715,21309.69,7391.95,0,GB,auto
AUTO-009716,25070.42,6358.62,0,AJK,auto
AUTO-009717,12927.33,5237.28,0,AJK,auto
AUTO-009718,29656.22,36220.18,0,Sindh,auto
AUTO-009719,16210.17,10760.88,0,AJK,auto
AUTO-009720,18726.41,12579.21,0,KPK,auto
AUTO-009721,24806.62,9228.88,0,Sindh,auto
AUTO-009722,23191.45,10057.16,0,KPK,auto
AUTO-009723,22292.15,24807.46,0,Sindh,auto
AUTO-009724,15133.81,6629.71,0,KPK,auto
AUTO-009725,18962.63,2526.15,0,Sindh,auto
AUTO-009726,22050.53,16227.19,0,Balochistan,auto
AUTO-009727,11075.13,12056.53,0,GB,auto
AUTO-009728,17478.62,8834.18,0,Balochistan,auto
AUTO-009729,26737.97,11808.83,0,Sindh,auto
AUTO-009730,11629.28,6023.38,0,Punjab,auto
AUTO-009731,39272.93,8238.34,0,Sindh,auto
AUTO-009732,41556.39,7292.78,1,Punjab,auto
AUTO-009733,11818.54,5048.31,0,GB,auto
AUTO-009734,43425.83,20980.28,0,KPK,auto
AUTO-009735,20500.6,2618.07,0,Sindh,auto
AUTO-009736,27153.39,53567.92,0,Punjab,auto
AUTO-009737,17182.98,16348.47,0,GB,auto
AUTO-009738,34944.71,1953.97,0,Sindh,auto
AUTO-009739,26985.29,6772.78,0,Balochistan,auto
AUTO-009740,14660.67,7080.95,0,Balochistan,auto
AUTO-009741,12300.55,11086.79,0,Sindh,auto
AUTO-009742,10613.15,3672.02,0,Sindh,auto
AUTO-009743,24196.68,8313.37,0,AJK,auto
AUTO-009744,29326.17,7354.77,0,GB,auto
AUTO-009745,30500.03,4491.34,0,Balochistan,auto
AUTO-009746,20764.69,4018.24,0,KPK,auto
AUTO-009747,12351.12,16899.57,0,Sindh,auto
AUTO-009748,15661.53,2085.44,0,AJK,auto
AUTO-009749,39189.9,11876.34,0,GB,auto
AUTO-009750,17286.58,15336.77,0,Sindh,auto
AUTO-009751,23663.97,6803.23,0,Balochistan,auto
AUTO-009752,12863.83,8449.8,0,Punjab,auto
AUTO-009753,26063.51,20553.69,0,GB,auto
AUTO-009754,17521.04,4610.63,0,Punjab,auto
AUTO-009755,37173.68,5007.43,0,Balochistan,auto
AUTO-009756,32428.04,5451.32,0,KPK,auto
AUTO-009757,17191.1,20583.82,0,GB,auto
AUTO-009758,20674.74,22784.48,0,AJK,auto
AUTO-009759,16721.35,2652.58,0,Sindh,auto
AUTO-009760,10832.25,18124.01,0,Sindh,auto
AUTO-009761,14346.75,15601.57,0,Sindh,auto
AUTO-009762,24321.32,28081.77,1,AJK,auto
AUTO-009763,25916.36,11026.83,0,AJK,auto
AUTO-009764,23724.75,7821.19,0,Balochistan,auto
AUTO-009765,18941.93,20255.33,0,AJK,auto
AUTO-009766,35120.25,14173.41,0,Sindh,auto
AUTO-009767,22737.5,48821.14,0,GB,auto
AUTO-009768,31307.94,17447.76,0,Sindh,auto
AUTO-009769,9073.49,9162.17,0,AJK,auto
AUTO-009770,3098.89,3167.56,0,AJK,auto
AUTO-009771,25384.5,5091.19,0,Balochistan,auto
AUTO-009772,10803.41,2568.91,0,Punjab,auto
AUTO-009773,19806.67,6822.29,0,AJK,auto
AUTO-009774,18938.49,16998.05,0,Punjab,auto
AUTO-009775,48712.96,8079.32,0,KPK,auto
AUTO-009776,26903.14,18349.91,0,Punjab,auto
AUTO-009777,23930.99,10615.38,0,AJK,auto
AUTO-009778,33473.04,5869.51,0,Sindh,auto
AUTO-009779,26482.75,8691.49,0,Sindh,auto
AUTO-009780,17521.11,11821.53,0,AJK,auto
AUTO-009781,37636.81,9057.77,0,Balochistan,auto
AUTO-009782,12646.36,9141.2,0,GB,auto
AUTO-009783,25890.3,4379.81,0,AJK,auto
AUTO-009784,10160.01,5730.85,0,AJK,auto
AUTO-009785,24391.06,49353.73,0,GB,auto
AUTO-009786,24257.83,21650.27,0,Balochistan,auto
AUTO-009787,50931.02,2492.22,0,Balochistan,auto
AUTO-009788,10071.98,1219.78,0,KPK,auto
AUTO-009789,16310.37,8612.36,0,KPK,auto
AUTO-009790,33234.41,16560.54,0,KPK,auto
AUTO-009791,26047.02,5345.69,0,Balochistan,auto
AUTO-009792,24104.47,18348.94,0,Punjab,auto
AUTO-009793,13655.97,8499.17,0,AJK,auto
AUTO-009794,16392.69,7112.09,0,KPK,auto
AUTO-009795,41048.95,14837.19,0,Punjab,auto
AUTO-009796,21466.43,5294.9,0,AJK,auto
AUTO-009797,26573.77,6442.26,0,GB,auto
AUTO-009798,20793.71,13851.29,0,GB,auto
AUTO-009799,12191.05,7902.1,0,GB,auto
AUTO-009800,35133.32,37310.16,0,Punjab,auto
AUTO-009801,28328.29,14115.95,0,GB,auto
AUTO-009802,69760.16,13400.55,0,Sindh,auto
AUTO-009803,13256.05,7788.44,0,Sindh,auto
AUTO-009804,33232.6,16314.41,0,GB,auto
AUTO-009805,11432.64,6259.86,0,AJK,auto
AUTO-009806,23829.35,10156.84,0,Punjab,auto
AUTO-009807,35891.41,3893.12,0,Punjab,auto
AUTO-009808,7816.03,18611.84,0,GB,auto
AUTO-009809,19881.28,10223.9,0,Balochistan,auto
AUTO-009810,16620.55,39577.28,0,KPK,auto
AUTO-009811,15506.61,54931.31,0,AJK,auto
AUTO-009812,26705.01,14922.95,0,Punjab,auto
AUTO-009813,38574.35,8559.01,0,KPK,auto
AUTO-009814,20606.48,3801.49,0,GB,auto
AUTO-009815,24409.88,16710.62,0,AJK,auto
AUTO-009816,23322.05,9587.62,0,Punjab,auto
AUTO-009817,22046.34,12461.86,0,GB,auto
AUTO-009818,12776.06,32332.56,0,Sindh,auto
AUTO-009819,38338.98,4190.02,0,Punjab,auto
AUTO-009820,25529.7,3868.25,0,Sindh,auto
AUTO-009821,26834.42,6706.68,0,GB,auto
AUTO-009822,14716.8,15630.21,0,Sindh,auto
AUTO-009823,17507.59,12630.8,0,Balochistan,auto
AUTO-009824,20169.62,3957.82,0,GB,auto
AUTO-009825,10228.55,14842.39,0,GB,auto
AUTO-009826,9470.93,3099.6,0,Balochistan,auto
AUTO-009827,16311.51,4145.62,0,KPK,auto
AUTO-009828,28602.81,7388.16,0,AJK,auto
AUTO-009829,15889.78,5204.38,0,KPK,auto
AUTO-009830,13234.7,16512.74,0,Balochistan,auto
AUTO-009831,14656.76,10189.4,0,KPK,auto
AUTO-009832,17541.57,33271.25,0,AJK,auto
AUTO-009833,18454.63,6649.2,0,AJK,auto
AUTO-009834,65040.19,7348.4,0,Punjab,auto
AUTO-009835,37320.96,21339.31,0,KPK,auto
AUTO-009836,36768.14,7534.62,0,Balochistan,auto
AUTO-009837,39509.25,26774.47,0,Punjab,auto
AUTO-009838,13367.61,12489.74,0,KPK,auto
AUTO-009839,11953.96,1233.7,0,GB,auto
AUTO-009840,12664.59,20786.44,0,AJK,auto
AUTO-009841,42926.86,16817.6,1,Balochistan,auto
AUTO-009842,16754.2,17345.11,0,GB,auto
AUTO-009843,11781.93,1756.74,0,KPK,auto
AUTO-009844,17756.41,4767.65,0,AJK,auto
AUTO-009845,19549.35,5059.57,0,AJK,auto
AUTO-009846,25190.11,4134.42,0,GB,auto
AUTO-009847,24971.13,32647.97,0,KPK,auto
AUTO-009848,14558.2,8027.16,1,KPK,auto
AUTO-009849,31033.68,7869.51,0,Balochistan,auto
AUTO-009850,16000.95,12601.95,0,Punjab,auto
AUTO-009851,20370.88,12777.5,0,AJK,auto
AUTO-009852,31051.02,562.33,0,Punjab,auto
AUTO-009853,15979.94,4831.51,0,Punjab,auto
AUTO-009854,16569.59,2616.96,0,AJK,auto
AUTO-009855,29609.01,11161.71,0,KPK,auto
AUTO-009856,14344.67,6431.0,0,AJK,auto
AUTO-009857,18171.4,8203.45,0,GB,auto
AUTO-009858,29081.89,1536.38,0,Punjab,auto
AUTO-009859,61515.61,6324.07,0,Balochistan,auto
AUTO-009860,29813.07,19773.62,0,AJK,auto
AUTO-009861,27898.27,25023.22,0,Balochistan,auto
AUTO-009862,28721.49,14401.54,0,KPK,auto
AUTO-009863,12879.66,2783.95,0,KPK,auto
AUTO-009864,23337.07,22192.76,0,GB,auto
AUTO-009865,21701.07,14460.87,0,Balochistan,auto
AUTO-009866,25868.78,7377.93,0,Balochistan,auto
AUTO-009867,23347.71,1603.54,0,AJK,auto
AUTO-009868,26631.5,17376.53,0,KPK,auto
AUTO-009869,18849.97,5045.58,0,Balochistan,auto
AUTO-009870,22681.49,10688.6,0,Sindh,auto
AUTO-009871,11921.34,8558.8,0,AJK,auto
AUTO-009872,18770.59,27742.37,0,AJK,auto
AUTO-009873,44153.03,7329.82,0,Sindh,auto
AUTO-009874,25832.9,8005.7,0,KPK,auto
AUTO-009875,21797.26,28649.53,0,Balochistan,auto
AUTO-009876,56843.75,4785.87,0,Balochistan,auto
AUTO-009877,11154.32,15544.44,0,KPK,auto
AUTO-009878,12648.23,6912.64,0,Sindh,auto
AUTO-009879,51862.73,3633.55,0,Sindh,auto
AUTO-009880,22538.51,8110.61,0,Sindh,auto
AUTO-009881,19510.51,14092.02,0,AJK,auto
AUTO-009882,12093.19,23931.91,0,Balochistan,auto
AUTO-009883,27552.49,26364.01,0,Punjab,auto
AUTO-009884,28918.3,6400.87,0,AJK,auto
AUTO-009885,12743.2,3678.28,0,AJK,auto
AUTO-009886,20534.51,6279.27,1,Balochistan,auto
AUTO-009887,18624.67,3148.8,0,KPK,auto
AUTO-009888,25033.96,6809.62,0,GB,auto
AUTO-009889,12586.43,6165.15,0,Balochistan,auto
AUTO-009890,41190.94,14501.28,0,KPK,auto
AUTO-009891,34818.77,1387.49,0,Balochistan,auto
AUTO-009892,18368.86,4505.77,1,AJK,auto
AUTO-009893,19767.42,4535.02,0,GB,auto
AUTO-009894,20574.11,20945.98,0,Sindh,auto
AUTO-009895,14925.79,3324.0,0,AJK,auto
AUTO-009896,17646.37,9714.02,0,AJK,auto
AUTO-009897,19242.27,7313.65,0,Punjab,auto
AUTO-009898,49337.23,18665.53,0,AJK,auto
AUTO-009899,35359.03,13051.59,0,AJK,auto
AUTO-009900,35148.15,8928.42,0,AJK,auto
AUTO-009901,26501.66,5199.23,0,GB,auto
AUTO-009902,12598.54,1841.11,0,Punjab,auto
AUTO-009903,21574.22,9874.08,0,KPK,auto
AUTO-009904,35783.57,12386.86,0,GB,auto
AUTO-009905,11741.3,2298.72,0,GB,auto
AUTO-009906,30281.03,3020.1,0,Punjab,auto
AUTO-009907,70354.68,9915.59,0,Sindh,auto
AUTO-009908,37455.48,10628.7,0,KPK,auto
AUTO-009909,44668.09,3668.29,1,GB,auto
AUTO-009910,24567.25,5119.17,0,GB,auto
AUTO-009911,35737.86,1864.61,0,Punjab,auto
AUTO-009912,15383.85,24387.14,0,Sindh,auto
AUTO-009913,32791.74,2864.36,0,Sindh,auto
AUTO-009914,30552.26,12504.05,0,Balochistan,auto
AUTO-009915,25462.34,7879.59,0,Balochistan,auto
AUTO-009916,42531.65,22735.32,0,GB,auto
AUTO-009917,16824.77,4299.25,0,GB,auto
AUTO-009918,20059.76,8510.04,0,AJK,auto
AUTO-009919,23103.31,2082.36,0,KPK,auto
AUTO-009920,13163.39,1718.45,0,Punjab,auto
AUTO-009921,24673.03,13056.83,0,AJK,auto
AUTO-009922,9325.75,1942.98,0,KPK,auto
AUTO-009923,37178.18,6750.87,0,GB,auto
AUTO-009924,22546.13,18197.44,0,Balochistan,auto
AUTO-009925,16975.96,14725.68,0,Punjab,auto
AUTO-009926,14513.19,4761.56,0,Sindh,auto
AUTO-009927,19588.75,2273.78,0,Sindh,auto
AUTO-009928,31074.1,12180.55,0,AJK,auto
AUTO-009929,28965.75,23713.63,0,AJK,auto
AUTO-009930,15478.87,4770.51,0,Punjab,auto
AUTO-009931,14428.78,4261.39,0,Sindh,auto
AUTO-009932,30590.64,5324.52,1,AJK,auto
AUTO-009933,15349.32,12801.11,0,Sindh,auto
AUTO-009934,22696.25,21651.16,0,Balochistan,auto
AUTO-009935,23432.46,3005.85,0,AJK,auto
AUTO-009936,25745.91,2443.96,0,GB,auto
AUTO-009937,33831.08,52680.31,0,KPK,auto
AUTO-009938,11713.75,7031.4,0,AJK,auto
AUTO-009939,8471.14,9920.06,0,Balochistan,auto
AUTO-009940,16585.37,4658.53,0,Punjab,auto
AUTO-009941,54217.78,11991.7,0,Sindh,auto
AUTO-009942,60541.66,17466.65,0,GB,auto
AUTO-009943,55027.51,10299.36,0,Punjab,auto
AUTO-009944,20000.44,32620.18,0,AJK,auto
AUTO-009945,9035.73,6239.18,0,KPK,auto
AUTO-009946,6825.91,6566.22,0,Punjab,auto
AUTO-009947,16203.47,9751.0,0,KPK,auto
AUTO-009948,19949.58,11754.24,0,AJK,auto
AUTO-009949,42205.79,9724.05,1,KPK,auto
AUTO-009950,33992.76,2900.01,0,KPK,auto
AUTO-009951,24678.87,10404.69,0,Balochistan,auto
AUTO-009952,14116.19,6006.88,0,Punjab,auto
AUTO-009953,13624.3,5090.94,0,AJK,auto
AUTO-009954,25010.82,8316.41,0,Balochistan,auto
AUTO-009955,31210.99,3754.77,0,KPK,auto
AUTO-009956,26794.2,3267.19,0,Balochistan,auto
AUTO-009957,13130.6,999.87,0,Balochistan,auto
AUTO-009958,30495.48,32787.08,0,KPK,auto
AUTO-009959,27254.0,12639.54,0,AJK,auto
AUTO-009960,12895.93,7380.44,0,Sindh,auto
AUTO-009961,14880.99,4751.53,0,Balochistan,auto
AUTO-009962,31077.77,811.74,0,Punjab,auto
AUTO-009963,19589.45,4524.11,0,KPK,auto
AUTO-009964,48755.52,14367.06,0,Sindh,auto
AUTO-009965,28298.52,17218.5,0,Balochistan,auto
AUTO-009966,17269.28,13545.82,0,KPK,auto
AUTO-009967,21914.36,9197.74,1,KPK,auto
AUTO-009968,22735.7,22996.55,0,Balochistan,auto
AUTO-009969,15303.01,6230.24,0,GB,auto
AUTO-009970,13956.57,19305.61,0,GB,auto
AUTO-009971,31278.77,5957.07,0,Punjab,auto
AUTO-009972,33611.94,4004.15,0,KPK,auto
AUTO-009973,29788.89,3624.35,0,KPK,auto
AUTO-009974,46988.54,3457.85,0,Balochistan,auto
AUTO-009975,16799.65,13728.85,0,Sindh,auto
AUTO-009976,50875.43,4472.95,0,KPK,auto
AUTO-009977,14038.23,3546.01,0,KPK,auto
AUTO-009978,13275.26,14342.58,0,Balochistan,auto
AUTO-009979,9136.39,10534.14,0,GB,auto
AUTO-009980,17625.51,17502.06,0,KPK,auto
AUTO-009981,17122.33,12210.84,0,Balochistan,auto
AUTO-009982,28651.72,4436.01,0,Punjab,auto
AUTO-009983,24883.13,8611.74,0,Balochistan,auto
AUTO-009984,12130.93,8956.25,0,GB,auto
AUTO-009985,18099.45,3884.2,0,Sindh,auto
AUTO-009986,18292.91,3348.61,0,KPK,auto
AUTO-009987,9063.48,4700.49,0,Punjab,auto
AUTO-009988,13487.61,41326.78,0,KPK,auto
AUTO-009989,14981.83,5824.36,0,KPK,auto
AUTO-009990,45107.89,21726.62,0,GB,auto
AUTO-009991,24239.17,5569.56,0,Balochistan,auto
AUTO-009992,30671.35,16499.26,0,KPK,auto
AUTO-009993,10411.67,16680.46,0,GB,auto
AUTO-009994,40018.9,17362.58,0,Punjab,auto
AUTO-009995,42215.85,11050.84,0,GB,auto
AUTO-009996,8109.79,24389.14,0,GB,auto
AUTO-009997,15480.58,10967.41,0,GB,auto
AUTO-009998,28222.73,31914.76,0,AJK,auto
AUTO-009999,30399.89,2217.34,0,GB,auto
